id,forecast_version,forecast_month,item_id,site_code,customer_id,quantity,unit_price,status
3001,2026-06-SOP,2026-07,ACT-0001,100,CUST-0001,8.32,3393.07,Approved
3002,2026-06-SOP,2026-07,ACT-0002,200,,15.6,577.45,Approved
3003,2026-06-SOP,2026-07,ACT-0003,100,,22.88,2938.68,Approved
3004,2026-06-SOP,2026-07,ACT-0004,200,,30.16,302.85,Approved
3005,2026-06-SOP,2026-07,ACT-0005,100,CUST-0053,37.44,1195.71,Approved
3006,2026-06-SOP,2026-07,ACT-0006,200,,44.72,802.09,Approved
3007,2026-06-SOP,2026-07,ACT-0007,100,,52.0,4323.02,Approved
3008,2026-06-SOP,2026-07,ACT-0008,200,,59.28,325.41,Approved
3009,2026-06-SOP,2026-07,ACT-0009,100,CUST-0105,66.56,527.67,Approved
3010,2026-06-SOP,2026-07,ACT-0010,200,,73.84,3284.37,Approved
3011,2026-06-SOP,2026-07,ACT-0011,100,,8.32,621.76,Approved
3012,2026-06-SOP,2026-07,ACT-0012,200,,15.6,470.39,Approved
3013,2026-06-SOP,2026-07,ACT-0013,100,CUST-0157,22.88,571.98,Approved
3014,2026-06-SOP,2026-07,ACT-0014,200,,30.16,850.75,Approved
3015,2026-06-SOP,2026-07,ACT-0015,100,,37.44,1535.5,Approved
3016,2026-06-SOP,2026-07,ACT-0016,200,,44.72,314.86,Approved
3017,2026-06-SOP,2026-07,ACT-0017,100,CUST-0209,52.0,930.22,Approved
3018,2026-06-SOP,2026-07,ACT-0018,200,,59.28,1572.91,Approved
3019,2026-06-SOP,2026-07,ACT-0019,100,,66.56,1892.53,Approved
3020,2026-06-SOP,2026-07,ACT-0020,200,,73.84,963.38,Approved
3021,2026-06-SOP,2026-07,ACT-0021,100,CUST-0021,8.32,1450.19,Approved
3022,2026-06-SOP,2026-07,ACT-0022,200,,15.6,1414.86,Approved
3023,2026-06-SOP,2026-07,ACT-0023,100,,22.88,3351.06,Approved
3024,2026-06-SOP,2026-07,ACT-0024,200,,30.16,2938.87,Approved
3025,2026-06-SOP,2026-07,ACT-0025,100,CUST-0073,37.44,4173.42,Approved
3026,2026-06-SOP,2026-07,ACT-0026,200,,44.72,2506.29,Approved
3027,2026-06-SOP,2026-07,ACT-0027,100,,52.0,4273.51,Approved
3028,2026-06-SOP,2026-07,ACT-0028,200,,59.28,333.73,Approved
3029,2026-06-SOP,2026-07,ACT-0029,100,CUST-0125,66.56,1318.94,Approved
3030,2026-06-SOP,2026-07,ACT-0030,200,,73.84,643.14,Approved
3031,2026-06-SOP,2026-07,ACT-0031,100,,8.32,3710.38,Approved
3032,2026-06-SOP,2026-07,ACT-0032,200,,15.6,347.28,Approved
3033,2026-06-SOP,2026-07,ACT-0033,100,CUST-0177,22.88,2003.29,Approved
3034,2026-06-SOP,2026-07,ACT-0034,200,,30.16,521.08,Approved
3035,2026-06-SOP,2026-07,ACT-0035,100,,37.44,3068.53,Approved
3036,2026-06-SOP,2026-07,ACT-0036,200,,44.72,296.0,Approved
3037,2026-06-SOP,2026-07,ACT-0037,100,CUST-0229,52.0,5494.71,Approved
3038,2026-06-SOP,2026-07,ACT-0038,200,,59.28,622.01,Approved
3039,2026-06-SOP,2026-07,ACT-0039,100,,66.56,1134.13,Approved
3040,2026-06-SOP,2026-07,ACT-0040,200,,73.84,302.76,Approved
3041,2026-06-SOP,2026-07,ACT-0041,100,CUST-0041,8.32,682.35,Approved
3042,2026-06-SOP,2026-07,ACT-0042,200,,15.6,1005.42,Approved
3043,2026-06-SOP,2026-07,ACT-0043,100,,22.88,713.94,Approved
3044,2026-06-SOP,2026-07,ACT-0044,200,,30.16,277.0,Approved
3045,2026-06-SOP,2026-07,ACT-0045,100,CUST-0093,37.44,458.79,Approved
3046,2026-06-SOP,2026-07,ACT-0046,200,,44.72,811.03,Approved
3047,2026-06-SOP,2026-07,ACT-0047,100,,52.0,1161.02,Approved
3048,2026-06-SOP,2026-07,ACT-0048,200,,59.28,589.86,Approved
3049,2026-06-SOP,2026-07,ACT-0049,100,CUST-0145,66.56,1297.33,Approved
3050,2026-06-SOP,2026-07,ACT-0050,200,,73.84,1523.79,Approved
3051,2026-06-SOP,2026-07,ACT-0051,100,,8.32,6594.64,Approved
3052,2026-06-SOP,2026-07,ACT-0052,200,,15.6,950.81,Approved
3053,2026-06-SOP,2026-07,ACT-0053,100,CUST-0197,22.88,683.13,Approved
3054,2026-06-SOP,2026-07,ACT-0054,200,,30.16,5794.82,Approved
3055,2026-06-SOP,2026-07,ACT-0055,100,,37.44,3284.38,Approved
3056,2026-06-SOP,2026-07,ACT-0056,200,,44.72,966.53,Approved
3057,2026-06-SOP,2026-07,ACT-0057,100,CUST-0009,52.0,3745.03,Approved
3058,2026-06-SOP,2026-07,ACT-0058,200,,59.28,522.61,Approved
3059,2026-06-SOP,2026-07,ACT-0059,100,,66.56,1265.87,Approved
3060,2026-06-SOP,2026-07,ACT-0060,200,,73.84,325.39,Approved
3061,2026-06-SOP,2026-07,AFT-0001,100,CUST-0061,8.32,2613.91,Approved
3062,2026-06-SOP,2026-07,AFT-0002,100,,15.6,2515.69,Approved
3063,2026-06-SOP,2026-07,AFT-0003,300,,22.88,7053.19,Approved
3064,2026-06-SOP,2026-07,AFT-0004,100,,30.16,3062.37,Approved
3065,2026-06-SOP,2026-07,AFT-0005,100,CUST-0113,37.44,3383.96,Approved
3066,2026-06-SOP,2026-07,AFT-0006,300,,44.72,8463.22,Approved
3067,2026-06-SOP,2026-07,AFT-0007,100,,52.0,441.75,Approved
3068,2026-06-SOP,2026-07,AFT-0008,100,,59.28,367.12,Approved
3069,2026-06-SOP,2026-07,AFT-0009,300,CUST-0165,66.56,958.09,Approved
3070,2026-06-SOP,2026-07,AFT-0010,100,,73.84,346.63,Approved
3071,2026-06-SOP,2026-07,AFT-0011,100,,8.32,656.8,Approved
3072,2026-06-SOP,2026-07,AFT-0012,300,,15.6,1455.78,Approved
3073,2026-06-SOP,2026-07,AFT-0013,100,CUST-0217,22.88,4333.25,Approved
3074,2026-06-SOP,2026-07,AFT-0014,100,,30.16,1397.01,Approved
3075,2026-06-SOP,2026-07,AFT-0015,300,,37.44,1703.35,Approved
3076,2026-06-SOP,2026-07,AFT-0016,100,,44.72,2602.48,Approved
3077,2026-06-SOP,2026-07,AFT-0017,100,CUST-0029,52.0,2665.45,Approved
3078,2026-06-SOP,2026-07,AFT-0018,300,,59.28,833.83,Approved
3079,2026-06-SOP,2026-07,AFT-0019,100,,66.56,1115.51,Approved
3080,2026-06-SOP,2026-07,AFT-0020,100,,73.84,1152.62,Approved
3081,2026-06-SOP,2026-07,AFT-0021,300,CUST-0081,8.32,589.88,Approved
3082,2026-06-SOP,2026-07,AFT-0022,100,,15.6,341.47,Approved
3083,2026-06-SOP,2026-07,AFT-0023,100,,22.88,420.28,Approved
3084,2026-06-SOP,2026-07,AFT-0024,300,,30.16,913.31,Approved
3085,2026-06-SOP,2026-07,AFT-0025,100,CUST-0133,37.44,679.8,Approved
3086,2026-06-SOP,2026-07,AFT-0026,100,,44.72,281.97,Approved
3087,2026-06-SOP,2026-07,AFT-0027,300,,52.0,482.44,Approved
3088,2026-06-SOP,2026-07,AFT-0028,100,,59.28,522.03,Approved
3089,2026-06-SOP,2026-07,AFT-0029,100,CUST-0185,66.56,664.14,Approved
3090,2026-06-SOP,2026-07,AFT-0030,300,,73.84,526.18,Approved
3091,2026-06-SOP,2026-07,AFT-0031,100,,8.32,484.64,Approved
3092,2026-06-SOP,2026-07,AFT-0032,100,,15.6,950.13,Approved
3093,2026-06-SOP,2026-07,AFT-0033,300,CUST-0237,22.88,1445.9,Approved
3094,2026-06-SOP,2026-07,AFT-0034,100,,30.16,736.99,Approved
3095,2026-06-SOP,2026-07,AFT-0035,100,,37.44,3421.66,Approved
3096,2026-06-SOP,2026-07,AFT-0036,300,,44.72,1440.35,Approved
3097,2026-06-SOP,2026-07,AFT-0037,100,CUST-0049,52.0,4734.4,Approved
3098,2026-06-SOP,2026-07,AFT-0038,100,,59.28,2124.33,Approved
3099,2026-06-SOP,2026-07,AFT-0039,300,,66.56,12219.16,Approved
3100,2026-06-SOP,2026-07,AFT-0040,100,,73.84,822.39,Approved
3101,2026-06-SOP,2026-07,AFT-0041,100,CUST-0101,8.32,1710.34,Approved
3102,2026-06-SOP,2026-07,AFT-0042,300,,15.6,446.63,Approved
3103,2026-06-SOP,2026-07,AFT-0043,100,,22.88,1063.23,Approved
3104,2026-06-SOP,2026-07,AFT-0044,100,,30.16,1541.8,Approved
3105,2026-06-SOP,2026-07,AFT-0045,300,CUST-0153,37.44,1990.34,Approved
3106,2026-06-SOP,2026-07,AFT-0046,100,,44.72,948.77,Approved
3107,2026-06-SOP,2026-07,AFT-0047,100,,52.0,2719.51,Approved
3108,2026-06-SOP,2026-07,AFT-0048,300,,59.28,3814.99,Approved
3109,2026-06-SOP,2026-07,AFT-0049,100,CUST-0205,66.56,1074.55,Approved
3110,2026-06-SOP,2026-07,AFT-0050,100,,73.84,3744.41,Approved
3111,2026-06-SOP,2026-07,AFT-0051,300,,8.32,2067.42,Approved
3112,2026-06-SOP,2026-07,AFT-0052,100,,15.6,493.16,Approved
3113,2026-06-SOP,2026-07,AFT-0053,100,CUST-0017,22.88,692.84,Approved
3114,2026-06-SOP,2026-07,AFT-0054,300,,30.16,403.93,Approved
3115,2026-06-SOP,2026-07,AFT-0055,100,,37.44,413.81,Approved
3116,2026-06-SOP,2026-07,AFT-0056,100,,44.72,576.28,Approved
3117,2026-06-SOP,2026-07,AFT-0057,300,CUST-0069,52.0,937.29,Approved
3118,2026-06-SOP,2026-07,AFT-0058,100,,59.28,382.45,Approved
3119,2026-06-SOP,2026-07,AFT-0059,100,,66.56,422.02,Approved
3120,2026-06-SOP,2026-07,AFT-0060,300,,73.84,545.47,Approved
3121,2026-06-SOP,2026-07,CTL-0001,300,CUST-0121,8.32,3154.04,Approved
3122,2026-06-SOP,2026-07,CTL-0002,300,,15.6,1616.96,Approved
3123,2026-06-SOP,2026-07,CTL-0003,300,,22.88,2642.0,Approved
3124,2026-06-SOP,2026-07,CTL-0004,300,,30.16,2103.44,Approved
3125,2026-06-SOP,2026-07,CTL-0005,300,CUST-0173,37.44,1638.4,Approved
3126,2026-06-SOP,2026-07,CTL-0006,300,,44.72,2513.14,Approved
3127,2026-06-SOP,2026-07,CTL-0007,300,,52.0,3152.81,Approved
3128,2026-06-SOP,2026-07,CTL-0008,300,,59.28,1030.14,Approved
3129,2026-06-SOP,2026-07,CTL-0009,300,CUST-0225,66.56,2155.31,Approved
3130,2026-06-SOP,2026-07,CTL-0010,300,,73.84,4241.04,Approved
3131,2026-06-SOP,2026-07,CTL-0011,300,,8.32,4313.52,Approved
3132,2026-06-SOP,2026-07,CTL-0012,300,,15.6,6896.43,Approved
3133,2026-06-SOP,2026-07,CTL-0013,300,CUST-0037,22.88,421.31,Approved
3134,2026-06-SOP,2026-07,CTL-0014,300,,30.16,537.61,Approved
3135,2026-06-SOP,2026-07,CTL-0015,300,,37.44,732.35,Approved
3136,2026-06-SOP,2026-07,CTL-0016,300,,44.72,401.54,Approved
3137,2026-06-SOP,2026-07,CTL-0017,300,CUST-0089,52.0,367.57,Approved
3138,2026-06-SOP,2026-07,CTL-0018,300,,59.28,1037.97,Approved
3139,2026-06-SOP,2026-07,CTL-0019,300,,66.56,1552.09,Approved
3140,2026-06-SOP,2026-07,CTL-0020,300,,73.84,1073.61,Approved
3141,2026-06-SOP,2026-07,CTL-0021,300,CUST-0141,8.32,1213.21,Approved
3142,2026-06-SOP,2026-07,CTL-0022,300,,15.6,3000.17,Approved
3143,2026-06-SOP,2026-07,CTL-0023,300,,22.88,1828.13,Approved
3144,2026-06-SOP,2026-07,CTL-0024,300,,30.16,1167.46,Approved
3145,2026-06-SOP,2026-07,CTL-0025,300,CUST-0193,37.44,1879.61,Approved
3146,2026-06-SOP,2026-07,CTL-0026,300,,44.72,1606.72,Approved
3147,2026-06-SOP,2026-07,CTL-0027,300,,52.0,1644.02,Approved
3148,2026-06-SOP,2026-07,CTL-0028,300,,59.28,3370.5,Approved
3149,2026-06-SOP,2026-07,CTL-0029,300,CUST-0005,66.56,1081.35,Approved
3150,2026-06-SOP,2026-07,CTL-0030,300,,73.84,4306.68,Approved
3151,2026-06-SOP,2026-07,CTL-0031,300,,8.32,2916.96,Approved
3152,2026-06-SOP,2026-07,CTL-0032,300,,15.6,2951.41,Approved
3153,2026-06-SOP,2026-07,CTL-0033,300,CUST-0057,22.88,5656.23,Approved
3154,2026-06-SOP,2026-07,CTL-0034,300,,30.16,3041.5,Approved
3155,2026-06-SOP,2026-07,CTL-0035,300,,37.44,4406.64,Approved
3156,2026-06-SOP,2026-07,CTL-0036,300,,44.72,5442.41,Approved
3157,2026-06-SOP,2026-07,CTL-0037,300,CUST-0109,52.0,6369.84,Approved
3158,2026-06-SOP,2026-07,CTL-0038,300,,59.28,2429.78,Approved
3159,2026-06-SOP,2026-07,CTL-0039,300,,66.56,2854.21,Approved
3160,2026-06-SOP,2026-07,CTL-0040,300,,73.84,5682.14,Approved
3161,2026-06-SOP,2026-07,DRV-0001,100,CUST-0161,8.32,1684.36,Approved
3162,2026-06-SOP,2026-07,DRV-0002,200,,15.6,3244.03,Approved
3163,2026-06-SOP,2026-07,DRV-0003,100,,22.88,2854.57,Approved
3164,2026-06-SOP,2026-07,DRV-0004,200,,30.16,1126.84,Approved
3165,2026-06-SOP,2026-07,DRV-0005,100,CUST-0213,37.44,1735.42,Approved
3166,2026-06-SOP,2026-07,DRV-0006,200,,44.72,2693.59,Approved
3167,2026-06-SOP,2026-07,DRV-0007,100,,52.0,2086.0,Approved
3168,2026-06-SOP,2026-07,DRV-0008,200,,59.28,406.36,Approved
3169,2026-06-SOP,2026-07,DRV-0009,100,CUST-0025,66.56,435.44,Approved
3170,2026-06-SOP,2026-07,DRV-0010,200,,73.84,528.14,Approved
3171,2026-06-SOP,2026-07,DRV-0011,100,,8.32,1210.87,Approved
3172,2026-06-SOP,2026-07,DRV-0012,200,,15.6,352.63,Approved
3173,2026-06-SOP,2026-07,DRV-0013,100,CUST-0077,22.88,809.45,Approved
3174,2026-06-SOP,2026-07,DRV-0014,200,,30.16,1502.83,Approved
3175,2026-06-SOP,2026-07,DRV-0015,100,,37.44,1927.7,Approved
3176,2026-06-SOP,2026-07,DRV-0016,200,,44.72,545.44,Approved
3177,2026-06-SOP,2026-07,DRV-0017,100,CUST-0129,52.0,1126.14,Approved
3178,2026-06-SOP,2026-07,DRV-0018,200,,59.28,2159.93,Approved
3179,2026-06-SOP,2026-07,DRV-0019,100,,66.56,2096.4,Approved
3180,2026-06-SOP,2026-07,DRV-0020,200,,73.84,1449.68,Approved
3181,2026-06-SOP,2026-07,DRV-0021,100,CUST-0181,8.32,1578.52,Approved
3182,2026-06-SOP,2026-07,DRV-0022,200,,15.6,6560.95,Approved
3183,2026-06-SOP,2026-07,DRV-0023,100,,22.88,2081.07,Approved
3184,2026-06-SOP,2026-07,DRV-0024,200,,30.16,2355.97,Approved
3185,2026-06-SOP,2026-07,DRV-0025,100,CUST-0233,37.44,3295.38,Approved
3186,2026-06-SOP,2026-07,DRV-0026,200,,44.72,953.4,Approved
3187,2026-06-SOP,2026-07,DRV-0027,100,,52.0,1770.83,Approved
3188,2026-06-SOP,2026-07,DRV-0028,200,,59.28,3628.75,Approved
3189,2026-06-SOP,2026-07,DRV-0029,100,CUST-0045,66.56,2526.8,Approved
3190,2026-06-SOP,2026-07,DRV-0030,200,,73.84,639.6,Approved
3191,2026-06-SOP,2026-07,DRV-0031,100,,8.32,2018.83,Approved
3192,2026-06-SOP,2026-07,DRV-0032,200,,15.6,357.16,Approved
3193,2026-06-SOP,2026-07,DRV-0033,100,CUST-0097,22.88,1678.97,Approved
3194,2026-06-SOP,2026-07,DRV-0034,200,,30.16,642.41,Approved
3195,2026-06-SOP,2026-07,DRV-0035,100,,37.44,1390.95,Approved
3196,2026-06-SOP,2026-07,DRV-0036,200,,44.72,2339.36,Approved
3197,2026-06-SOP,2026-07,DRV-0037,100,CUST-0149,52.0,6384.99,Approved
3198,2026-06-SOP,2026-07,DRV-0038,200,,59.28,788.88,Approved
3199,2026-06-SOP,2026-07,DRV-0039,100,,66.56,566.56,Approved
3200,2026-06-SOP,2026-07,DRV-0040,200,,73.84,326.81,Approved
3201,2026-06-SOP,2026-07,DRV-0041,100,CUST-0201,8.32,411.3,Approved
3202,2026-06-SOP,2026-07,DRV-0042,200,,15.6,630.06,Approved
3203,2026-06-SOP,2026-07,DRV-0043,100,,22.88,908.86,Approved
3204,2026-06-SOP,2026-07,DRV-0044,200,,30.16,312.91,Approved
3205,2026-06-SOP,2026-07,DRV-0045,100,CUST-0013,37.44,549.0,Approved
3206,2026-06-SOP,2026-07,DRV-0046,200,,44.72,1290.18,Approved
3207,2026-06-SOP,2026-07,DRV-0047,100,,52.0,5574.81,Approved
3208,2026-06-SOP,2026-07,DRV-0048,200,,59.28,1387.94,Approved
3209,2026-06-SOP,2026-07,DRV-0049,100,CUST-0065,66.56,1845.83,Approved
3210,2026-06-SOP,2026-07,DRV-0050,200,,73.84,4902.03,Approved
3211,2026-06-SOP,2026-07,DRV-0051,100,,8.32,4518.53,Approved
3212,2026-06-SOP,2026-07,DRV-0052,200,,15.6,1881.35,Approved
3213,2026-06-SOP,2026-07,DRV-0053,100,CUST-0117,22.88,3670.49,Approved
3214,2026-06-SOP,2026-07,DRV-0054,200,,30.16,3565.79,Approved
3215,2026-06-SOP,2026-07,DRV-0055,100,,37.44,8182.45,Approved
3216,2026-06-SOP,2026-07,DRV-0056,200,,44.72,4604.88,Approved
3217,2026-06-SOP,2026-07,DRV-0057,100,CUST-0169,52.0,6047.16,Approved
3218,2026-06-SOP,2026-07,DRV-0058,200,,59.28,2895.26,Approved
3219,2026-06-SOP,2026-07,DRV-0059,100,,66.56,5922.14,Approved
3220,2026-06-SOP,2026-07,DRV-0060,200,,73.84,549.66,Approved
3221,2026-06-SOP,2026-07,SYS-0001,100,CUST-0221,8.32,722.81,Approved
3222,2026-06-SOP,2026-07,SYS-0002,300,,15.6,1854.09,Approved
3223,2026-06-SOP,2026-07,SYS-0003,100,,22.88,1215.35,Approved
3224,2026-06-SOP,2026-07,SYS-0004,300,,30.16,424.8,Approved
3225,2026-06-SOP,2026-07,SYS-0005,100,CUST-0033,37.44,421.74,Approved
3226,2026-06-SOP,2026-07,SYS-0006,300,,44.72,632.78,Approved
3227,2026-06-SOP,2026-07,SYS-0007,100,,52.0,1323.63,Approved
3228,2026-06-SOP,2026-07,SYS-0008,300,,59.28,325.39,Approved
3229,2026-06-SOP,2026-07,SYS-0009,100,CUST-0085,66.56,833.44,Approved
3230,2026-06-SOP,2026-07,SYS-0010,300,,73.84,1565.46,Approved
3231,2026-06-SOP,2026-07,SYS-0011,100,,8.32,1594.53,Approved
3232,2026-06-SOP,2026-07,SYS-0012,300,,15.6,777.71,Approved
3233,2026-06-SOP,2026-07,SYS-0013,100,CUST-0137,22.88,1263.45,Approved
3234,2026-06-SOP,2026-07,SYS-0014,300,,30.16,1245.69,Approved
3235,2026-06-SOP,2026-07,SYS-0015,100,,37.44,8212.78,Approved
3236,2026-06-SOP,2026-07,SYS-0016,300,,44.72,3063.95,Approved
3237,2026-06-SOP,2026-07,SYS-0017,100,CUST-0189,52.0,4415.6,Approved
3238,2026-06-SOP,2026-07,SYS-0018,300,,59.28,986.55,Approved
3239,2026-06-SOP,2026-07,SYS-0019,100,,66.56,2568.76,Approved
3240,2026-06-SOP,2026-07,SYS-0020,300,,73.84,5725.59,Approved
3241,2026-06-SOP,2026-07,SYS-0021,100,CUST-0001,8.32,2846.94,Approved
3242,2026-06-SOP,2026-07,SYS-0022,300,,15.6,7410.76,Approved
3243,2026-06-SOP,2026-07,SYS-0023,100,,22.88,3536.2,Approved
3244,2026-06-SOP,2026-07,SYS-0024,300,,30.16,8836.05,Approved
3245,2026-06-SOP,2026-07,SYS-0025,100,CUST-0053,37.44,818.44,Approved
3246,2026-06-SOP,2026-07,SYS-0026,300,,44.72,2002.44,Approved
3247,2026-06-SOP,2026-07,SYS-0027,100,,52.0,1450.07,Approved
3248,2026-06-SOP,2026-07,SYS-0028,300,,59.28,3107.59,Approved
3249,2026-06-SOP,2026-07,SYS-0029,100,CUST-0105,66.56,1731.96,Approved
3250,2026-06-SOP,2026-07,SYS-0030,300,,73.84,5013.39,Approved
3251,2026-06-SOP,2026-08,ACT-0001,100,CUST-0002,19.76,3393.07,Approved
3252,2026-06-SOP,2026-08,ACT-0002,200,,27.04,577.45,Approved
3253,2026-06-SOP,2026-08,ACT-0003,100,,34.32,2938.68,Approved
3254,2026-06-SOP,2026-08,ACT-0004,200,,41.6,302.85,Approved
3255,2026-06-SOP,2026-08,ACT-0005,100,CUST-0054,48.88,1195.71,Approved
3256,2026-06-SOP,2026-08,ACT-0006,200,,56.16,802.09,Approved
3257,2026-06-SOP,2026-08,ACT-0007,100,,63.44,4323.02,Approved
3258,2026-06-SOP,2026-08,ACT-0008,200,,70.72,325.41,Approved
3259,2026-06-SOP,2026-08,ACT-0009,100,CUST-0106,78.0,527.67,Approved
3260,2026-06-SOP,2026-08,ACT-0010,200,,12.48,3284.37,Approved
3261,2026-06-SOP,2026-08,ACT-0011,100,,19.76,621.76,Approved
3262,2026-06-SOP,2026-08,ACT-0012,200,,27.04,470.39,Approved
3263,2026-06-SOP,2026-08,ACT-0013,100,CUST-0158,34.32,571.98,Approved
3264,2026-06-SOP,2026-08,ACT-0014,200,,41.6,850.75,Approved
3265,2026-06-SOP,2026-08,ACT-0015,100,,48.88,1535.5,Approved
3266,2026-06-SOP,2026-08,ACT-0016,200,,56.16,314.86,Approved
3267,2026-06-SOP,2026-08,ACT-0017,100,CUST-0210,63.44,930.22,Approved
3268,2026-06-SOP,2026-08,ACT-0018,200,,70.72,1572.91,Approved
3269,2026-06-SOP,2026-08,ACT-0019,100,,78.0,1892.53,Approved
3270,2026-06-SOP,2026-08,ACT-0020,200,,12.48,963.38,Approved
3271,2026-06-SOP,2026-08,ACT-0021,100,CUST-0022,19.76,1450.19,Approved
3272,2026-06-SOP,2026-08,ACT-0022,200,,27.04,1414.86,Approved
3273,2026-06-SOP,2026-08,ACT-0023,100,,34.32,3351.06,Approved
3274,2026-06-SOP,2026-08,ACT-0024,200,,41.6,2938.87,Approved
3275,2026-06-SOP,2026-08,ACT-0025,100,CUST-0074,48.88,4173.42,Approved
3276,2026-06-SOP,2026-08,ACT-0026,200,,56.16,2506.29,Approved
3277,2026-06-SOP,2026-08,ACT-0027,100,,63.44,4273.51,Approved
3278,2026-06-SOP,2026-08,ACT-0028,200,,70.72,333.73,Approved
3279,2026-06-SOP,2026-08,ACT-0029,100,CUST-0126,78.0,1318.94,Approved
3280,2026-06-SOP,2026-08,ACT-0030,200,,12.48,643.14,Approved
3281,2026-06-SOP,2026-08,ACT-0031,100,,19.76,3710.38,Approved
3282,2026-06-SOP,2026-08,ACT-0032,200,,27.04,347.28,Approved
3283,2026-06-SOP,2026-08,ACT-0033,100,CUST-0178,34.32,2003.29,Approved
3284,2026-06-SOP,2026-08,ACT-0034,200,,41.6,521.08,Approved
3285,2026-06-SOP,2026-08,ACT-0035,100,,48.88,3068.53,Approved
3286,2026-06-SOP,2026-08,ACT-0036,200,,56.16,296.0,Approved
3287,2026-06-SOP,2026-08,ACT-0037,100,CUST-0230,63.44,5494.71,Approved
3288,2026-06-SOP,2026-08,ACT-0038,200,,70.72,622.01,Approved
3289,2026-06-SOP,2026-08,ACT-0039,100,,78.0,1134.13,Approved
3290,2026-06-SOP,2026-08,ACT-0040,200,,12.48,302.76,Approved
3291,2026-06-SOP,2026-08,ACT-0041,100,CUST-0042,19.76,682.35,Approved
3292,2026-06-SOP,2026-08,ACT-0042,200,,27.04,1005.42,Approved
3293,2026-06-SOP,2026-08,ACT-0043,100,,34.32,713.94,Approved
3294,2026-06-SOP,2026-08,ACT-0044,200,,41.6,277.0,Approved
3295,2026-06-SOP,2026-08,ACT-0045,100,CUST-0094,48.88,458.79,Approved
3296,2026-06-SOP,2026-08,ACT-0046,200,,56.16,811.03,Approved
3297,2026-06-SOP,2026-08,ACT-0047,100,,63.44,1161.02,Approved
3298,2026-06-SOP,2026-08,ACT-0048,200,,70.72,589.86,Approved
3299,2026-06-SOP,2026-08,ACT-0049,100,CUST-0146,78.0,1297.33,Approved
3300,2026-06-SOP,2026-08,ACT-0050,200,,12.48,1523.79,Approved
3301,2026-06-SOP,2026-08,ACT-0051,100,,19.76,6594.64,Approved
3302,2026-06-SOP,2026-08,ACT-0052,200,,27.04,950.81,Approved
3303,2026-06-SOP,2026-08,ACT-0053,100,CUST-0198,34.32,683.13,Approved
3304,2026-06-SOP,2026-08,ACT-0054,200,,41.6,5794.82,Approved
3305,2026-06-SOP,2026-08,ACT-0055,100,,48.88,3284.38,Approved
3306,2026-06-SOP,2026-08,ACT-0056,200,,56.16,966.53,Approved
3307,2026-06-SOP,2026-08,ACT-0057,100,CUST-0010,63.44,3745.03,Approved
3308,2026-06-SOP,2026-08,ACT-0058,200,,70.72,522.61,Approved
3309,2026-06-SOP,2026-08,ACT-0059,100,,78.0,1265.87,Approved
3310,2026-06-SOP,2026-08,ACT-0060,200,,12.48,325.39,Approved
3311,2026-06-SOP,2026-08,AFT-0001,100,CUST-0062,19.76,2613.91,Approved
3312,2026-06-SOP,2026-08,AFT-0002,100,,27.04,2515.69,Approved
3313,2026-06-SOP,2026-08,AFT-0003,300,,34.32,7053.19,Approved
3314,2026-06-SOP,2026-08,AFT-0004,100,,41.6,3062.37,Approved
3315,2026-06-SOP,2026-08,AFT-0005,100,CUST-0114,48.88,3383.96,Approved
3316,2026-06-SOP,2026-08,AFT-0006,300,,56.16,8463.22,Approved
3317,2026-06-SOP,2026-08,AFT-0007,100,,63.44,441.75,Approved
3318,2026-06-SOP,2026-08,AFT-0008,100,,70.72,367.12,Approved
3319,2026-06-SOP,2026-08,AFT-0009,300,CUST-0166,78.0,958.09,Approved
3320,2026-06-SOP,2026-08,AFT-0010,100,,12.48,346.63,Approved
3321,2026-06-SOP,2026-08,AFT-0011,100,,19.76,656.8,Approved
3322,2026-06-SOP,2026-08,AFT-0012,300,,27.04,1455.78,Approved
3323,2026-06-SOP,2026-08,AFT-0013,100,CUST-0218,34.32,4333.25,Approved
3324,2026-06-SOP,2026-08,AFT-0014,100,,41.6,1397.01,Approved
3325,2026-06-SOP,2026-08,AFT-0015,300,,48.88,1703.35,Approved
3326,2026-06-SOP,2026-08,AFT-0016,100,,56.16,2602.48,Approved
3327,2026-06-SOP,2026-08,AFT-0017,100,CUST-0030,63.44,2665.45,Approved
3328,2026-06-SOP,2026-08,AFT-0018,300,,70.72,833.83,Approved
3329,2026-06-SOP,2026-08,AFT-0019,100,,78.0,1115.51,Approved
3330,2026-06-SOP,2026-08,AFT-0020,100,,12.48,1152.62,Approved
3331,2026-06-SOP,2026-08,AFT-0021,300,CUST-0082,19.76,589.88,Approved
3332,2026-06-SOP,2026-08,AFT-0022,100,,27.04,341.47,Approved
3333,2026-06-SOP,2026-08,AFT-0023,100,,34.32,420.28,Approved
3334,2026-06-SOP,2026-08,AFT-0024,300,,41.6,913.31,Approved
3335,2026-06-SOP,2026-08,AFT-0025,100,CUST-0134,48.88,679.8,Approved
3336,2026-06-SOP,2026-08,AFT-0026,100,,56.16,281.97,Approved
3337,2026-06-SOP,2026-08,AFT-0027,300,,63.44,482.44,Approved
3338,2026-06-SOP,2026-08,AFT-0028,100,,70.72,522.03,Approved
3339,2026-06-SOP,2026-08,AFT-0029,100,CUST-0186,78.0,664.14,Approved
3340,2026-06-SOP,2026-08,AFT-0030,300,,12.48,526.18,Approved
3341,2026-06-SOP,2026-08,AFT-0031,100,,19.76,484.64,Approved
3342,2026-06-SOP,2026-08,AFT-0032,100,,27.04,950.13,Approved
3343,2026-06-SOP,2026-08,AFT-0033,300,CUST-0238,34.32,1445.9,Approved
3344,2026-06-SOP,2026-08,AFT-0034,100,,41.6,736.99,Approved
3345,2026-06-SOP,2026-08,AFT-0035,100,,48.88,3421.66,Approved
3346,2026-06-SOP,2026-08,AFT-0036,300,,56.16,1440.35,Approved
3347,2026-06-SOP,2026-08,AFT-0037,100,CUST-0050,63.44,4734.4,Approved
3348,2026-06-SOP,2026-08,AFT-0038,100,,70.72,2124.33,Approved
3349,2026-06-SOP,2026-08,AFT-0039,300,,78.0,12219.16,Approved
3350,2026-06-SOP,2026-08,AFT-0040,100,,12.48,822.39,Approved
3351,2026-06-SOP,2026-08,AFT-0041,100,CUST-0102,19.76,1710.34,Approved
3352,2026-06-SOP,2026-08,AFT-0042,300,,27.04,446.63,Approved
3353,2026-06-SOP,2026-08,AFT-0043,100,,34.32,1063.23,Approved
3354,2026-06-SOP,2026-08,AFT-0044,100,,41.6,1541.8,Approved
3355,2026-06-SOP,2026-08,AFT-0045,300,CUST-0154,48.88,1990.34,Approved
3356,2026-06-SOP,2026-08,AFT-0046,100,,56.16,948.77,Approved
3357,2026-06-SOP,2026-08,AFT-0047,100,,63.44,2719.51,Approved
3358,2026-06-SOP,2026-08,AFT-0048,300,,70.72,3814.99,Approved
3359,2026-06-SOP,2026-08,AFT-0049,100,CUST-0206,78.0,1074.55,Approved
3360,2026-06-SOP,2026-08,AFT-0050,100,,12.48,3744.41,Approved
3361,2026-06-SOP,2026-08,AFT-0051,300,,19.76,2067.42,Approved
3362,2026-06-SOP,2026-08,AFT-0052,100,,27.04,493.16,Approved
3363,2026-06-SOP,2026-08,AFT-0053,100,CUST-0018,34.32,692.84,Approved
3364,2026-06-SOP,2026-08,AFT-0054,300,,41.6,403.93,Approved
3365,2026-06-SOP,2026-08,AFT-0055,100,,48.88,413.81,Approved
3366,2026-06-SOP,2026-08,AFT-0056,100,,56.16,576.28,Approved
3367,2026-06-SOP,2026-08,AFT-0057,300,CUST-0070,63.44,937.29,Approved
3368,2026-06-SOP,2026-08,AFT-0058,100,,70.72,382.45,Approved
3369,2026-06-SOP,2026-08,AFT-0059,100,,78.0,422.02,Approved
3370,2026-06-SOP,2026-08,AFT-0060,300,,12.48,545.47,Approved
3371,2026-06-SOP,2026-08,CTL-0001,300,CUST-0122,19.76,3154.04,Approved
3372,2026-06-SOP,2026-08,CTL-0002,300,,27.04,1616.96,Approved
3373,2026-06-SOP,2026-08,CTL-0003,300,,34.32,2642.0,Approved
3374,2026-06-SOP,2026-08,CTL-0004,300,,41.6,2103.44,Approved
3375,2026-06-SOP,2026-08,CTL-0005,300,CUST-0174,48.88,1638.4,Approved
3376,2026-06-SOP,2026-08,CTL-0006,300,,56.16,2513.14,Approved
3377,2026-06-SOP,2026-08,CTL-0007,300,,63.44,3152.81,Approved
3378,2026-06-SOP,2026-08,CTL-0008,300,,70.72,1030.14,Approved
3379,2026-06-SOP,2026-08,CTL-0009,300,CUST-0226,78.0,2155.31,Approved
3380,2026-06-SOP,2026-08,CTL-0010,300,,12.48,4241.04,Approved
3381,2026-06-SOP,2026-08,CTL-0011,300,,19.76,4313.52,Approved
3382,2026-06-SOP,2026-08,CTL-0012,300,,27.04,6896.43,Approved
3383,2026-06-SOP,2026-08,CTL-0013,300,CUST-0038,34.32,421.31,Approved
3384,2026-06-SOP,2026-08,CTL-0014,300,,41.6,537.61,Approved
3385,2026-06-SOP,2026-08,CTL-0015,300,,48.88,732.35,Approved
3386,2026-06-SOP,2026-08,CTL-0016,300,,56.16,401.54,Approved
3387,2026-06-SOP,2026-08,CTL-0017,300,CUST-0090,63.44,367.57,Approved
3388,2026-06-SOP,2026-08,CTL-0018,300,,70.72,1037.97,Approved
3389,2026-06-SOP,2026-08,CTL-0019,300,,78.0,1552.09,Approved
3390,2026-06-SOP,2026-08,CTL-0020,300,,12.48,1073.61,Approved
3391,2026-06-SOP,2026-08,CTL-0021,300,CUST-0142,19.76,1213.21,Approved
3392,2026-06-SOP,2026-08,CTL-0022,300,,27.04,3000.17,Approved
3393,2026-06-SOP,2026-08,CTL-0023,300,,34.32,1828.13,Approved
3394,2026-06-SOP,2026-08,CTL-0024,300,,41.6,1167.46,Approved
3395,2026-06-SOP,2026-08,CTL-0025,300,CUST-0194,48.88,1879.61,Approved
3396,2026-06-SOP,2026-08,CTL-0026,300,,56.16,1606.72,Approved
3397,2026-06-SOP,2026-08,CTL-0027,300,,63.44,1644.02,Approved
3398,2026-06-SOP,2026-08,CTL-0028,300,,70.72,3370.5,Approved
3399,2026-06-SOP,2026-08,CTL-0029,300,CUST-0006,78.0,1081.35,Approved
3400,2026-06-SOP,2026-08,CTL-0030,300,,12.48,4306.68,Approved
3401,2026-06-SOP,2026-08,CTL-0031,300,,19.76,2916.96,Approved
3402,2026-06-SOP,2026-08,CTL-0032,300,,27.04,2951.41,Approved
3403,2026-06-SOP,2026-08,CTL-0033,300,CUST-0058,34.32,5656.23,Approved
3404,2026-06-SOP,2026-08,CTL-0034,300,,41.6,3041.5,Approved
3405,2026-06-SOP,2026-08,CTL-0035,300,,48.88,4406.64,Approved
3406,2026-06-SOP,2026-08,CTL-0036,300,,56.16,5442.41,Approved
3407,2026-06-SOP,2026-08,CTL-0037,300,CUST-0110,63.44,6369.84,Approved
3408,2026-06-SOP,2026-08,CTL-0038,300,,70.72,2429.78,Approved
3409,2026-06-SOP,2026-08,CTL-0039,300,,78.0,2854.21,Approved
3410,2026-06-SOP,2026-08,CTL-0040,300,,12.48,5682.14,Approved
3411,2026-06-SOP,2026-08,DRV-0001,100,CUST-0162,19.76,1684.36,Approved
3412,2026-06-SOP,2026-08,DRV-0002,200,,27.04,3244.03,Approved
3413,2026-06-SOP,2026-08,DRV-0003,100,,34.32,2854.57,Approved
3414,2026-06-SOP,2026-08,DRV-0004,200,,41.6,1126.84,Approved
3415,2026-06-SOP,2026-08,DRV-0005,100,CUST-0214,48.88,1735.42,Approved
3416,2026-06-SOP,2026-08,DRV-0006,200,,56.16,2693.59,Approved
3417,2026-06-SOP,2026-08,DRV-0007,100,,63.44,2086.0,Approved
3418,2026-06-SOP,2026-08,DRV-0008,200,,70.72,406.36,Approved
3419,2026-06-SOP,2026-08,DRV-0009,100,CUST-0026,78.0,435.44,Approved
3420,2026-06-SOP,2026-08,DRV-0010,200,,12.48,528.14,Approved
3421,2026-06-SOP,2026-08,DRV-0011,100,,19.76,1210.87,Approved
3422,2026-06-SOP,2026-08,DRV-0012,200,,27.04,352.63,Approved
3423,2026-06-SOP,2026-08,DRV-0013,100,CUST-0078,34.32,809.45,Approved
3424,2026-06-SOP,2026-08,DRV-0014,200,,41.6,1502.83,Approved
3425,2026-06-SOP,2026-08,DRV-0015,100,,48.88,1927.7,Approved
3426,2026-06-SOP,2026-08,DRV-0016,200,,56.16,545.44,Approved
3427,2026-06-SOP,2026-08,DRV-0017,100,CUST-0130,63.44,1126.14,Approved
3428,2026-06-SOP,2026-08,DRV-0018,200,,70.72,2159.93,Approved
3429,2026-06-SOP,2026-08,DRV-0019,100,,78.0,2096.4,Approved
3430,2026-06-SOP,2026-08,DRV-0020,200,,12.48,1449.68,Approved
3431,2026-06-SOP,2026-08,DRV-0021,100,CUST-0182,19.76,1578.52,Approved
3432,2026-06-SOP,2026-08,DRV-0022,200,,27.04,6560.95,Approved
3433,2026-06-SOP,2026-08,DRV-0023,100,,34.32,2081.07,Approved
3434,2026-06-SOP,2026-08,DRV-0024,200,,41.6,2355.97,Approved
3435,2026-06-SOP,2026-08,DRV-0025,100,CUST-0234,48.88,3295.38,Approved
3436,2026-06-SOP,2026-08,DRV-0026,200,,56.16,953.4,Approved
3437,2026-06-SOP,2026-08,DRV-0027,100,,63.44,1770.83,Approved
3438,2026-06-SOP,2026-08,DRV-0028,200,,70.72,3628.75,Approved
3439,2026-06-SOP,2026-08,DRV-0029,100,CUST-0046,78.0,2526.8,Approved
3440,2026-06-SOP,2026-08,DRV-0030,200,,12.48,639.6,Approved
3441,2026-06-SOP,2026-08,DRV-0031,100,,19.76,2018.83,Approved
3442,2026-06-SOP,2026-08,DRV-0032,200,,27.04,357.16,Approved
3443,2026-06-SOP,2026-08,DRV-0033,100,CUST-0098,34.32,1678.97,Approved
3444,2026-06-SOP,2026-08,DRV-0034,200,,41.6,642.41,Approved
3445,2026-06-SOP,2026-08,DRV-0035,100,,48.88,1390.95,Approved
3446,2026-06-SOP,2026-08,DRV-0036,200,,56.16,2339.36,Approved
3447,2026-06-SOP,2026-08,DRV-0037,100,CUST-0150,63.44,6384.99,Approved
3448,2026-06-SOP,2026-08,DRV-0038,200,,70.72,788.88,Approved
3449,2026-06-SOP,2026-08,DRV-0039,100,,78.0,566.56,Approved
3450,2026-06-SOP,2026-08,DRV-0040,200,,12.48,326.81,Approved
3451,2026-06-SOP,2026-08,DRV-0041,100,CUST-0202,19.76,411.3,Approved
3452,2026-06-SOP,2026-08,DRV-0042,200,,27.04,630.06,Approved
3453,2026-06-SOP,2026-08,DRV-0043,100,,34.32,908.86,Approved
3454,2026-06-SOP,2026-08,DRV-0044,200,,41.6,312.91,Approved
3455,2026-06-SOP,2026-08,DRV-0045,100,CUST-0014,48.88,549.0,Approved
3456,2026-06-SOP,2026-08,DRV-0046,200,,56.16,1290.18,Approved
3457,2026-06-SOP,2026-08,DRV-0047,100,,63.44,5574.81,Approved
3458,2026-06-SOP,2026-08,DRV-0048,200,,70.72,1387.94,Approved
3459,2026-06-SOP,2026-08,DRV-0049,100,CUST-0066,78.0,1845.83,Approved
3460,2026-06-SOP,2026-08,DRV-0050,200,,12.48,4902.03,Approved
3461,2026-06-SOP,2026-08,DRV-0051,100,,19.76,4518.53,Approved
3462,2026-06-SOP,2026-08,DRV-0052,200,,27.04,1881.35,Approved
3463,2026-06-SOP,2026-08,DRV-0053,100,CUST-0118,34.32,3670.49,Approved
3464,2026-06-SOP,2026-08,DRV-0054,200,,41.6,3565.79,Approved
3465,2026-06-SOP,2026-08,DRV-0055,100,,48.88,8182.45,Approved
3466,2026-06-SOP,2026-08,DRV-0056,200,,56.16,4604.88,Approved
3467,2026-06-SOP,2026-08,DRV-0057,100,CUST-0170,63.44,6047.16,Approved
3468,2026-06-SOP,2026-08,DRV-0058,200,,70.72,2895.26,Approved
3469,2026-06-SOP,2026-08,DRV-0059,100,,78.0,5922.14,Approved
3470,2026-06-SOP,2026-08,DRV-0060,200,,12.48,549.66,Approved
3471,2026-06-SOP,2026-08,SYS-0001,100,CUST-0222,19.76,722.81,Approved
3472,2026-06-SOP,2026-08,SYS-0002,300,,27.04,1854.09,Approved
3473,2026-06-SOP,2026-08,SYS-0003,100,,34.32,1215.35,Approved
3474,2026-06-SOP,2026-08,SYS-0004,300,,41.6,424.8,Approved
3475,2026-06-SOP,2026-08,SYS-0005,100,CUST-0034,48.88,421.74,Approved
3476,2026-06-SOP,2026-08,SYS-0006,300,,56.16,632.78,Approved
3477,2026-06-SOP,2026-08,SYS-0007,100,,63.44,1323.63,Approved
3478,2026-06-SOP,2026-08,SYS-0008,300,,70.72,325.39,Approved
3479,2026-06-SOP,2026-08,SYS-0009,100,CUST-0086,78.0,833.44,Approved
3480,2026-06-SOP,2026-08,SYS-0010,300,,12.48,1565.46,Approved
3481,2026-06-SOP,2026-08,SYS-0011,100,,19.76,1594.53,Approved
3482,2026-06-SOP,2026-08,SYS-0012,300,,27.04,777.71,Approved
3483,2026-06-SOP,2026-08,SYS-0013,100,CUST-0138,34.32,1263.45,Approved
3484,2026-06-SOP,2026-08,SYS-0014,300,,41.6,1245.69,Approved
3485,2026-06-SOP,2026-08,SYS-0015,100,,48.88,8212.78,Approved
3486,2026-06-SOP,2026-08,SYS-0016,300,,56.16,3063.95,Approved
3487,2026-06-SOP,2026-08,SYS-0017,100,CUST-0190,63.44,4415.6,Approved
3488,2026-06-SOP,2026-08,SYS-0018,300,,70.72,986.55,Approved
3489,2026-06-SOP,2026-08,SYS-0019,100,,78.0,2568.76,Approved
3490,2026-06-SOP,2026-08,SYS-0020,300,,12.48,5725.59,Approved
3491,2026-06-SOP,2026-08,SYS-0021,100,CUST-0002,19.76,2846.94,Approved
3492,2026-06-SOP,2026-08,SYS-0022,300,,27.04,7410.76,Approved
3493,2026-06-SOP,2026-08,SYS-0023,100,,34.32,3536.2,Approved
3494,2026-06-SOP,2026-08,SYS-0024,300,,41.6,8836.05,Approved
3495,2026-06-SOP,2026-08,SYS-0025,100,CUST-0054,48.88,818.44,Approved
3496,2026-06-SOP,2026-08,SYS-0026,300,,56.16,2002.44,Approved
3497,2026-06-SOP,2026-08,SYS-0027,100,,63.44,1450.07,Approved
3498,2026-06-SOP,2026-08,SYS-0028,300,,70.72,3107.59,Approved
3499,2026-06-SOP,2026-08,SYS-0029,100,CUST-0106,78.0,1731.96,Approved
3500,2026-06-SOP,2026-08,SYS-0030,300,,12.48,5013.39,Approved
3501,2026-06-SOP,2026-09,ACT-0001,100,CUST-0003,31.2,3393.07,Approved
3502,2026-06-SOP,2026-09,ACT-0002,200,,38.48,577.45,Approved
3503,2026-06-SOP,2026-09,ACT-0003,100,,45.76,2938.68,Approved
3504,2026-06-SOP,2026-09,ACT-0004,200,,53.04,302.85,Approved
3505,2026-06-SOP,2026-09,ACT-0005,100,CUST-0055,60.32,1195.71,Approved
3506,2026-06-SOP,2026-09,ACT-0006,200,,67.6,802.09,Approved
3507,2026-06-SOP,2026-09,ACT-0007,100,,74.88,4323.02,Approved
3508,2026-06-SOP,2026-09,ACT-0008,200,,9.36,325.41,Approved
3509,2026-06-SOP,2026-09,ACT-0009,100,CUST-0107,16.64,527.67,Approved
3510,2026-06-SOP,2026-09,ACT-0010,200,,23.92,3284.37,Approved
3511,2026-06-SOP,2026-09,ACT-0011,100,,31.2,621.76,Approved
3512,2026-06-SOP,2026-09,ACT-0012,200,,38.48,470.39,Approved
3513,2026-06-SOP,2026-09,ACT-0013,100,CUST-0159,45.76,571.98,Approved
3514,2026-06-SOP,2026-09,ACT-0014,200,,53.04,850.75,Approved
3515,2026-06-SOP,2026-09,ACT-0015,100,,60.32,1535.5,Approved
3516,2026-06-SOP,2026-09,ACT-0016,200,,67.6,314.86,Approved
3517,2026-06-SOP,2026-09,ACT-0017,100,CUST-0211,74.88,930.22,Approved
3518,2026-06-SOP,2026-09,ACT-0018,200,,9.36,1572.91,Approved
3519,2026-06-SOP,2026-09,ACT-0019,100,,16.64,1892.53,Approved
3520,2026-06-SOP,2026-09,ACT-0020,200,,23.92,963.38,Approved
3521,2026-06-SOP,2026-09,ACT-0021,100,CUST-0023,31.2,1450.19,Approved
3522,2026-06-SOP,2026-09,ACT-0022,200,,38.48,1414.86,Approved
3523,2026-06-SOP,2026-09,ACT-0023,100,,45.76,3351.06,Approved
3524,2026-06-SOP,2026-09,ACT-0024,200,,53.04,2938.87,Approved
3525,2026-06-SOP,2026-09,ACT-0025,100,CUST-0075,60.32,4173.42,Approved
3526,2026-06-SOP,2026-09,ACT-0026,200,,67.6,2506.29,Approved
3527,2026-06-SOP,2026-09,ACT-0027,100,,74.88,4273.51,Approved
3528,2026-06-SOP,2026-09,ACT-0028,200,,9.36,333.73,Approved
3529,2026-06-SOP,2026-09,ACT-0029,100,CUST-0127,16.64,1318.94,Approved
3530,2026-06-SOP,2026-09,ACT-0030,200,,23.92,643.14,Approved
3531,2026-06-SOP,2026-09,ACT-0031,100,,31.2,3710.38,Approved
3532,2026-06-SOP,2026-09,ACT-0032,200,,38.48,347.28,Approved
3533,2026-06-SOP,2026-09,ACT-0033,100,CUST-0179,45.76,2003.29,Approved
3534,2026-06-SOP,2026-09,ACT-0034,200,,53.04,521.08,Approved
3535,2026-06-SOP,2026-09,ACT-0035,100,,60.32,3068.53,Approved
3536,2026-06-SOP,2026-09,ACT-0036,200,,67.6,296.0,Approved
3537,2026-06-SOP,2026-09,ACT-0037,100,CUST-0231,74.88,5494.71,Approved
3538,2026-06-SOP,2026-09,ACT-0038,200,,9.36,622.01,Approved
3539,2026-06-SOP,2026-09,ACT-0039,100,,16.64,1134.13,Approved
3540,2026-06-SOP,2026-09,ACT-0040,200,,23.92,302.76,Approved
3541,2026-06-SOP,2026-09,ACT-0041,100,CUST-0043,31.2,682.35,Approved
3542,2026-06-SOP,2026-09,ACT-0042,200,,38.48,1005.42,Approved
3543,2026-06-SOP,2026-09,ACT-0043,100,,45.76,713.94,Approved
3544,2026-06-SOP,2026-09,ACT-0044,200,,53.04,277.0,Approved
3545,2026-06-SOP,2026-09,ACT-0045,100,CUST-0095,60.32,458.79,Approved
3546,2026-06-SOP,2026-09,ACT-0046,200,,67.6,811.03,Approved
3547,2026-06-SOP,2026-09,ACT-0047,100,,74.88,1161.02,Approved
3548,2026-06-SOP,2026-09,ACT-0048,200,,9.36,589.86,Approved
3549,2026-06-SOP,2026-09,ACT-0049,100,CUST-0147,16.64,1297.33,Approved
3550,2026-06-SOP,2026-09,ACT-0050,200,,23.92,1523.79,Approved
3551,2026-06-SOP,2026-09,ACT-0051,100,,31.2,6594.64,Approved
3552,2026-06-SOP,2026-09,ACT-0052,200,,38.48,950.81,Approved
3553,2026-06-SOP,2026-09,ACT-0053,100,CUST-0199,45.76,683.13,Approved
3554,2026-06-SOP,2026-09,ACT-0054,200,,53.04,5794.82,Approved
3555,2026-06-SOP,2026-09,ACT-0055,100,,60.32,3284.38,Approved
3556,2026-06-SOP,2026-09,ACT-0056,200,,67.6,966.53,Approved
3557,2026-06-SOP,2026-09,ACT-0057,100,CUST-0011,74.88,3745.03,Approved
3558,2026-06-SOP,2026-09,ACT-0058,200,,9.36,522.61,Approved
3559,2026-06-SOP,2026-09,ACT-0059,100,,16.64,1265.87,Approved
3560,2026-06-SOP,2026-09,ACT-0060,200,,23.92,325.39,Approved
3561,2026-06-SOP,2026-09,AFT-0001,100,CUST-0063,31.2,2613.91,Approved
3562,2026-06-SOP,2026-09,AFT-0002,100,,38.48,2515.69,Approved
3563,2026-06-SOP,2026-09,AFT-0003,300,,45.76,7053.19,Approved
3564,2026-06-SOP,2026-09,AFT-0004,100,,53.04,3062.37,Approved
3565,2026-06-SOP,2026-09,AFT-0005,100,CUST-0115,60.32,3383.96,Approved
3566,2026-06-SOP,2026-09,AFT-0006,300,,67.6,8463.22,Approved
3567,2026-06-SOP,2026-09,AFT-0007,100,,74.88,441.75,Approved
3568,2026-06-SOP,2026-09,AFT-0008,100,,9.36,367.12,Approved
3569,2026-06-SOP,2026-09,AFT-0009,300,CUST-0167,16.64,958.09,Approved
3570,2026-06-SOP,2026-09,AFT-0010,100,,23.92,346.63,Approved
3571,2026-06-SOP,2026-09,AFT-0011,100,,31.2,656.8,Approved
3572,2026-06-SOP,2026-09,AFT-0012,300,,38.48,1455.78,Approved
3573,2026-06-SOP,2026-09,AFT-0013,100,CUST-0219,45.76,4333.25,Approved
3574,2026-06-SOP,2026-09,AFT-0014,100,,53.04,1397.01,Approved
3575,2026-06-SOP,2026-09,AFT-0015,300,,60.32,1703.35,Approved
3576,2026-06-SOP,2026-09,AFT-0016,100,,67.6,2602.48,Approved
3577,2026-06-SOP,2026-09,AFT-0017,100,CUST-0031,74.88,2665.45,Approved
3578,2026-06-SOP,2026-09,AFT-0018,300,,9.36,833.83,Approved
3579,2026-06-SOP,2026-09,AFT-0019,100,,16.64,1115.51,Approved
3580,2026-06-SOP,2026-09,AFT-0020,100,,23.92,1152.62,Approved
3581,2026-06-SOP,2026-09,AFT-0021,300,CUST-0083,31.2,589.88,Approved
3582,2026-06-SOP,2026-09,AFT-0022,100,,38.48,341.47,Approved
3583,2026-06-SOP,2026-09,AFT-0023,100,,45.76,420.28,Approved
3584,2026-06-SOP,2026-09,AFT-0024,300,,53.04,913.31,Approved
3585,2026-06-SOP,2026-09,AFT-0025,100,CUST-0135,60.32,679.8,Approved
3586,2026-06-SOP,2026-09,AFT-0026,100,,67.6,281.97,Approved
3587,2026-06-SOP,2026-09,AFT-0027,300,,74.88,482.44,Approved
3588,2026-06-SOP,2026-09,AFT-0028,100,,9.36,522.03,Approved
3589,2026-06-SOP,2026-09,AFT-0029,100,CUST-0187,16.64,664.14,Approved
3590,2026-06-SOP,2026-09,AFT-0030,300,,23.92,526.18,Approved
3591,2026-06-SOP,2026-09,AFT-0031,100,,31.2,484.64,Approved
3592,2026-06-SOP,2026-09,AFT-0032,100,,38.48,950.13,Approved
3593,2026-06-SOP,2026-09,AFT-0033,300,CUST-0239,45.76,1445.9,Approved
3594,2026-06-SOP,2026-09,AFT-0034,100,,53.04,736.99,Approved
3595,2026-06-SOP,2026-09,AFT-0035,100,,60.32,3421.66,Approved
3596,2026-06-SOP,2026-09,AFT-0036,300,,67.6,1440.35,Approved
3597,2026-06-SOP,2026-09,AFT-0037,100,CUST-0051,74.88,4734.4,Approved
3598,2026-06-SOP,2026-09,AFT-0038,100,,9.36,2124.33,Approved
3599,2026-06-SOP,2026-09,AFT-0039,300,,16.64,12219.16,Approved
3600,2026-06-SOP,2026-09,AFT-0040,100,,23.92,822.39,Approved
3601,2026-06-SOP,2026-09,AFT-0041,100,CUST-0103,31.2,1710.34,Approved
3602,2026-06-SOP,2026-09,AFT-0042,300,,38.48,446.63,Approved
3603,2026-06-SOP,2026-09,AFT-0043,100,,45.76,1063.23,Approved
3604,2026-06-SOP,2026-09,AFT-0044,100,,53.04,1541.8,Approved
3605,2026-06-SOP,2026-09,AFT-0045,300,CUST-0155,60.32,1990.34,Approved
3606,2026-06-SOP,2026-09,AFT-0046,100,,67.6,948.77,Approved
3607,2026-06-SOP,2026-09,AFT-0047,100,,74.88,2719.51,Approved
3608,2026-06-SOP,2026-09,AFT-0048,300,,9.36,3814.99,Approved
3609,2026-06-SOP,2026-09,AFT-0049,100,CUST-0207,16.64,1074.55,Approved
3610,2026-06-SOP,2026-09,AFT-0050,100,,23.92,3744.41,Approved
3611,2026-06-SOP,2026-09,AFT-0051,300,,31.2,2067.42,Approved
3612,2026-06-SOP,2026-09,AFT-0052,100,,38.48,493.16,Approved
3613,2026-06-SOP,2026-09,AFT-0053,100,CUST-0019,45.76,692.84,Approved
3614,2026-06-SOP,2026-09,AFT-0054,300,,53.04,403.93,Approved
3615,2026-06-SOP,2026-09,AFT-0055,100,,60.32,413.81,Approved
3616,2026-06-SOP,2026-09,AFT-0056,100,,67.6,576.28,Approved
3617,2026-06-SOP,2026-09,AFT-0057,300,CUST-0071,74.88,937.29,Approved
3618,2026-06-SOP,2026-09,AFT-0058,100,,9.36,382.45,Approved
3619,2026-06-SOP,2026-09,AFT-0059,100,,16.64,422.02,Approved
3620,2026-06-SOP,2026-09,AFT-0060,300,,23.92,545.47,Approved
3621,2026-06-SOP,2026-09,CTL-0001,300,CUST-0123,31.2,3154.04,Approved
3622,2026-06-SOP,2026-09,CTL-0002,300,,38.48,1616.96,Approved
3623,2026-06-SOP,2026-09,CTL-0003,300,,45.76,2642.0,Approved
3624,2026-06-SOP,2026-09,CTL-0004,300,,53.04,2103.44,Approved
3625,2026-06-SOP,2026-09,CTL-0005,300,CUST-0175,60.32,1638.4,Approved
3626,2026-06-SOP,2026-09,CTL-0006,300,,67.6,2513.14,Approved
3627,2026-06-SOP,2026-09,CTL-0007,300,,74.88,3152.81,Approved
3628,2026-06-SOP,2026-09,CTL-0008,300,,9.36,1030.14,Approved
3629,2026-06-SOP,2026-09,CTL-0009,300,CUST-0227,16.64,2155.31,Approved
3630,2026-06-SOP,2026-09,CTL-0010,300,,23.92,4241.04,Approved
3631,2026-06-SOP,2026-09,CTL-0011,300,,31.2,4313.52,Approved
3632,2026-06-SOP,2026-09,CTL-0012,300,,38.48,6896.43,Approved
3633,2026-06-SOP,2026-09,CTL-0013,300,CUST-0039,45.76,421.31,Approved
3634,2026-06-SOP,2026-09,CTL-0014,300,,53.04,537.61,Approved
3635,2026-06-SOP,2026-09,CTL-0015,300,,60.32,732.35,Approved
3636,2026-06-SOP,2026-09,CTL-0016,300,,67.6,401.54,Approved
3637,2026-06-SOP,2026-09,CTL-0017,300,CUST-0091,74.88,367.57,Approved
3638,2026-06-SOP,2026-09,CTL-0018,300,,9.36,1037.97,Approved
3639,2026-06-SOP,2026-09,CTL-0019,300,,16.64,1552.09,Approved
3640,2026-06-SOP,2026-09,CTL-0020,300,,23.92,1073.61,Approved
3641,2026-06-SOP,2026-09,CTL-0021,300,CUST-0143,31.2,1213.21,Approved
3642,2026-06-SOP,2026-09,CTL-0022,300,,38.48,3000.17,Approved
3643,2026-06-SOP,2026-09,CTL-0023,300,,45.76,1828.13,Approved
3644,2026-06-SOP,2026-09,CTL-0024,300,,53.04,1167.46,Approved
3645,2026-06-SOP,2026-09,CTL-0025,300,CUST-0195,60.32,1879.61,Approved
3646,2026-06-SOP,2026-09,CTL-0026,300,,67.6,1606.72,Approved
3647,2026-06-SOP,2026-09,CTL-0027,300,,74.88,1644.02,Approved
3648,2026-06-SOP,2026-09,CTL-0028,300,,9.36,3370.5,Approved
3649,2026-06-SOP,2026-09,CTL-0029,300,CUST-0007,16.64,1081.35,Approved
3650,2026-06-SOP,2026-09,CTL-0030,300,,23.92,4306.68,Approved
3651,2026-06-SOP,2026-09,CTL-0031,300,,31.2,2916.96,Approved
3652,2026-06-SOP,2026-09,CTL-0032,300,,38.48,2951.41,Approved
3653,2026-06-SOP,2026-09,CTL-0033,300,CUST-0059,45.76,5656.23,Approved
3654,2026-06-SOP,2026-09,CTL-0034,300,,53.04,3041.5,Approved
3655,2026-06-SOP,2026-09,CTL-0035,300,,60.32,4406.64,Approved
3656,2026-06-SOP,2026-09,CTL-0036,300,,67.6,5442.41,Approved
3657,2026-06-SOP,2026-09,CTL-0037,300,CUST-0111,74.88,6369.84,Approved
3658,2026-06-SOP,2026-09,CTL-0038,300,,9.36,2429.78,Approved
3659,2026-06-SOP,2026-09,CTL-0039,300,,16.64,2854.21,Approved
3660,2026-06-SOP,2026-09,CTL-0040,300,,23.92,5682.14,Approved
3661,2026-06-SOP,2026-09,DRV-0001,100,CUST-0163,31.2,1684.36,Approved
3662,2026-06-SOP,2026-09,DRV-0002,200,,38.48,3244.03,Approved
3663,2026-06-SOP,2026-09,DRV-0003,100,,45.76,2854.57,Approved
3664,2026-06-SOP,2026-09,DRV-0004,200,,53.04,1126.84,Approved
3665,2026-06-SOP,2026-09,DRV-0005,100,CUST-0215,60.32,1735.42,Approved
3666,2026-06-SOP,2026-09,DRV-0006,200,,67.6,2693.59,Approved
3667,2026-06-SOP,2026-09,DRV-0007,100,,74.88,2086.0,Approved
3668,2026-06-SOP,2026-09,DRV-0008,200,,9.36,406.36,Approved
3669,2026-06-SOP,2026-09,DRV-0009,100,CUST-0027,16.64,435.44,Approved
3670,2026-06-SOP,2026-09,DRV-0010,200,,23.92,528.14,Approved
3671,2026-06-SOP,2026-09,DRV-0011,100,,31.2,1210.87,Approved
3672,2026-06-SOP,2026-09,DRV-0012,200,,38.48,352.63,Approved
3673,2026-06-SOP,2026-09,DRV-0013,100,CUST-0079,45.76,809.45,Approved
3674,2026-06-SOP,2026-09,DRV-0014,200,,53.04,1502.83,Approved
3675,2026-06-SOP,2026-09,DRV-0015,100,,60.32,1927.7,Approved
3676,2026-06-SOP,2026-09,DRV-0016,200,,67.6,545.44,Approved
3677,2026-06-SOP,2026-09,DRV-0017,100,CUST-0131,74.88,1126.14,Approved
3678,2026-06-SOP,2026-09,DRV-0018,200,,9.36,2159.93,Approved
3679,2026-06-SOP,2026-09,DRV-0019,100,,16.64,2096.4,Approved
3680,2026-06-SOP,2026-09,DRV-0020,200,,23.92,1449.68,Approved
3681,2026-06-SOP,2026-09,DRV-0021,100,CUST-0183,31.2,1578.52,Approved
3682,2026-06-SOP,2026-09,DRV-0022,200,,38.48,6560.95,Approved
3683,2026-06-SOP,2026-09,DRV-0023,100,,45.76,2081.07,Approved
3684,2026-06-SOP,2026-09,DRV-0024,200,,53.04,2355.97,Approved
3685,2026-06-SOP,2026-09,DRV-0025,100,CUST-0235,60.32,3295.38,Approved
3686,2026-06-SOP,2026-09,DRV-0026,200,,67.6,953.4,Approved
3687,2026-06-SOP,2026-09,DRV-0027,100,,74.88,1770.83,Approved
3688,2026-06-SOP,2026-09,DRV-0028,200,,9.36,3628.75,Approved
3689,2026-06-SOP,2026-09,DRV-0029,100,CUST-0047,16.64,2526.8,Approved
3690,2026-06-SOP,2026-09,DRV-0030,200,,23.92,639.6,Approved
3691,2026-06-SOP,2026-09,DRV-0031,100,,31.2,2018.83,Approved
3692,2026-06-SOP,2026-09,DRV-0032,200,,38.48,357.16,Approved
3693,2026-06-SOP,2026-09,DRV-0033,100,CUST-0099,45.76,1678.97,Approved
3694,2026-06-SOP,2026-09,DRV-0034,200,,53.04,642.41,Approved
3695,2026-06-SOP,2026-09,DRV-0035,100,,60.32,1390.95,Approved
3696,2026-06-SOP,2026-09,DRV-0036,200,,67.6,2339.36,Approved
3697,2026-06-SOP,2026-09,DRV-0037,100,CUST-0151,74.88,6384.99,Approved
3698,2026-06-SOP,2026-09,DRV-0038,200,,9.36,788.88,Approved
3699,2026-06-SOP,2026-09,DRV-0039,100,,16.64,566.56,Approved
3700,2026-06-SOP,2026-09,DRV-0040,200,,23.92,326.81,Approved
3701,2026-06-SOP,2026-09,DRV-0041,100,CUST-0203,31.2,411.3,Approved
3702,2026-06-SOP,2026-09,DRV-0042,200,,38.48,630.06,Approved
3703,2026-06-SOP,2026-09,DRV-0043,100,,45.76,908.86,Approved
3704,2026-06-SOP,2026-09,DRV-0044,200,,53.04,312.91,Approved
3705,2026-06-SOP,2026-09,DRV-0045,100,CUST-0015,60.32,549.0,Approved
3706,2026-06-SOP,2026-09,DRV-0046,200,,67.6,1290.18,Approved
3707,2026-06-SOP,2026-09,DRV-0047,100,,74.88,5574.81,Approved
3708,2026-06-SOP,2026-09,DRV-0048,200,,9.36,1387.94,Approved
3709,2026-06-SOP,2026-09,DRV-0049,100,CUST-0067,16.64,1845.83,Approved
3710,2026-06-SOP,2026-09,DRV-0050,200,,23.92,4902.03,Approved
3711,2026-06-SOP,2026-09,DRV-0051,100,,31.2,4518.53,Approved
3712,2026-06-SOP,2026-09,DRV-0052,200,,38.48,1881.35,Approved
3713,2026-06-SOP,2026-09,DRV-0053,100,CUST-0119,45.76,3670.49,Approved
3714,2026-06-SOP,2026-09,DRV-0054,200,,53.04,3565.79,Approved
3715,2026-06-SOP,2026-09,DRV-0055,100,,60.32,8182.45,Approved
3716,2026-06-SOP,2026-09,DRV-0056,200,,67.6,4604.88,Approved
3717,2026-06-SOP,2026-09,DRV-0057,100,CUST-0171,74.88,6047.16,Approved
3718,2026-06-SOP,2026-09,DRV-0058,200,,9.36,2895.26,Approved
3719,2026-06-SOP,2026-09,DRV-0059,100,,16.64,5922.14,Approved
3720,2026-06-SOP,2026-09,DRV-0060,200,,23.92,549.66,Approved
3721,2026-06-SOP,2026-09,SYS-0001,100,CUST-0223,31.2,722.81,Approved
3722,2026-06-SOP,2026-09,SYS-0002,300,,38.48,1854.09,Approved
3723,2026-06-SOP,2026-09,SYS-0003,100,,45.76,1215.35,Approved
3724,2026-06-SOP,2026-09,SYS-0004,300,,53.04,424.8,Approved
3725,2026-06-SOP,2026-09,SYS-0005,100,CUST-0035,60.32,421.74,Approved
3726,2026-06-SOP,2026-09,SYS-0006,300,,67.6,632.78,Approved
3727,2026-06-SOP,2026-09,SYS-0007,100,,74.88,1323.63,Approved
3728,2026-06-SOP,2026-09,SYS-0008,300,,9.36,325.39,Approved
3729,2026-06-SOP,2026-09,SYS-0009,100,CUST-0087,16.64,833.44,Approved
3730,2026-06-SOP,2026-09,SYS-0010,300,,23.92,1565.46,Approved
3731,2026-06-SOP,2026-09,SYS-0011,100,,31.2,1594.53,Approved
3732,2026-06-SOP,2026-09,SYS-0012,300,,38.48,777.71,Approved
3733,2026-06-SOP,2026-09,SYS-0013,100,CUST-0139,45.76,1263.45,Approved
3734,2026-06-SOP,2026-09,SYS-0014,300,,53.04,1245.69,Approved
3735,2026-06-SOP,2026-09,SYS-0015,100,,60.32,8212.78,Approved
3736,2026-06-SOP,2026-09,SYS-0016,300,,67.6,3063.95,Approved
3737,2026-06-SOP,2026-09,SYS-0017,100,CUST-0191,74.88,4415.6,Approved
3738,2026-06-SOP,2026-09,SYS-0018,300,,9.36,986.55,Approved
3739,2026-06-SOP,2026-09,SYS-0019,100,,16.64,2568.76,Approved
3740,2026-06-SOP,2026-09,SYS-0020,300,,23.92,5725.59,Approved
3741,2026-06-SOP,2026-09,SYS-0021,100,CUST-0003,31.2,2846.94,Approved
3742,2026-06-SOP,2026-09,SYS-0022,300,,38.48,7410.76,Approved
3743,2026-06-SOP,2026-09,SYS-0023,100,,45.76,3536.2,Approved
3744,2026-06-SOP,2026-09,SYS-0024,300,,53.04,8836.05,Approved
3745,2026-06-SOP,2026-09,SYS-0025,100,CUST-0055,60.32,818.44,Approved
3746,2026-06-SOP,2026-09,SYS-0026,300,,67.6,2002.44,Approved
3747,2026-06-SOP,2026-09,SYS-0027,100,,74.88,1450.07,Approved
3748,2026-06-SOP,2026-09,SYS-0028,300,,9.36,3107.59,Approved
3749,2026-06-SOP,2026-09,SYS-0029,100,CUST-0107,16.64,1731.96,Approved
3750,2026-06-SOP,2026-09,SYS-0030,300,,23.92,5013.39,Approved
3751,2026-06-SOP,2026-10,ACT-0001,100,CUST-0004,42.64,3393.07,Approved
3752,2026-06-SOP,2026-10,ACT-0002,200,,49.92,577.45,Approved
3753,2026-06-SOP,2026-10,ACT-0003,100,,57.2,2938.68,Approved
3754,2026-06-SOP,2026-10,ACT-0004,200,,64.48,302.85,Approved
3755,2026-06-SOP,2026-10,ACT-0005,100,CUST-0056,71.76,1195.71,Approved
3756,2026-06-SOP,2026-10,ACT-0006,200,,79.04,802.09,Approved
3757,2026-06-SOP,2026-10,ACT-0007,100,,13.52,4323.02,Approved
3758,2026-06-SOP,2026-10,ACT-0008,200,,20.8,325.41,Approved
3759,2026-06-SOP,2026-10,ACT-0009,100,CUST-0108,28.08,527.67,Approved
3760,2026-06-SOP,2026-10,ACT-0010,200,,35.36,3284.37,Approved
3761,2026-06-SOP,2026-10,ACT-0011,100,,42.64,621.76,Approved
3762,2026-06-SOP,2026-10,ACT-0012,200,,49.92,470.39,Approved
3763,2026-06-SOP,2026-10,ACT-0013,100,CUST-0160,57.2,571.98,Approved
3764,2026-06-SOP,2026-10,ACT-0014,200,,64.48,850.75,Approved
3765,2026-06-SOP,2026-10,ACT-0015,100,,71.76,1535.5,Approved
3766,2026-06-SOP,2026-10,ACT-0016,200,,79.04,314.86,Approved
3767,2026-06-SOP,2026-10,ACT-0017,100,CUST-0212,13.52,930.22,Approved
3768,2026-06-SOP,2026-10,ACT-0018,200,,20.8,1572.91,Approved
3769,2026-06-SOP,2026-10,ACT-0019,100,,28.08,1892.53,Approved
3770,2026-06-SOP,2026-10,ACT-0020,200,,35.36,963.38,Approved
3771,2026-06-SOP,2026-10,ACT-0021,100,CUST-0024,42.64,1450.19,Approved
3772,2026-06-SOP,2026-10,ACT-0022,200,,49.92,1414.86,Approved
3773,2026-06-SOP,2026-10,ACT-0023,100,,57.2,3351.06,Approved
3774,2026-06-SOP,2026-10,ACT-0024,200,,64.48,2938.87,Approved
3775,2026-06-SOP,2026-10,ACT-0025,100,CUST-0076,71.76,4173.42,Approved
3776,2026-06-SOP,2026-10,ACT-0026,200,,79.04,2506.29,Approved
3777,2026-06-SOP,2026-10,ACT-0027,100,,13.52,4273.51,Approved
3778,2026-06-SOP,2026-10,ACT-0028,200,,20.8,333.73,Approved
3779,2026-06-SOP,2026-10,ACT-0029,100,CUST-0128,28.08,1318.94,Approved
3780,2026-06-SOP,2026-10,ACT-0030,200,,35.36,643.14,Approved
3781,2026-06-SOP,2026-10,ACT-0031,100,,42.64,3710.38,Approved
3782,2026-06-SOP,2026-10,ACT-0032,200,,49.92,347.28,Approved
3783,2026-06-SOP,2026-10,ACT-0033,100,CUST-0180,57.2,2003.29,Approved
3784,2026-06-SOP,2026-10,ACT-0034,200,,64.48,521.08,Approved
3785,2026-06-SOP,2026-10,ACT-0035,100,,71.76,3068.53,Approved
3786,2026-06-SOP,2026-10,ACT-0036,200,,79.04,296.0,Approved
3787,2026-06-SOP,2026-10,ACT-0037,100,CUST-0232,13.52,5494.71,Approved
3788,2026-06-SOP,2026-10,ACT-0038,200,,20.8,622.01,Approved
3789,2026-06-SOP,2026-10,ACT-0039,100,,28.08,1134.13,Approved
3790,2026-06-SOP,2026-10,ACT-0040,200,,35.36,302.76,Approved
3791,2026-06-SOP,2026-10,ACT-0041,100,CUST-0044,42.64,682.35,Approved
3792,2026-06-SOP,2026-10,ACT-0042,200,,49.92,1005.42,Approved
3793,2026-06-SOP,2026-10,ACT-0043,100,,57.2,713.94,Approved
3794,2026-06-SOP,2026-10,ACT-0044,200,,64.48,277.0,Approved
3795,2026-06-SOP,2026-10,ACT-0045,100,CUST-0096,71.76,458.79,Approved
3796,2026-06-SOP,2026-10,ACT-0046,200,,79.04,811.03,Approved
3797,2026-06-SOP,2026-10,ACT-0047,100,,13.52,1161.02,Approved
3798,2026-06-SOP,2026-10,ACT-0048,200,,20.8,589.86,Approved
3799,2026-06-SOP,2026-10,ACT-0049,100,CUST-0148,28.08,1297.33,Approved
3800,2026-06-SOP,2026-10,ACT-0050,200,,35.36,1523.79,Approved
3801,2026-06-SOP,2026-10,ACT-0051,100,,42.64,6594.64,Approved
3802,2026-06-SOP,2026-10,ACT-0052,200,,49.92,950.81,Approved
3803,2026-06-SOP,2026-10,ACT-0053,100,CUST-0200,57.2,683.13,Approved
3804,2026-06-SOP,2026-10,ACT-0054,200,,64.48,5794.82,Approved
3805,2026-06-SOP,2026-10,ACT-0055,100,,71.76,3284.38,Approved
3806,2026-06-SOP,2026-10,ACT-0056,200,,79.04,966.53,Approved
3807,2026-06-SOP,2026-10,ACT-0057,100,CUST-0012,13.52,3745.03,Approved
3808,2026-06-SOP,2026-10,ACT-0058,200,,20.8,522.61,Approved
3809,2026-06-SOP,2026-10,ACT-0059,100,,28.08,1265.87,Approved
3810,2026-06-SOP,2026-10,ACT-0060,200,,35.36,325.39,Approved
3811,2026-06-SOP,2026-10,AFT-0001,100,CUST-0064,42.64,2613.91,Approved
3812,2026-06-SOP,2026-10,AFT-0002,100,,49.92,2515.69,Approved
3813,2026-06-SOP,2026-10,AFT-0003,300,,57.2,7053.19,Approved
3814,2026-06-SOP,2026-10,AFT-0004,100,,64.48,3062.37,Approved
3815,2026-06-SOP,2026-10,AFT-0005,100,CUST-0116,71.76,3383.96,Approved
3816,2026-06-SOP,2026-10,AFT-0006,300,,79.04,8463.22,Approved
3817,2026-06-SOP,2026-10,AFT-0007,100,,13.52,441.75,Approved
3818,2026-06-SOP,2026-10,AFT-0008,100,,20.8,367.12,Approved
3819,2026-06-SOP,2026-10,AFT-0009,300,CUST-0168,28.08,958.09,Approved
3820,2026-06-SOP,2026-10,AFT-0010,100,,35.36,346.63,Approved
3821,2026-06-SOP,2026-10,AFT-0011,100,,42.64,656.8,Approved
3822,2026-06-SOP,2026-10,AFT-0012,300,,49.92,1455.78,Approved
3823,2026-06-SOP,2026-10,AFT-0013,100,CUST-0220,57.2,4333.25,Approved
3824,2026-06-SOP,2026-10,AFT-0014,100,,64.48,1397.01,Approved
3825,2026-06-SOP,2026-10,AFT-0015,300,,71.76,1703.35,Approved
3826,2026-06-SOP,2026-10,AFT-0016,100,,79.04,2602.48,Approved
3827,2026-06-SOP,2026-10,AFT-0017,100,CUST-0032,13.52,2665.45,Approved
3828,2026-06-SOP,2026-10,AFT-0018,300,,20.8,833.83,Approved
3829,2026-06-SOP,2026-10,AFT-0019,100,,28.08,1115.51,Approved
3830,2026-06-SOP,2026-10,AFT-0020,100,,35.36,1152.62,Approved
3831,2026-06-SOP,2026-10,AFT-0021,300,CUST-0084,42.64,589.88,Approved
3832,2026-06-SOP,2026-10,AFT-0022,100,,49.92,341.47,Approved
3833,2026-06-SOP,2026-10,AFT-0023,100,,57.2,420.28,Approved
3834,2026-06-SOP,2026-10,AFT-0024,300,,64.48,913.31,Approved
3835,2026-06-SOP,2026-10,AFT-0025,100,CUST-0136,71.76,679.8,Approved
3836,2026-06-SOP,2026-10,AFT-0026,100,,79.04,281.97,Approved
3837,2026-06-SOP,2026-10,AFT-0027,300,,13.52,482.44,Approved
3838,2026-06-SOP,2026-10,AFT-0028,100,,20.8,522.03,Approved
3839,2026-06-SOP,2026-10,AFT-0029,100,CUST-0188,28.08,664.14,Approved
3840,2026-06-SOP,2026-10,AFT-0030,300,,35.36,526.18,Approved
3841,2026-06-SOP,2026-10,AFT-0031,100,,42.64,484.64,Approved
3842,2026-06-SOP,2026-10,AFT-0032,100,,49.92,950.13,Approved
3843,2026-06-SOP,2026-10,AFT-0033,300,CUST-0240,57.2,1445.9,Approved
3844,2026-06-SOP,2026-10,AFT-0034,100,,64.48,736.99,Approved
3845,2026-06-SOP,2026-10,AFT-0035,100,,71.76,3421.66,Approved
3846,2026-06-SOP,2026-10,AFT-0036,300,,79.04,1440.35,Approved
3847,2026-06-SOP,2026-10,AFT-0037,100,CUST-0052,13.52,4734.4,Approved
3848,2026-06-SOP,2026-10,AFT-0038,100,,20.8,2124.33,Approved
3849,2026-06-SOP,2026-10,AFT-0039,300,,28.08,12219.16,Approved
3850,2026-06-SOP,2026-10,AFT-0040,100,,35.36,822.39,Approved
3851,2026-06-SOP,2026-10,AFT-0041,100,CUST-0104,42.64,1710.34,Approved
3852,2026-06-SOP,2026-10,AFT-0042,300,,49.92,446.63,Approved
3853,2026-06-SOP,2026-10,AFT-0043,100,,57.2,1063.23,Approved
3854,2026-06-SOP,2026-10,AFT-0044,100,,64.48,1541.8,Approved
3855,2026-06-SOP,2026-10,AFT-0045,300,CUST-0156,71.76,1990.34,Approved
3856,2026-06-SOP,2026-10,AFT-0046,100,,79.04,948.77,Approved
3857,2026-06-SOP,2026-10,AFT-0047,100,,13.52,2719.51,Approved
3858,2026-06-SOP,2026-10,AFT-0048,300,,20.8,3814.99,Approved
3859,2026-06-SOP,2026-10,AFT-0049,100,CUST-0208,28.08,1074.55,Approved
3860,2026-06-SOP,2026-10,AFT-0050,100,,35.36,3744.41,Approved
3861,2026-06-SOP,2026-10,AFT-0051,300,,42.64,2067.42,Approved
3862,2026-06-SOP,2026-10,AFT-0052,100,,49.92,493.16,Approved
3863,2026-06-SOP,2026-10,AFT-0053,100,CUST-0020,57.2,692.84,Approved
3864,2026-06-SOP,2026-10,AFT-0054,300,,64.48,403.93,Approved
3865,2026-06-SOP,2026-10,AFT-0055,100,,71.76,413.81,Approved
3866,2026-06-SOP,2026-10,AFT-0056,100,,79.04,576.28,Approved
3867,2026-06-SOP,2026-10,AFT-0057,300,CUST-0072,13.52,937.29,Approved
3868,2026-06-SOP,2026-10,AFT-0058,100,,20.8,382.45,Approved
3869,2026-06-SOP,2026-10,AFT-0059,100,,28.08,422.02,Approved
3870,2026-06-SOP,2026-10,AFT-0060,300,,35.36,545.47,Approved
3871,2026-06-SOP,2026-10,CTL-0001,300,CUST-0124,42.64,3154.04,Approved
3872,2026-06-SOP,2026-10,CTL-0002,300,,49.92,1616.96,Approved
3873,2026-06-SOP,2026-10,CTL-0003,300,,57.2,2642.0,Approved
3874,2026-06-SOP,2026-10,CTL-0004,300,,64.48,2103.44,Approved
3875,2026-06-SOP,2026-10,CTL-0005,300,CUST-0176,71.76,1638.4,Approved
3876,2026-06-SOP,2026-10,CTL-0006,300,,79.04,2513.14,Approved
3877,2026-06-SOP,2026-10,CTL-0007,300,,13.52,3152.81,Approved
3878,2026-06-SOP,2026-10,CTL-0008,300,,20.8,1030.14,Approved
3879,2026-06-SOP,2026-10,CTL-0009,300,CUST-0228,28.08,2155.31,Approved
3880,2026-06-SOP,2026-10,CTL-0010,300,,35.36,4241.04,Approved
3881,2026-06-SOP,2026-10,CTL-0011,300,,42.64,4313.52,Approved
3882,2026-06-SOP,2026-10,CTL-0012,300,,49.92,6896.43,Approved
3883,2026-06-SOP,2026-10,CTL-0013,300,CUST-0040,57.2,421.31,Approved
3884,2026-06-SOP,2026-10,CTL-0014,300,,64.48,537.61,Approved
3885,2026-06-SOP,2026-10,CTL-0015,300,,71.76,732.35,Approved
3886,2026-06-SOP,2026-10,CTL-0016,300,,79.04,401.54,Approved
3887,2026-06-SOP,2026-10,CTL-0017,300,CUST-0092,13.52,367.57,Approved
3888,2026-06-SOP,2026-10,CTL-0018,300,,20.8,1037.97,Approved
3889,2026-06-SOP,2026-10,CTL-0019,300,,28.08,1552.09,Approved
3890,2026-06-SOP,2026-10,CTL-0020,300,,35.36,1073.61,Approved
3891,2026-06-SOP,2026-10,CTL-0021,300,CUST-0144,42.64,1213.21,Approved
3892,2026-06-SOP,2026-10,CTL-0022,300,,49.92,3000.17,Approved
3893,2026-06-SOP,2026-10,CTL-0023,300,,57.2,1828.13,Approved
3894,2026-06-SOP,2026-10,CTL-0024,300,,64.48,1167.46,Approved
3895,2026-06-SOP,2026-10,CTL-0025,300,CUST-0196,71.76,1879.61,Approved
3896,2026-06-SOP,2026-10,CTL-0026,300,,79.04,1606.72,Approved
3897,2026-06-SOP,2026-10,CTL-0027,300,,13.52,1644.02,Approved
3898,2026-06-SOP,2026-10,CTL-0028,300,,20.8,3370.5,Approved
3899,2026-06-SOP,2026-10,CTL-0029,300,CUST-0008,28.08,1081.35,Approved
3900,2026-06-SOP,2026-10,CTL-0030,300,,35.36,4306.68,Approved
3901,2026-06-SOP,2026-10,CTL-0031,300,,42.64,2916.96,Approved
3902,2026-06-SOP,2026-10,CTL-0032,300,,49.92,2951.41,Approved
3903,2026-06-SOP,2026-10,CTL-0033,300,CUST-0060,57.2,5656.23,Approved
3904,2026-06-SOP,2026-10,CTL-0034,300,,64.48,3041.5,Approved
3905,2026-06-SOP,2026-10,CTL-0035,300,,71.76,4406.64,Approved
3906,2026-06-SOP,2026-10,CTL-0036,300,,79.04,5442.41,Approved
3907,2026-06-SOP,2026-10,CTL-0037,300,CUST-0112,13.52,6369.84,Approved
3908,2026-06-SOP,2026-10,CTL-0038,300,,20.8,2429.78,Approved
3909,2026-06-SOP,2026-10,CTL-0039,300,,28.08,2854.21,Approved
3910,2026-06-SOP,2026-10,CTL-0040,300,,35.36,5682.14,Approved
3911,2026-06-SOP,2026-10,DRV-0001,100,CUST-0164,42.64,1684.36,Approved
3912,2026-06-SOP,2026-10,DRV-0002,200,,49.92,3244.03,Approved
3913,2026-06-SOP,2026-10,DRV-0003,100,,57.2,2854.57,Approved
3914,2026-06-SOP,2026-10,DRV-0004,200,,64.48,1126.84,Approved
3915,2026-06-SOP,2026-10,DRV-0005,100,CUST-0216,71.76,1735.42,Approved
3916,2026-06-SOP,2026-10,DRV-0006,200,,79.04,2693.59,Approved
3917,2026-06-SOP,2026-10,DRV-0007,100,,13.52,2086.0,Approved
3918,2026-06-SOP,2026-10,DRV-0008,200,,20.8,406.36,Approved
3919,2026-06-SOP,2026-10,DRV-0009,100,CUST-0028,28.08,435.44,Approved
3920,2026-06-SOP,2026-10,DRV-0010,200,,35.36,528.14,Approved
3921,2026-06-SOP,2026-10,DRV-0011,100,,42.64,1210.87,Approved
3922,2026-06-SOP,2026-10,DRV-0012,200,,49.92,352.63,Approved
3923,2026-06-SOP,2026-10,DRV-0013,100,CUST-0080,57.2,809.45,Approved
3924,2026-06-SOP,2026-10,DRV-0014,200,,64.48,1502.83,Approved
3925,2026-06-SOP,2026-10,DRV-0015,100,,71.76,1927.7,Approved
3926,2026-06-SOP,2026-10,DRV-0016,200,,79.04,545.44,Approved
3927,2026-06-SOP,2026-10,DRV-0017,100,CUST-0132,13.52,1126.14,Approved
3928,2026-06-SOP,2026-10,DRV-0018,200,,20.8,2159.93,Approved
3929,2026-06-SOP,2026-10,DRV-0019,100,,28.08,2096.4,Approved
3930,2026-06-SOP,2026-10,DRV-0020,200,,35.36,1449.68,Approved
3931,2026-06-SOP,2026-10,DRV-0021,100,CUST-0184,42.64,1578.52,Approved
3932,2026-06-SOP,2026-10,DRV-0022,200,,49.92,6560.95,Approved
3933,2026-06-SOP,2026-10,DRV-0023,100,,57.2,2081.07,Approved
3934,2026-06-SOP,2026-10,DRV-0024,200,,64.48,2355.97,Approved
3935,2026-06-SOP,2026-10,DRV-0025,100,CUST-0236,71.76,3295.38,Approved
3936,2026-06-SOP,2026-10,DRV-0026,200,,79.04,953.4,Approved
3937,2026-06-SOP,2026-10,DRV-0027,100,,13.52,1770.83,Approved
3938,2026-06-SOP,2026-10,DRV-0028,200,,20.8,3628.75,Approved
3939,2026-06-SOP,2026-10,DRV-0029,100,CUST-0048,28.08,2526.8,Approved
3940,2026-06-SOP,2026-10,DRV-0030,200,,35.36,639.6,Approved
3941,2026-06-SOP,2026-10,DRV-0031,100,,42.64,2018.83,Approved
3942,2026-06-SOP,2026-10,DRV-0032,200,,49.92,357.16,Approved
3943,2026-06-SOP,2026-10,DRV-0033,100,CUST-0100,57.2,1678.97,Approved
3944,2026-06-SOP,2026-10,DRV-0034,200,,64.48,642.41,Approved
3945,2026-06-SOP,2026-10,DRV-0035,100,,71.76,1390.95,Approved
3946,2026-06-SOP,2026-10,DRV-0036,200,,79.04,2339.36,Approved
3947,2026-06-SOP,2026-10,DRV-0037,100,CUST-0152,13.52,6384.99,Approved
3948,2026-06-SOP,2026-10,DRV-0038,200,,20.8,788.88,Approved
3949,2026-06-SOP,2026-10,DRV-0039,100,,28.08,566.56,Approved
3950,2026-06-SOP,2026-10,DRV-0040,200,,35.36,326.81,Approved
3951,2026-06-SOP,2026-10,DRV-0041,100,CUST-0204,42.64,411.3,Approved
3952,2026-06-SOP,2026-10,DRV-0042,200,,49.92,630.06,Approved
3953,2026-06-SOP,2026-10,DRV-0043,100,,57.2,908.86,Approved
3954,2026-06-SOP,2026-10,DRV-0044,200,,64.48,312.91,Approved
3955,2026-06-SOP,2026-10,DRV-0045,100,CUST-0016,71.76,549.0,Approved
3956,2026-06-SOP,2026-10,DRV-0046,200,,79.04,1290.18,Approved
3957,2026-06-SOP,2026-10,DRV-0047,100,,13.52,5574.81,Approved
3958,2026-06-SOP,2026-10,DRV-0048,200,,20.8,1387.94,Approved
3959,2026-06-SOP,2026-10,DRV-0049,100,CUST-0068,28.08,1845.83,Approved
3960,2026-06-SOP,2026-10,DRV-0050,200,,35.36,4902.03,Approved
3961,2026-06-SOP,2026-10,DRV-0051,100,,42.64,4518.53,Approved
3962,2026-06-SOP,2026-10,DRV-0052,200,,49.92,1881.35,Approved
3963,2026-06-SOP,2026-10,DRV-0053,100,CUST-0120,57.2,3670.49,Approved
3964,2026-06-SOP,2026-10,DRV-0054,200,,64.48,3565.79,Approved
3965,2026-06-SOP,2026-10,DRV-0055,100,,71.76,8182.45,Approved
3966,2026-06-SOP,2026-10,DRV-0056,200,,79.04,4604.88,Approved
3967,2026-06-SOP,2026-10,DRV-0057,100,CUST-0172,13.52,6047.16,Approved
3968,2026-06-SOP,2026-10,DRV-0058,200,,20.8,2895.26,Approved
3969,2026-06-SOP,2026-10,DRV-0059,100,,28.08,5922.14,Approved
3970,2026-06-SOP,2026-10,DRV-0060,200,,35.36,549.66,Approved
3971,2026-06-SOP,2026-10,SYS-0001,100,CUST-0224,42.64,722.81,Approved
3972,2026-06-SOP,2026-10,SYS-0002,300,,49.92,1854.09,Approved
3973,2026-06-SOP,2026-10,SYS-0003,100,,57.2,1215.35,Approved
3974,2026-06-SOP,2026-10,SYS-0004,300,,64.48,424.8,Approved
3975,2026-06-SOP,2026-10,SYS-0005,100,CUST-0036,71.76,421.74,Approved
3976,2026-06-SOP,2026-10,SYS-0006,300,,79.04,632.78,Approved
3977,2026-06-SOP,2026-10,SYS-0007,100,,13.52,1323.63,Approved
3978,2026-06-SOP,2026-10,SYS-0008,300,,20.8,325.39,Approved
3979,2026-06-SOP,2026-10,SYS-0009,100,CUST-0088,28.08,833.44,Approved
3980,2026-06-SOP,2026-10,SYS-0010,300,,35.36,1565.46,Approved
3981,2026-06-SOP,2026-10,SYS-0011,100,,42.64,1594.53,Approved
3982,2026-06-SOP,2026-10,SYS-0012,300,,49.92,777.71,Approved
3983,2026-06-SOP,2026-10,SYS-0013,100,CUST-0140,57.2,1263.45,Approved
3984,2026-06-SOP,2026-10,SYS-0014,300,,64.48,1245.69,Approved
3985,2026-06-SOP,2026-10,SYS-0015,100,,71.76,8212.78,Approved
3986,2026-06-SOP,2026-10,SYS-0016,300,,79.04,3063.95,Approved
3987,2026-06-SOP,2026-10,SYS-0017,100,CUST-0192,13.52,4415.6,Approved
3988,2026-06-SOP,2026-10,SYS-0018,300,,20.8,986.55,Approved
3989,2026-06-SOP,2026-10,SYS-0019,100,,28.08,2568.76,Approved
3990,2026-06-SOP,2026-10,SYS-0020,300,,35.36,5725.59,Approved
3991,2026-06-SOP,2026-10,SYS-0021,100,CUST-0004,42.64,2846.94,Approved
3992,2026-06-SOP,2026-10,SYS-0022,300,,49.92,7410.76,Approved
3993,2026-06-SOP,2026-10,SYS-0023,100,,57.2,3536.2,Approved
3994,2026-06-SOP,2026-10,SYS-0024,300,,64.48,8836.05,Approved
3995,2026-06-SOP,2026-10,SYS-0025,100,CUST-0056,71.76,818.44,Approved
3996,2026-06-SOP,2026-10,SYS-0026,300,,79.04,2002.44,Approved
3997,2026-06-SOP,2026-10,SYS-0027,100,,13.52,1450.07,Approved
3998,2026-06-SOP,2026-10,SYS-0028,300,,20.8,3107.59,Approved
3999,2026-06-SOP,2026-10,SYS-0029,100,CUST-0108,28.08,1731.96,Approved
4000,2026-06-SOP,2026-10,SYS-0030,300,,35.36,5013.39,Approved
4001,2026-06-SOP,2026-11,ACT-0001,100,CUST-0005,54.08,3393.07,Approved
4002,2026-06-SOP,2026-11,ACT-0002,200,,61.36,577.45,Approved
4003,2026-06-SOP,2026-11,ACT-0003,100,,68.64,2938.68,Approved
4004,2026-06-SOP,2026-11,ACT-0004,200,,75.92,302.85,Approved
4005,2026-06-SOP,2026-11,ACT-0005,100,CUST-0057,10.4,1195.71,Approved
4006,2026-06-SOP,2026-11,ACT-0006,200,,17.68,802.09,Approved
4007,2026-06-SOP,2026-11,ACT-0007,100,,24.96,4323.02,Approved
4008,2026-06-SOP,2026-11,ACT-0008,200,,32.24,325.41,Approved
4009,2026-06-SOP,2026-11,ACT-0009,100,CUST-0109,39.52,527.67,Approved
4010,2026-06-SOP,2026-11,ACT-0010,200,,46.8,3284.37,Approved
4011,2026-06-SOP,2026-11,ACT-0011,100,,54.08,621.76,Approved
4012,2026-06-SOP,2026-11,ACT-0012,200,,61.36,470.39,Approved
4013,2026-06-SOP,2026-11,ACT-0013,100,CUST-0161,68.64,571.98,Approved
4014,2026-06-SOP,2026-11,ACT-0014,200,,75.92,850.75,Approved
4015,2026-06-SOP,2026-11,ACT-0015,100,,10.4,1535.5,Approved
4016,2026-06-SOP,2026-11,ACT-0016,200,,17.68,314.86,Approved
4017,2026-06-SOP,2026-11,ACT-0017,100,CUST-0213,24.96,930.22,Approved
4018,2026-06-SOP,2026-11,ACT-0018,200,,32.24,1572.91,Approved
4019,2026-06-SOP,2026-11,ACT-0019,100,,39.52,1892.53,Approved
4020,2026-06-SOP,2026-11,ACT-0020,200,,46.8,963.38,Approved
4021,2026-06-SOP,2026-11,ACT-0021,100,CUST-0025,54.08,1450.19,Approved
4022,2026-06-SOP,2026-11,ACT-0022,200,,61.36,1414.86,Approved
4023,2026-06-SOP,2026-11,ACT-0023,100,,68.64,3351.06,Approved
4024,2026-06-SOP,2026-11,ACT-0024,200,,75.92,2938.87,Approved
4025,2026-06-SOP,2026-11,ACT-0025,100,CUST-0077,10.4,4173.42,Approved
4026,2026-06-SOP,2026-11,ACT-0026,200,,17.68,2506.29,Approved
4027,2026-06-SOP,2026-11,ACT-0027,100,,24.96,4273.51,Approved
4028,2026-06-SOP,2026-11,ACT-0028,200,,32.24,333.73,Approved
4029,2026-06-SOP,2026-11,ACT-0029,100,CUST-0129,39.52,1318.94,Approved
4030,2026-06-SOP,2026-11,ACT-0030,200,,46.8,643.14,Approved
4031,2026-06-SOP,2026-11,ACT-0031,100,,54.08,3710.38,Approved
4032,2026-06-SOP,2026-11,ACT-0032,200,,61.36,347.28,Approved
4033,2026-06-SOP,2026-11,ACT-0033,100,CUST-0181,68.64,2003.29,Approved
4034,2026-06-SOP,2026-11,ACT-0034,200,,75.92,521.08,Approved
4035,2026-06-SOP,2026-11,ACT-0035,100,,10.4,3068.53,Approved
4036,2026-06-SOP,2026-11,ACT-0036,200,,17.68,296.0,Approved
4037,2026-06-SOP,2026-11,ACT-0037,100,CUST-0233,24.96,5494.71,Approved
4038,2026-06-SOP,2026-11,ACT-0038,200,,32.24,622.01,Approved
4039,2026-06-SOP,2026-11,ACT-0039,100,,39.52,1134.13,Approved
4040,2026-06-SOP,2026-11,ACT-0040,200,,46.8,302.76,Approved
4041,2026-06-SOP,2026-11,ACT-0041,100,CUST-0045,54.08,682.35,Approved
4042,2026-06-SOP,2026-11,ACT-0042,200,,61.36,1005.42,Approved
4043,2026-06-SOP,2026-11,ACT-0043,100,,68.64,713.94,Approved
4044,2026-06-SOP,2026-11,ACT-0044,200,,75.92,277.0,Approved
4045,2026-06-SOP,2026-11,ACT-0045,100,CUST-0097,10.4,458.79,Approved
4046,2026-06-SOP,2026-11,ACT-0046,200,,17.68,811.03,Approved
4047,2026-06-SOP,2026-11,ACT-0047,100,,24.96,1161.02,Approved
4048,2026-06-SOP,2026-11,ACT-0048,200,,32.24,589.86,Approved
4049,2026-06-SOP,2026-11,ACT-0049,100,CUST-0149,39.52,1297.33,Approved
4050,2026-06-SOP,2026-11,ACT-0050,200,,46.8,1523.79,Approved
4051,2026-06-SOP,2026-11,ACT-0051,100,,54.08,6594.64,Approved
4052,2026-06-SOP,2026-11,ACT-0052,200,,61.36,950.81,Approved
4053,2026-06-SOP,2026-11,ACT-0053,100,CUST-0201,68.64,683.13,Approved
4054,2026-06-SOP,2026-11,ACT-0054,200,,75.92,5794.82,Approved
4055,2026-06-SOP,2026-11,ACT-0055,100,,10.4,3284.38,Approved
4056,2026-06-SOP,2026-11,ACT-0056,200,,17.68,966.53,Approved
4057,2026-06-SOP,2026-11,ACT-0057,100,CUST-0013,24.96,3745.03,Approved
4058,2026-06-SOP,2026-11,ACT-0058,200,,32.24,522.61,Approved
4059,2026-06-SOP,2026-11,ACT-0059,100,,39.52,1265.87,Approved
4060,2026-06-SOP,2026-11,ACT-0060,200,,46.8,325.39,Approved
4061,2026-06-SOP,2026-11,AFT-0001,100,CUST-0065,54.08,2613.91,Approved
4062,2026-06-SOP,2026-11,AFT-0002,100,,61.36,2515.69,Approved
4063,2026-06-SOP,2026-11,AFT-0003,300,,68.64,7053.19,Approved
4064,2026-06-SOP,2026-11,AFT-0004,100,,75.92,3062.37,Approved
4065,2026-06-SOP,2026-11,AFT-0005,100,CUST-0117,10.4,3383.96,Approved
4066,2026-06-SOP,2026-11,AFT-0006,300,,17.68,8463.22,Approved
4067,2026-06-SOP,2026-11,AFT-0007,100,,24.96,441.75,Approved
4068,2026-06-SOP,2026-11,AFT-0008,100,,32.24,367.12,Approved
4069,2026-06-SOP,2026-11,AFT-0009,300,CUST-0169,39.52,958.09,Approved
4070,2026-06-SOP,2026-11,AFT-0010,100,,46.8,346.63,Approved
4071,2026-06-SOP,2026-11,AFT-0011,100,,54.08,656.8,Approved
4072,2026-06-SOP,2026-11,AFT-0012,300,,61.36,1455.78,Approved
4073,2026-06-SOP,2026-11,AFT-0013,100,CUST-0221,68.64,4333.25,Approved
4074,2026-06-SOP,2026-11,AFT-0014,100,,75.92,1397.01,Approved
4075,2026-06-SOP,2026-11,AFT-0015,300,,10.4,1703.35,Approved
4076,2026-06-SOP,2026-11,AFT-0016,100,,17.68,2602.48,Approved
4077,2026-06-SOP,2026-11,AFT-0017,100,CUST-0033,24.96,2665.45,Approved
4078,2026-06-SOP,2026-11,AFT-0018,300,,32.24,833.83,Approved
4079,2026-06-SOP,2026-11,AFT-0019,100,,39.52,1115.51,Approved
4080,2026-06-SOP,2026-11,AFT-0020,100,,46.8,1152.62,Approved
4081,2026-06-SOP,2026-11,AFT-0021,300,CUST-0085,54.08,589.88,Approved
4082,2026-06-SOP,2026-11,AFT-0022,100,,61.36,341.47,Approved
4083,2026-06-SOP,2026-11,AFT-0023,100,,68.64,420.28,Approved
4084,2026-06-SOP,2026-11,AFT-0024,300,,75.92,913.31,Approved
4085,2026-06-SOP,2026-11,AFT-0025,100,CUST-0137,10.4,679.8,Approved
4086,2026-06-SOP,2026-11,AFT-0026,100,,17.68,281.97,Approved
4087,2026-06-SOP,2026-11,AFT-0027,300,,24.96,482.44,Approved
4088,2026-06-SOP,2026-11,AFT-0028,100,,32.24,522.03,Approved
4089,2026-06-SOP,2026-11,AFT-0029,100,CUST-0189,39.52,664.14,Approved
4090,2026-06-SOP,2026-11,AFT-0030,300,,46.8,526.18,Approved
4091,2026-06-SOP,2026-11,AFT-0031,100,,54.08,484.64,Approved
4092,2026-06-SOP,2026-11,AFT-0032,100,,61.36,950.13,Approved
4093,2026-06-SOP,2026-11,AFT-0033,300,CUST-0001,68.64,1445.9,Approved
4094,2026-06-SOP,2026-11,AFT-0034,100,,75.92,736.99,Approved
4095,2026-06-SOP,2026-11,AFT-0035,100,,10.4,3421.66,Approved
4096,2026-06-SOP,2026-11,AFT-0036,300,,17.68,1440.35,Approved
4097,2026-06-SOP,2026-11,AFT-0037,100,CUST-0053,24.96,4734.4,Approved
4098,2026-06-SOP,2026-11,AFT-0038,100,,32.24,2124.33,Approved
4099,2026-06-SOP,2026-11,AFT-0039,300,,39.52,12219.16,Approved
4100,2026-06-SOP,2026-11,AFT-0040,100,,46.8,822.39,Approved
4101,2026-06-SOP,2026-11,AFT-0041,100,CUST-0105,54.08,1710.34,Approved
4102,2026-06-SOP,2026-11,AFT-0042,300,,61.36,446.63,Approved
4103,2026-06-SOP,2026-11,AFT-0043,100,,68.64,1063.23,Approved
4104,2026-06-SOP,2026-11,AFT-0044,100,,75.92,1541.8,Approved
4105,2026-06-SOP,2026-11,AFT-0045,300,CUST-0157,10.4,1990.34,Approved
4106,2026-06-SOP,2026-11,AFT-0046,100,,17.68,948.77,Approved
4107,2026-06-SOP,2026-11,AFT-0047,100,,24.96,2719.51,Approved
4108,2026-06-SOP,2026-11,AFT-0048,300,,32.24,3814.99,Approved
4109,2026-06-SOP,2026-11,AFT-0049,100,CUST-0209,39.52,1074.55,Approved
4110,2026-06-SOP,2026-11,AFT-0050,100,,46.8,3744.41,Approved
4111,2026-06-SOP,2026-11,AFT-0051,300,,54.08,2067.42,Approved
4112,2026-06-SOP,2026-11,AFT-0052,100,,61.36,493.16,Approved
4113,2026-06-SOP,2026-11,AFT-0053,100,CUST-0021,68.64,692.84,Approved
4114,2026-06-SOP,2026-11,AFT-0054,300,,75.92,403.93,Approved
4115,2026-06-SOP,2026-11,AFT-0055,100,,10.4,413.81,Approved
4116,2026-06-SOP,2026-11,AFT-0056,100,,17.68,576.28,Approved
4117,2026-06-SOP,2026-11,AFT-0057,300,CUST-0073,24.96,937.29,Approved
4118,2026-06-SOP,2026-11,AFT-0058,100,,32.24,382.45,Approved
4119,2026-06-SOP,2026-11,AFT-0059,100,,39.52,422.02,Approved
4120,2026-06-SOP,2026-11,AFT-0060,300,,46.8,545.47,Approved
4121,2026-06-SOP,2026-11,CTL-0001,300,CUST-0125,54.08,3154.04,Approved
4122,2026-06-SOP,2026-11,CTL-0002,300,,61.36,1616.96,Approved
4123,2026-06-SOP,2026-11,CTL-0003,300,,68.64,2642.0,Approved
4124,2026-06-SOP,2026-11,CTL-0004,300,,75.92,2103.44,Approved
4125,2026-06-SOP,2026-11,CTL-0005,300,CUST-0177,10.4,1638.4,Approved
4126,2026-06-SOP,2026-11,CTL-0006,300,,17.68,2513.14,Approved
4127,2026-06-SOP,2026-11,CTL-0007,300,,24.96,3152.81,Approved
4128,2026-06-SOP,2026-11,CTL-0008,300,,32.24,1030.14,Approved
4129,2026-06-SOP,2026-11,CTL-0009,300,CUST-0229,39.52,2155.31,Approved
4130,2026-06-SOP,2026-11,CTL-0010,300,,46.8,4241.04,Approved
4131,2026-06-SOP,2026-11,CTL-0011,300,,54.08,4313.52,Approved
4132,2026-06-SOP,2026-11,CTL-0012,300,,61.36,6896.43,Approved
4133,2026-06-SOP,2026-11,CTL-0013,300,CUST-0041,68.64,421.31,Approved
4134,2026-06-SOP,2026-11,CTL-0014,300,,75.92,537.61,Approved
4135,2026-06-SOP,2026-11,CTL-0015,300,,10.4,732.35,Approved
4136,2026-06-SOP,2026-11,CTL-0016,300,,17.68,401.54,Approved
4137,2026-06-SOP,2026-11,CTL-0017,300,CUST-0093,24.96,367.57,Approved
4138,2026-06-SOP,2026-11,CTL-0018,300,,32.24,1037.97,Approved
4139,2026-06-SOP,2026-11,CTL-0019,300,,39.52,1552.09,Approved
4140,2026-06-SOP,2026-11,CTL-0020,300,,46.8,1073.61,Approved
4141,2026-06-SOP,2026-11,CTL-0021,300,CUST-0145,54.08,1213.21,Approved
4142,2026-06-SOP,2026-11,CTL-0022,300,,61.36,3000.17,Approved
4143,2026-06-SOP,2026-11,CTL-0023,300,,68.64,1828.13,Approved
4144,2026-06-SOP,2026-11,CTL-0024,300,,75.92,1167.46,Approved
4145,2026-06-SOP,2026-11,CTL-0025,300,CUST-0197,10.4,1879.61,Approved
4146,2026-06-SOP,2026-11,CTL-0026,300,,17.68,1606.72,Approved
4147,2026-06-SOP,2026-11,CTL-0027,300,,24.96,1644.02,Approved
4148,2026-06-SOP,2026-11,CTL-0028,300,,32.24,3370.5,Approved
4149,2026-06-SOP,2026-11,CTL-0029,300,CUST-0009,39.52,1081.35,Approved
4150,2026-06-SOP,2026-11,CTL-0030,300,,46.8,4306.68,Approved
4151,2026-06-SOP,2026-11,CTL-0031,300,,54.08,2916.96,Approved
4152,2026-06-SOP,2026-11,CTL-0032,300,,61.36,2951.41,Approved
4153,2026-06-SOP,2026-11,CTL-0033,300,CUST-0061,68.64,5656.23,Approved
4154,2026-06-SOP,2026-11,CTL-0034,300,,75.92,3041.5,Approved
4155,2026-06-SOP,2026-11,CTL-0035,300,,10.4,4406.64,Approved
4156,2026-06-SOP,2026-11,CTL-0036,300,,17.68,5442.41,Approved
4157,2026-06-SOP,2026-11,CTL-0037,300,CUST-0113,24.96,6369.84,Approved
4158,2026-06-SOP,2026-11,CTL-0038,300,,32.24,2429.78,Approved
4159,2026-06-SOP,2026-11,CTL-0039,300,,39.52,2854.21,Approved
4160,2026-06-SOP,2026-11,CTL-0040,300,,46.8,5682.14,Approved
4161,2026-06-SOP,2026-11,DRV-0001,100,CUST-0165,54.08,1684.36,Approved
4162,2026-06-SOP,2026-11,DRV-0002,200,,61.36,3244.03,Approved
4163,2026-06-SOP,2026-11,DRV-0003,100,,68.64,2854.57,Approved
4164,2026-06-SOP,2026-11,DRV-0004,200,,75.92,1126.84,Approved
4165,2026-06-SOP,2026-11,DRV-0005,100,CUST-0217,10.4,1735.42,Approved
4166,2026-06-SOP,2026-11,DRV-0006,200,,17.68,2693.59,Approved
4167,2026-06-SOP,2026-11,DRV-0007,100,,24.96,2086.0,Approved
4168,2026-06-SOP,2026-11,DRV-0008,200,,32.24,406.36,Approved
4169,2026-06-SOP,2026-11,DRV-0009,100,CUST-0029,39.52,435.44,Approved
4170,2026-06-SOP,2026-11,DRV-0010,200,,46.8,528.14,Approved
4171,2026-06-SOP,2026-11,DRV-0011,100,,54.08,1210.87,Approved
4172,2026-06-SOP,2026-11,DRV-0012,200,,61.36,352.63,Approved
4173,2026-06-SOP,2026-11,DRV-0013,100,CUST-0081,68.64,809.45,Approved
4174,2026-06-SOP,2026-11,DRV-0014,200,,75.92,1502.83,Approved
4175,2026-06-SOP,2026-11,DRV-0015,100,,10.4,1927.7,Approved
4176,2026-06-SOP,2026-11,DRV-0016,200,,17.68,545.44,Approved
4177,2026-06-SOP,2026-11,DRV-0017,100,CUST-0133,24.96,1126.14,Approved
4178,2026-06-SOP,2026-11,DRV-0018,200,,32.24,2159.93,Approved
4179,2026-06-SOP,2026-11,DRV-0019,100,,39.52,2096.4,Approved
4180,2026-06-SOP,2026-11,DRV-0020,200,,46.8,1449.68,Approved
4181,2026-06-SOP,2026-11,DRV-0021,100,CUST-0185,54.08,1578.52,Approved
4182,2026-06-SOP,2026-11,DRV-0022,200,,61.36,6560.95,Approved
4183,2026-06-SOP,2026-11,DRV-0023,100,,68.64,2081.07,Approved
4184,2026-06-SOP,2026-11,DRV-0024,200,,75.92,2355.97,Approved
4185,2026-06-SOP,2026-11,DRV-0025,100,CUST-0237,10.4,3295.38,Approved
4186,2026-06-SOP,2026-11,DRV-0026,200,,17.68,953.4,Approved
4187,2026-06-SOP,2026-11,DRV-0027,100,,24.96,1770.83,Approved
4188,2026-06-SOP,2026-11,DRV-0028,200,,32.24,3628.75,Approved
4189,2026-06-SOP,2026-11,DRV-0029,100,CUST-0049,39.52,2526.8,Approved
4190,2026-06-SOP,2026-11,DRV-0030,200,,46.8,639.6,Approved
4191,2026-06-SOP,2026-11,DRV-0031,100,,54.08,2018.83,Approved
4192,2026-06-SOP,2026-11,DRV-0032,200,,61.36,357.16,Approved
4193,2026-06-SOP,2026-11,DRV-0033,100,CUST-0101,68.64,1678.97,Approved
4194,2026-06-SOP,2026-11,DRV-0034,200,,75.92,642.41,Approved
4195,2026-06-SOP,2026-11,DRV-0035,100,,10.4,1390.95,Approved
4196,2026-06-SOP,2026-11,DRV-0036,200,,17.68,2339.36,Approved
4197,2026-06-SOP,2026-11,DRV-0037,100,CUST-0153,24.96,6384.99,Approved
4198,2026-06-SOP,2026-11,DRV-0038,200,,32.24,788.88,Approved
4199,2026-06-SOP,2026-11,DRV-0039,100,,39.52,566.56,Approved
4200,2026-06-SOP,2026-11,DRV-0040,200,,46.8,326.81,Approved
4201,2026-06-SOP,2026-11,DRV-0041,100,CUST-0205,54.08,411.3,Approved
4202,2026-06-SOP,2026-11,DRV-0042,200,,61.36,630.06,Approved
4203,2026-06-SOP,2026-11,DRV-0043,100,,68.64,908.86,Approved
4204,2026-06-SOP,2026-11,DRV-0044,200,,75.92,312.91,Approved
4205,2026-06-SOP,2026-11,DRV-0045,100,CUST-0017,10.4,549.0,Approved
4206,2026-06-SOP,2026-11,DRV-0046,200,,17.68,1290.18,Approved
4207,2026-06-SOP,2026-11,DRV-0047,100,,24.96,5574.81,Approved
4208,2026-06-SOP,2026-11,DRV-0048,200,,32.24,1387.94,Approved
4209,2026-06-SOP,2026-11,DRV-0049,100,CUST-0069,39.52,1845.83,Approved
4210,2026-06-SOP,2026-11,DRV-0050,200,,46.8,4902.03,Approved
4211,2026-06-SOP,2026-11,DRV-0051,100,,54.08,4518.53,Approved
4212,2026-06-SOP,2026-11,DRV-0052,200,,61.36,1881.35,Approved
4213,2026-06-SOP,2026-11,DRV-0053,100,CUST-0121,68.64,3670.49,Approved
4214,2026-06-SOP,2026-11,DRV-0054,200,,75.92,3565.79,Approved
4215,2026-06-SOP,2026-11,DRV-0055,100,,10.4,8182.45,Approved
4216,2026-06-SOP,2026-11,DRV-0056,200,,17.68,4604.88,Approved
4217,2026-06-SOP,2026-11,DRV-0057,100,CUST-0173,24.96,6047.16,Approved
4218,2026-06-SOP,2026-11,DRV-0058,200,,32.24,2895.26,Approved
4219,2026-06-SOP,2026-11,DRV-0059,100,,39.52,5922.14,Approved
4220,2026-06-SOP,2026-11,DRV-0060,200,,46.8,549.66,Approved
4221,2026-06-SOP,2026-11,SYS-0001,100,CUST-0225,54.08,722.81,Approved
4222,2026-06-SOP,2026-11,SYS-0002,300,,61.36,1854.09,Approved
4223,2026-06-SOP,2026-11,SYS-0003,100,,68.64,1215.35,Approved
4224,2026-06-SOP,2026-11,SYS-0004,300,,75.92,424.8,Approved
4225,2026-06-SOP,2026-11,SYS-0005,100,CUST-0037,10.4,421.74,Approved
4226,2026-06-SOP,2026-11,SYS-0006,300,,17.68,632.78,Approved
4227,2026-06-SOP,2026-11,SYS-0007,100,,24.96,1323.63,Approved
4228,2026-06-SOP,2026-11,SYS-0008,300,,32.24,325.39,Approved
4229,2026-06-SOP,2026-11,SYS-0009,100,CUST-0089,39.52,833.44,Approved
4230,2026-06-SOP,2026-11,SYS-0010,300,,46.8,1565.46,Approved
4231,2026-06-SOP,2026-11,SYS-0011,100,,54.08,1594.53,Approved
4232,2026-06-SOP,2026-11,SYS-0012,300,,61.36,777.71,Approved
4233,2026-06-SOP,2026-11,SYS-0013,100,CUST-0141,68.64,1263.45,Approved
4234,2026-06-SOP,2026-11,SYS-0014,300,,75.92,1245.69,Approved
4235,2026-06-SOP,2026-11,SYS-0015,100,,10.4,8212.78,Approved
4236,2026-06-SOP,2026-11,SYS-0016,300,,17.68,3063.95,Approved
4237,2026-06-SOP,2026-11,SYS-0017,100,CUST-0193,24.96,4415.6,Approved
4238,2026-06-SOP,2026-11,SYS-0018,300,,32.24,986.55,Approved
4239,2026-06-SOP,2026-11,SYS-0019,100,,39.52,2568.76,Approved
4240,2026-06-SOP,2026-11,SYS-0020,300,,46.8,5725.59,Approved
4241,2026-06-SOP,2026-11,SYS-0021,100,CUST-0005,54.08,2846.94,Approved
4242,2026-06-SOP,2026-11,SYS-0022,300,,61.36,7410.76,Approved
4243,2026-06-SOP,2026-11,SYS-0023,100,,68.64,3536.2,Approved
4244,2026-06-SOP,2026-11,SYS-0024,300,,75.92,8836.05,Approved
4245,2026-06-SOP,2026-11,SYS-0025,100,CUST-0057,10.4,818.44,Approved
4246,2026-06-SOP,2026-11,SYS-0026,300,,17.68,2002.44,Approved
4247,2026-06-SOP,2026-11,SYS-0027,100,,24.96,1450.07,Approved
4248,2026-06-SOP,2026-11,SYS-0028,300,,32.24,3107.59,Approved
4249,2026-06-SOP,2026-11,SYS-0029,100,CUST-0109,39.52,1731.96,Approved
4250,2026-06-SOP,2026-11,SYS-0030,300,,46.8,5013.39,Approved
4251,2026-06-SOP,2026-12,ACT-0001,100,CUST-0006,65.52,3393.07,Approved
4252,2026-06-SOP,2026-12,ACT-0002,200,,72.8,577.45,Approved
4253,2026-06-SOP,2026-12,ACT-0003,100,,80.08,2938.68,Approved
4254,2026-06-SOP,2026-12,ACT-0004,200,,14.56,302.85,Approved
4255,2026-06-SOP,2026-12,ACT-0005,100,CUST-0058,21.84,1195.71,Approved
4256,2026-06-SOP,2026-12,ACT-0006,200,,29.12,802.09,Approved
4257,2026-06-SOP,2026-12,ACT-0007,100,,36.4,4323.02,Approved
4258,2026-06-SOP,2026-12,ACT-0008,200,,43.68,325.41,Approved
4259,2026-06-SOP,2026-12,ACT-0009,100,CUST-0110,50.96,527.67,Approved
4260,2026-06-SOP,2026-12,ACT-0010,200,,58.24,3284.37,Approved
4261,2026-06-SOP,2026-12,ACT-0011,100,,65.52,621.76,Approved
4262,2026-06-SOP,2026-12,ACT-0012,200,,72.8,470.39,Approved
4263,2026-06-SOP,2026-12,ACT-0013,100,CUST-0162,80.08,571.98,Approved
4264,2026-06-SOP,2026-12,ACT-0014,200,,14.56,850.75,Approved
4265,2026-06-SOP,2026-12,ACT-0015,100,,21.84,1535.5,Approved
4266,2026-06-SOP,2026-12,ACT-0016,200,,29.12,314.86,Approved
4267,2026-06-SOP,2026-12,ACT-0017,100,CUST-0214,36.4,930.22,Approved
4268,2026-06-SOP,2026-12,ACT-0018,200,,43.68,1572.91,Approved
4269,2026-06-SOP,2026-12,ACT-0019,100,,50.96,1892.53,Approved
4270,2026-06-SOP,2026-12,ACT-0020,200,,58.24,963.38,Approved
4271,2026-06-SOP,2026-12,ACT-0021,100,CUST-0026,65.52,1450.19,Approved
4272,2026-06-SOP,2026-12,ACT-0022,200,,72.8,1414.86,Approved
4273,2026-06-SOP,2026-12,ACT-0023,100,,80.08,3351.06,Approved
4274,2026-06-SOP,2026-12,ACT-0024,200,,14.56,2938.87,Approved
4275,2026-06-SOP,2026-12,ACT-0025,100,CUST-0078,21.84,4173.42,Approved
4276,2026-06-SOP,2026-12,ACT-0026,200,,29.12,2506.29,Approved
4277,2026-06-SOP,2026-12,ACT-0027,100,,36.4,4273.51,Approved
4278,2026-06-SOP,2026-12,ACT-0028,200,,43.68,333.73,Approved
4279,2026-06-SOP,2026-12,ACT-0029,100,CUST-0130,50.96,1318.94,Approved
4280,2026-06-SOP,2026-12,ACT-0030,200,,58.24,643.14,Approved
4281,2026-06-SOP,2026-12,ACT-0031,100,,65.52,3710.38,Approved
4282,2026-06-SOP,2026-12,ACT-0032,200,,72.8,347.28,Approved
4283,2026-06-SOP,2026-12,ACT-0033,100,CUST-0182,80.08,2003.29,Approved
4284,2026-06-SOP,2026-12,ACT-0034,200,,14.56,521.08,Approved
4285,2026-06-SOP,2026-12,ACT-0035,100,,21.84,3068.53,Approved
4286,2026-06-SOP,2026-12,ACT-0036,200,,29.12,296.0,Approved
4287,2026-06-SOP,2026-12,ACT-0037,100,CUST-0234,36.4,5494.71,Approved
4288,2026-06-SOP,2026-12,ACT-0038,200,,43.68,622.01,Approved
4289,2026-06-SOP,2026-12,ACT-0039,100,,50.96,1134.13,Approved
4290,2026-06-SOP,2026-12,ACT-0040,200,,58.24,302.76,Approved
4291,2026-06-SOP,2026-12,ACT-0041,100,CUST-0046,65.52,682.35,Approved
4292,2026-06-SOP,2026-12,ACT-0042,200,,72.8,1005.42,Approved
4293,2026-06-SOP,2026-12,ACT-0043,100,,80.08,713.94,Approved
4294,2026-06-SOP,2026-12,ACT-0044,200,,14.56,277.0,Approved
4295,2026-06-SOP,2026-12,ACT-0045,100,CUST-0098,21.84,458.79,Approved
4296,2026-06-SOP,2026-12,ACT-0046,200,,29.12,811.03,Approved
4297,2026-06-SOP,2026-12,ACT-0047,100,,36.4,1161.02,Approved
4298,2026-06-SOP,2026-12,ACT-0048,200,,43.68,589.86,Approved
4299,2026-06-SOP,2026-12,ACT-0049,100,CUST-0150,50.96,1297.33,Approved
4300,2026-06-SOP,2026-12,ACT-0050,200,,58.24,1523.79,Approved
4301,2026-06-SOP,2026-12,ACT-0051,100,,65.52,6594.64,Approved
4302,2026-06-SOP,2026-12,ACT-0052,200,,72.8,950.81,Approved
4303,2026-06-SOP,2026-12,ACT-0053,100,CUST-0202,80.08,683.13,Approved
4304,2026-06-SOP,2026-12,ACT-0054,200,,14.56,5794.82,Approved
4305,2026-06-SOP,2026-12,ACT-0055,100,,21.84,3284.38,Approved
4306,2026-06-SOP,2026-12,ACT-0056,200,,29.12,966.53,Approved
4307,2026-06-SOP,2026-12,ACT-0057,100,CUST-0014,36.4,3745.03,Approved
4308,2026-06-SOP,2026-12,ACT-0058,200,,43.68,522.61,Approved
4309,2026-06-SOP,2026-12,ACT-0059,100,,50.96,1265.87,Approved
4310,2026-06-SOP,2026-12,ACT-0060,200,,58.24,325.39,Approved
4311,2026-06-SOP,2026-12,AFT-0001,100,CUST-0066,65.52,2613.91,Approved
4312,2026-06-SOP,2026-12,AFT-0002,100,,72.8,2515.69,Approved
4313,2026-06-SOP,2026-12,AFT-0003,300,,80.08,7053.19,Approved
4314,2026-06-SOP,2026-12,AFT-0004,100,,14.56,3062.37,Approved
4315,2026-06-SOP,2026-12,AFT-0005,100,CUST-0118,21.84,3383.96,Approved
4316,2026-06-SOP,2026-12,AFT-0006,300,,29.12,8463.22,Approved
4317,2026-06-SOP,2026-12,AFT-0007,100,,36.4,441.75,Approved
4318,2026-06-SOP,2026-12,AFT-0008,100,,43.68,367.12,Approved
4319,2026-06-SOP,2026-12,AFT-0009,300,CUST-0170,50.96,958.09,Approved
4320,2026-06-SOP,2026-12,AFT-0010,100,,58.24,346.63,Approved
4321,2026-06-SOP,2026-12,AFT-0011,100,,65.52,656.8,Approved
4322,2026-06-SOP,2026-12,AFT-0012,300,,72.8,1455.78,Approved
4323,2026-06-SOP,2026-12,AFT-0013,100,CUST-0222,80.08,4333.25,Approved
4324,2026-06-SOP,2026-12,AFT-0014,100,,14.56,1397.01,Approved
4325,2026-06-SOP,2026-12,AFT-0015,300,,21.84,1703.35,Approved
4326,2026-06-SOP,2026-12,AFT-0016,100,,29.12,2602.48,Approved
4327,2026-06-SOP,2026-12,AFT-0017,100,CUST-0034,36.4,2665.45,Approved
4328,2026-06-SOP,2026-12,AFT-0018,300,,43.68,833.83,Approved
4329,2026-06-SOP,2026-12,AFT-0019,100,,50.96,1115.51,Approved
4330,2026-06-SOP,2026-12,AFT-0020,100,,58.24,1152.62,Approved
4331,2026-06-SOP,2026-12,AFT-0021,300,CUST-0086,65.52,589.88,Approved
4332,2026-06-SOP,2026-12,AFT-0022,100,,72.8,341.47,Approved
4333,2026-06-SOP,2026-12,AFT-0023,100,,80.08,420.28,Approved
4334,2026-06-SOP,2026-12,AFT-0024,300,,14.56,913.31,Approved
4335,2026-06-SOP,2026-12,AFT-0025,100,CUST-0138,21.84,679.8,Approved
4336,2026-06-SOP,2026-12,AFT-0026,100,,29.12,281.97,Approved
4337,2026-06-SOP,2026-12,AFT-0027,300,,36.4,482.44,Approved
4338,2026-06-SOP,2026-12,AFT-0028,100,,43.68,522.03,Approved
4339,2026-06-SOP,2026-12,AFT-0029,100,CUST-0190,50.96,664.14,Approved
4340,2026-06-SOP,2026-12,AFT-0030,300,,58.24,526.18,Approved
4341,2026-06-SOP,2026-12,AFT-0031,100,,65.52,484.64,Approved
4342,2026-06-SOP,2026-12,AFT-0032,100,,72.8,950.13,Approved
4343,2026-06-SOP,2026-12,AFT-0033,300,CUST-0002,80.08,1445.9,Approved
4344,2026-06-SOP,2026-12,AFT-0034,100,,14.56,736.99,Approved
4345,2026-06-SOP,2026-12,AFT-0035,100,,21.84,3421.66,Approved
4346,2026-06-SOP,2026-12,AFT-0036,300,,29.12,1440.35,Approved
4347,2026-06-SOP,2026-12,AFT-0037,100,CUST-0054,36.4,4734.4,Approved
4348,2026-06-SOP,2026-12,AFT-0038,100,,43.68,2124.33,Approved
4349,2026-06-SOP,2026-12,AFT-0039,300,,50.96,12219.16,Approved
4350,2026-06-SOP,2026-12,AFT-0040,100,,58.24,822.39,Approved
4351,2026-06-SOP,2026-12,AFT-0041,100,CUST-0106,65.52,1710.34,Approved
4352,2026-06-SOP,2026-12,AFT-0042,300,,72.8,446.63,Approved
4353,2026-06-SOP,2026-12,AFT-0043,100,,80.08,1063.23,Approved
4354,2026-06-SOP,2026-12,AFT-0044,100,,14.56,1541.8,Approved
4355,2026-06-SOP,2026-12,AFT-0045,300,CUST-0158,21.84,1990.34,Approved
4356,2026-06-SOP,2026-12,AFT-0046,100,,29.12,948.77,Approved
4357,2026-06-SOP,2026-12,AFT-0047,100,,36.4,2719.51,Approved
4358,2026-06-SOP,2026-12,AFT-0048,300,,43.68,3814.99,Approved
4359,2026-06-SOP,2026-12,AFT-0049,100,CUST-0210,50.96,1074.55,Approved
4360,2026-06-SOP,2026-12,AFT-0050,100,,58.24,3744.41,Approved
4361,2026-06-SOP,2026-12,AFT-0051,300,,65.52,2067.42,Approved
4362,2026-06-SOP,2026-12,AFT-0052,100,,72.8,493.16,Approved
4363,2026-06-SOP,2026-12,AFT-0053,100,CUST-0022,80.08,692.84,Approved
4364,2026-06-SOP,2026-12,AFT-0054,300,,14.56,403.93,Approved
4365,2026-06-SOP,2026-12,AFT-0055,100,,21.84,413.81,Approved
4366,2026-06-SOP,2026-12,AFT-0056,100,,29.12,576.28,Approved
4367,2026-06-SOP,2026-12,AFT-0057,300,CUST-0074,36.4,937.29,Approved
4368,2026-06-SOP,2026-12,AFT-0058,100,,43.68,382.45,Approved
4369,2026-06-SOP,2026-12,AFT-0059,100,,50.96,422.02,Approved
4370,2026-06-SOP,2026-12,AFT-0060,300,,58.24,545.47,Approved
4371,2026-06-SOP,2026-12,CTL-0001,300,CUST-0126,65.52,3154.04,Approved
4372,2026-06-SOP,2026-12,CTL-0002,300,,72.8,1616.96,Approved
4373,2026-06-SOP,2026-12,CTL-0003,300,,80.08,2642.0,Approved
4374,2026-06-SOP,2026-12,CTL-0004,300,,14.56,2103.44,Approved
4375,2026-06-SOP,2026-12,CTL-0005,300,CUST-0178,21.84,1638.4,Approved
4376,2026-06-SOP,2026-12,CTL-0006,300,,29.12,2513.14,Approved
4377,2026-06-SOP,2026-12,CTL-0007,300,,36.4,3152.81,Approved
4378,2026-06-SOP,2026-12,CTL-0008,300,,43.68,1030.14,Approved
4379,2026-06-SOP,2026-12,CTL-0009,300,CUST-0230,50.96,2155.31,Approved
4380,2026-06-SOP,2026-12,CTL-0010,300,,58.24,4241.04,Approved
4381,2026-06-SOP,2026-12,CTL-0011,300,,65.52,4313.52,Approved
4382,2026-06-SOP,2026-12,CTL-0012,300,,72.8,6896.43,Approved
4383,2026-06-SOP,2026-12,CTL-0013,300,CUST-0042,80.08,421.31,Approved
4384,2026-06-SOP,2026-12,CTL-0014,300,,14.56,537.61,Approved
4385,2026-06-SOP,2026-12,CTL-0015,300,,21.84,732.35,Approved
4386,2026-06-SOP,2026-12,CTL-0016,300,,29.12,401.54,Approved
4387,2026-06-SOP,2026-12,CTL-0017,300,CUST-0094,36.4,367.57,Approved
4388,2026-06-SOP,2026-12,CTL-0018,300,,43.68,1037.97,Approved
4389,2026-06-SOP,2026-12,CTL-0019,300,,50.96,1552.09,Approved
4390,2026-06-SOP,2026-12,CTL-0020,300,,58.24,1073.61,Approved
4391,2026-06-SOP,2026-12,CTL-0021,300,CUST-0146,65.52,1213.21,Approved
4392,2026-06-SOP,2026-12,CTL-0022,300,,72.8,3000.17,Approved
4393,2026-06-SOP,2026-12,CTL-0023,300,,80.08,1828.13,Approved
4394,2026-06-SOP,2026-12,CTL-0024,300,,14.56,1167.46,Approved
4395,2026-06-SOP,2026-12,CTL-0025,300,CUST-0198,21.84,1879.61,Approved
4396,2026-06-SOP,2026-12,CTL-0026,300,,29.12,1606.72,Approved
4397,2026-06-SOP,2026-12,CTL-0027,300,,36.4,1644.02,Approved
4398,2026-06-SOP,2026-12,CTL-0028,300,,43.68,3370.5,Approved
4399,2026-06-SOP,2026-12,CTL-0029,300,CUST-0010,50.96,1081.35,Approved
4400,2026-06-SOP,2026-12,CTL-0030,300,,58.24,4306.68,Approved
4401,2026-06-SOP,2026-12,CTL-0031,300,,65.52,2916.96,Approved
4402,2026-06-SOP,2026-12,CTL-0032,300,,72.8,2951.41,Approved
4403,2026-06-SOP,2026-12,CTL-0033,300,CUST-0062,80.08,5656.23,Approved
4404,2026-06-SOP,2026-12,CTL-0034,300,,14.56,3041.5,Approved
4405,2026-06-SOP,2026-12,CTL-0035,300,,21.84,4406.64,Approved
4406,2026-06-SOP,2026-12,CTL-0036,300,,29.12,5442.41,Approved
4407,2026-06-SOP,2026-12,CTL-0037,300,CUST-0114,36.4,6369.84,Approved
4408,2026-06-SOP,2026-12,CTL-0038,300,,43.68,2429.78,Approved
4409,2026-06-SOP,2026-12,CTL-0039,300,,50.96,2854.21,Approved
4410,2026-06-SOP,2026-12,CTL-0040,300,,58.24,5682.14,Approved
4411,2026-06-SOP,2026-12,DRV-0001,100,CUST-0166,65.52,1684.36,Approved
4412,2026-06-SOP,2026-12,DRV-0002,200,,72.8,3244.03,Approved
4413,2026-06-SOP,2026-12,DRV-0003,100,,80.08,2854.57,Approved
4414,2026-06-SOP,2026-12,DRV-0004,200,,14.56,1126.84,Approved
4415,2026-06-SOP,2026-12,DRV-0005,100,CUST-0218,21.84,1735.42,Approved
4416,2026-06-SOP,2026-12,DRV-0006,200,,29.12,2693.59,Approved
4417,2026-06-SOP,2026-12,DRV-0007,100,,36.4,2086.0,Approved
4418,2026-06-SOP,2026-12,DRV-0008,200,,43.68,406.36,Approved
4419,2026-06-SOP,2026-12,DRV-0009,100,CUST-0030,50.96,435.44,Approved
4420,2026-06-SOP,2026-12,DRV-0010,200,,58.24,528.14,Approved
4421,2026-06-SOP,2026-12,DRV-0011,100,,65.52,1210.87,Approved
4422,2026-06-SOP,2026-12,DRV-0012,200,,72.8,352.63,Approved
4423,2026-06-SOP,2026-12,DRV-0013,100,CUST-0082,80.08,809.45,Approved
4424,2026-06-SOP,2026-12,DRV-0014,200,,14.56,1502.83,Approved
4425,2026-06-SOP,2026-12,DRV-0015,100,,21.84,1927.7,Approved
4426,2026-06-SOP,2026-12,DRV-0016,200,,29.12,545.44,Approved
4427,2026-06-SOP,2026-12,DRV-0017,100,CUST-0134,36.4,1126.14,Approved
4428,2026-06-SOP,2026-12,DRV-0018,200,,43.68,2159.93,Approved
4429,2026-06-SOP,2026-12,DRV-0019,100,,50.96,2096.4,Approved
4430,2026-06-SOP,2026-12,DRV-0020,200,,58.24,1449.68,Approved
4431,2026-06-SOP,2026-12,DRV-0021,100,CUST-0186,65.52,1578.52,Approved
4432,2026-06-SOP,2026-12,DRV-0022,200,,72.8,6560.95,Approved
4433,2026-06-SOP,2026-12,DRV-0023,100,,80.08,2081.07,Approved
4434,2026-06-SOP,2026-12,DRV-0024,200,,14.56,2355.97,Approved
4435,2026-06-SOP,2026-12,DRV-0025,100,CUST-0238,21.84,3295.38,Approved
4436,2026-06-SOP,2026-12,DRV-0026,200,,29.12,953.4,Approved
4437,2026-06-SOP,2026-12,DRV-0027,100,,36.4,1770.83,Approved
4438,2026-06-SOP,2026-12,DRV-0028,200,,43.68,3628.75,Approved
4439,2026-06-SOP,2026-12,DRV-0029,100,CUST-0050,50.96,2526.8,Approved
4440,2026-06-SOP,2026-12,DRV-0030,200,,58.24,639.6,Approved
4441,2026-06-SOP,2026-12,DRV-0031,100,,65.52,2018.83,Approved
4442,2026-06-SOP,2026-12,DRV-0032,200,,72.8,357.16,Approved
4443,2026-06-SOP,2026-12,DRV-0033,100,CUST-0102,80.08,1678.97,Approved
4444,2026-06-SOP,2026-12,DRV-0034,200,,14.56,642.41,Approved
4445,2026-06-SOP,2026-12,DRV-0035,100,,21.84,1390.95,Approved
4446,2026-06-SOP,2026-12,DRV-0036,200,,29.12,2339.36,Approved
4447,2026-06-SOP,2026-12,DRV-0037,100,CUST-0154,36.4,6384.99,Approved
4448,2026-06-SOP,2026-12,DRV-0038,200,,43.68,788.88,Approved
4449,2026-06-SOP,2026-12,DRV-0039,100,,50.96,566.56,Approved
4450,2026-06-SOP,2026-12,DRV-0040,200,,58.24,326.81,Approved
4451,2026-06-SOP,2026-12,DRV-0041,100,CUST-0206,65.52,411.3,Approved
4452,2026-06-SOP,2026-12,DRV-0042,200,,72.8,630.06,Approved
4453,2026-06-SOP,2026-12,DRV-0043,100,,80.08,908.86,Approved
4454,2026-06-SOP,2026-12,DRV-0044,200,,14.56,312.91,Approved
4455,2026-06-SOP,2026-12,DRV-0045,100,CUST-0018,21.84,549.0,Approved
4456,2026-06-SOP,2026-12,DRV-0046,200,,29.12,1290.18,Approved
4457,2026-06-SOP,2026-12,DRV-0047,100,,36.4,5574.81,Approved
4458,2026-06-SOP,2026-12,DRV-0048,200,,43.68,1387.94,Approved
4459,2026-06-SOP,2026-12,DRV-0049,100,CUST-0070,50.96,1845.83,Approved
4460,2026-06-SOP,2026-12,DRV-0050,200,,58.24,4902.03,Approved
4461,2026-06-SOP,2026-12,DRV-0051,100,,65.52,4518.53,Approved
4462,2026-06-SOP,2026-12,DRV-0052,200,,72.8,1881.35,Approved
4463,2026-06-SOP,2026-12,DRV-0053,100,CUST-0122,80.08,3670.49,Approved
4464,2026-06-SOP,2026-12,DRV-0054,200,,14.56,3565.79,Approved
4465,2026-06-SOP,2026-12,DRV-0055,100,,21.84,8182.45,Approved
4466,2026-06-SOP,2026-12,DRV-0056,200,,29.12,4604.88,Approved
4467,2026-06-SOP,2026-12,DRV-0057,100,CUST-0174,36.4,6047.16,Approved
4468,2026-06-SOP,2026-12,DRV-0058,200,,43.68,2895.26,Approved
4469,2026-06-SOP,2026-12,DRV-0059,100,,50.96,5922.14,Approved
4470,2026-06-SOP,2026-12,DRV-0060,200,,58.24,549.66,Approved
4471,2026-06-SOP,2026-12,SYS-0001,100,CUST-0226,65.52,722.81,Approved
4472,2026-06-SOP,2026-12,SYS-0002,300,,72.8,1854.09,Approved
4473,2026-06-SOP,2026-12,SYS-0003,100,,80.08,1215.35,Approved
4474,2026-06-SOP,2026-12,SYS-0004,300,,14.56,424.8,Approved
4475,2026-06-SOP,2026-12,SYS-0005,100,CUST-0038,21.84,421.74,Approved
4476,2026-06-SOP,2026-12,SYS-0006,300,,29.12,632.78,Approved
4477,2026-06-SOP,2026-12,SYS-0007,100,,36.4,1323.63,Approved
4478,2026-06-SOP,2026-12,SYS-0008,300,,43.68,325.39,Approved
4479,2026-06-SOP,2026-12,SYS-0009,100,CUST-0090,50.96,833.44,Approved
4480,2026-06-SOP,2026-12,SYS-0010,300,,58.24,1565.46,Approved
4481,2026-06-SOP,2026-12,SYS-0011,100,,65.52,1594.53,Approved
4482,2026-06-SOP,2026-12,SYS-0012,300,,72.8,777.71,Approved
4483,2026-06-SOP,2026-12,SYS-0013,100,CUST-0142,80.08,1263.45,Approved
4484,2026-06-SOP,2026-12,SYS-0014,300,,14.56,1245.69,Approved
4485,2026-06-SOP,2026-12,SYS-0015,100,,21.84,8212.78,Approved
4486,2026-06-SOP,2026-12,SYS-0016,300,,29.12,3063.95,Approved
4487,2026-06-SOP,2026-12,SYS-0017,100,CUST-0194,36.4,4415.6,Approved
4488,2026-06-SOP,2026-12,SYS-0018,300,,43.68,986.55,Approved
4489,2026-06-SOP,2026-12,SYS-0019,100,,50.96,2568.76,Approved
4490,2026-06-SOP,2026-12,SYS-0020,300,,58.24,5725.59,Approved
4491,2026-06-SOP,2026-12,SYS-0021,100,CUST-0006,65.52,2846.94,Approved
4492,2026-06-SOP,2026-12,SYS-0022,300,,72.8,7410.76,Approved
4493,2026-06-SOP,2026-12,SYS-0023,100,,80.08,3536.2,Approved
4494,2026-06-SOP,2026-12,SYS-0024,300,,14.56,8836.05,Approved
4495,2026-06-SOP,2026-12,SYS-0025,100,CUST-0058,21.84,818.44,Approved
4496,2026-06-SOP,2026-12,SYS-0026,300,,29.12,2002.44,Approved
4497,2026-06-SOP,2026-12,SYS-0027,100,,36.4,1450.07,Approved
4498,2026-06-SOP,2026-12,SYS-0028,300,,43.68,3107.59,Approved
4499,2026-06-SOP,2026-12,SYS-0029,100,CUST-0110,50.96,1731.96,Approved
4500,2026-06-SOP,2026-12,SYS-0030,300,,58.24,5013.39,Approved
