id,bom_id,line_number,component_item_id,quantity_per,scrap_factor,issue_operation,cost_relevant
1,1,10,RM-0041,1.9,0.015,10,1
2,1,20,RM-0064,2.95,0.02,10,1
3,1,30,RM-0087,4.0,0.005,10,1
4,1,40,RM-0110,0.85,0.01,10,1
5,2,10,RM-0058,2.25,0.02,10,1
6,2,20,RM-0081,3.3,0.005,10,1
7,2,30,RM-0104,4.35,0.01,10,1
8,2,40,RM-0127,1.2,0.015,10,1
9,2,50,RM-0150,2.25,0.02,10,1
10,3,10,RM-0075,2.6,0.005,10,1
11,3,20,RM-0098,3.65,0.01,10,1
12,3,30,RM-0121,0.5,0.015,10,1
13,3,40,RM-0144,1.55,0.02,10,1
14,3,50,PC-0017,2.6,0.005,10,1
15,3,60,PC-0040,3.65,0.01,10,1
16,4,10,RM-0092,2.95,0.01,10,1
17,4,20,RM-0115,4.0,0.015,10,1
18,4,30,RM-0138,0.85,0.02,10,1
19,5,10,RM-0109,3.3,0.015,10,1
20,5,20,RM-0132,4.35,0.02,10,1
21,5,30,PC-0005,1.2,0.005,10,1
22,5,40,PC-0028,2.25,0.01,10,1
23,6,10,RM-0126,3.65,0.02,10,1
24,6,20,RM-0149,0.5,0.005,10,1
25,6,30,PC-0022,1.55,0.01,10,1
26,6,40,PC-0045,2.6,0.015,10,1
27,6,50,PC-0068,3.65,0.02,10,1
28,7,10,RM-0143,4.0,0.005,10,1
29,7,20,PC-0016,0.85,0.01,10,1
30,7,30,PC-0039,1.9,0.015,10,1
31,7,40,PC-0062,2.95,0.02,10,1
32,7,50,PC-0085,4.0,0.005,10,1
33,7,60,RM-0008,0.85,0.01,10,1
34,8,10,PC-0010,4.35,0.01,10,1
35,8,20,PC-0033,1.2,0.015,10,1
36,8,30,PC-0056,2.25,0.02,10,1
37,9,10,PC-0027,0.5,0.015,10,1
38,9,20,PC-0050,1.55,0.02,10,1
39,9,30,PC-0073,2.6,0.005,10,1
40,9,40,PC-0096,3.65,0.01,10,1
41,10,10,PC-0044,0.85,0.02,10,1
42,10,20,PC-0067,1.9,0.005,10,1
43,10,30,PC-0090,2.95,0.01,10,1
44,10,40,RM-0013,4.0,0.015,10,1
45,10,50,RM-0036,0.85,0.02,10,1
46,11,10,PC-0061,1.2,0.005,10,1
47,11,20,PC-0084,2.25,0.01,10,1
48,11,30,RM-0007,3.3,0.015,10,1
49,11,40,RM-0030,4.35,0.02,10,1
50,11,50,RM-0053,1.2,0.005,10,1
51,11,60,RM-0076,2.25,0.01,10,1
52,12,10,PC-0078,1.55,0.01,10,1
53,12,20,RM-0001,2.6,0.015,10,1
54,12,30,RM-0024,3.65,0.02,10,1
55,13,10,PC-0095,1.9,0.015,10,1
56,13,20,RM-0018,2.95,0.02,10,1
57,13,30,RM-0041,4.0,0.005,10,1
58,13,40,RM-0064,0.85,0.01,10,1
59,14,10,RM-0012,2.25,0.02,10,1
60,14,20,RM-0035,3.3,0.005,10,1
61,14,30,RM-0058,4.35,0.01,10,1
62,14,40,RM-0081,1.2,0.015,10,1
63,14,50,RM-0104,2.25,0.02,10,1
64,15,10,RM-0029,2.6,0.005,10,1
65,15,20,RM-0052,3.65,0.01,10,1
66,15,30,RM-0075,0.5,0.015,10,1
67,15,40,RM-0098,1.55,0.02,10,1
68,15,50,RM-0121,2.6,0.005,10,1
69,15,60,RM-0144,3.65,0.01,10,1
70,16,10,RM-0046,2.95,0.01,10,1
71,16,20,RM-0069,4.0,0.015,10,1
72,16,30,RM-0092,0.85,0.02,10,1
73,17,10,RM-0063,3.3,0.015,10,1
74,17,20,RM-0086,4.35,0.02,10,1
75,17,30,RM-0109,1.2,0.005,10,1
76,17,40,RM-0132,2.25,0.01,10,1
77,18,10,RM-0080,3.65,0.02,10,1
78,18,20,RM-0103,0.5,0.005,10,1
79,18,30,RM-0126,1.55,0.01,10,1
80,18,40,RM-0149,2.6,0.015,10,1
81,18,50,PC-0022,3.65,0.02,10,1
82,19,10,RM-0097,4.0,0.005,10,1
83,19,20,RM-0120,0.85,0.01,10,1
84,19,30,RM-0143,1.9,0.015,10,1
85,19,40,PC-0016,2.95,0.02,10,1
86,19,50,PC-0039,4.0,0.005,10,1
87,19,60,PC-0062,0.85,0.01,10,1
88,20,10,RM-0114,4.35,0.01,10,1
89,20,20,RM-0137,1.2,0.015,10,1
90,20,30,PC-0010,2.25,0.02,10,1
91,21,10,RM-0131,0.5,0.015,10,1
92,21,20,PC-0004,1.55,0.02,10,1
93,21,30,PC-0027,2.6,0.005,10,1
94,21,40,PC-0050,3.65,0.01,10,1
95,22,10,RM-0148,0.85,0.02,10,1
96,22,20,PC-0021,1.9,0.005,10,1
97,22,30,PC-0044,2.95,0.01,10,1
98,22,40,PC-0067,4.0,0.015,10,1
99,22,50,PC-0090,0.85,0.02,10,1
100,23,10,PC-0015,1.2,0.005,10,1
101,23,20,PC-0038,2.25,0.01,10,1
102,23,30,PC-0061,3.3,0.015,10,1
103,23,40,PC-0084,4.35,0.02,10,1
104,23,50,RM-0007,1.2,0.005,10,1
105,23,60,RM-0030,2.25,0.01,10,1
106,24,10,PC-0032,1.55,0.01,10,1
107,24,20,PC-0055,2.6,0.015,10,1
108,24,30,PC-0078,3.65,0.02,10,1
109,25,10,PC-0049,1.9,0.015,10,1
110,25,20,PC-0072,2.95,0.02,10,1
111,25,30,PC-0095,4.0,0.005,10,1
112,25,40,RM-0018,0.85,0.01,10,1
113,26,10,PC-0066,2.25,0.02,10,1
114,26,20,PC-0089,3.3,0.005,10,1
115,26,30,RM-0012,4.35,0.01,10,1
116,26,40,RM-0035,1.2,0.015,10,1
117,26,50,RM-0058,2.25,0.02,10,1
118,27,10,PC-0083,2.6,0.005,10,1
119,27,20,RM-0006,3.65,0.01,10,1
120,27,30,RM-0029,0.5,0.015,10,1
121,27,40,RM-0052,1.55,0.02,10,1
122,27,50,RM-0075,2.6,0.005,10,1
123,27,60,RM-0098,3.65,0.01,10,1
124,28,10,PC-0100,2.95,0.01,10,1
125,28,20,RM-0023,4.0,0.015,10,1
126,28,30,RM-0046,0.85,0.02,10,1
127,29,10,RM-0017,3.3,0.015,10,1
128,29,20,RM-0040,4.35,0.02,10,1
129,29,30,RM-0063,1.2,0.005,10,1
130,29,40,RM-0086,2.25,0.01,10,1
131,30,10,RM-0034,3.65,0.02,10,1
132,30,20,RM-0057,0.5,0.005,10,1
133,30,30,RM-0080,1.55,0.01,10,1
134,30,40,RM-0103,2.6,0.015,10,1
135,30,50,RM-0126,3.65,0.02,10,1
136,31,10,RM-0051,4.0,0.005,10,1
137,31,20,RM-0074,0.85,0.01,10,1
138,31,30,RM-0097,1.9,0.015,10,1
139,31,40,RM-0120,2.95,0.02,10,1
140,31,50,RM-0143,4.0,0.005,10,1
141,31,60,PC-0016,0.85,0.01,10,1
142,32,10,RM-0068,4.35,0.01,10,1
143,32,20,RM-0091,1.2,0.015,10,1
144,32,30,RM-0114,2.25,0.02,10,1
145,33,10,RM-0085,0.5,0.015,10,1
146,33,20,RM-0108,1.55,0.02,10,1
147,33,30,RM-0131,2.6,0.005,10,1
148,33,40,PC-0004,3.65,0.01,10,1
149,34,10,RM-0102,0.85,0.02,10,1
150,34,20,RM-0125,1.9,0.005,10,1
151,34,30,RM-0148,2.95,0.01,10,1
152,34,40,PC-0021,4.0,0.015,10,1
153,34,50,PC-0044,0.85,0.02,10,1
154,35,10,RM-0119,1.2,0.005,10,1
155,35,20,RM-0142,2.25,0.01,10,1
156,35,30,PC-0015,3.3,0.015,10,1
157,35,40,PC-0038,4.35,0.02,10,1
158,35,50,PC-0061,1.2,0.005,10,1
159,35,60,PC-0084,2.25,0.01,10,1
160,36,10,RM-0136,1.55,0.01,10,1
161,36,20,PC-0009,2.6,0.015,10,1
162,36,30,PC-0032,3.65,0.02,10,1
163,37,10,PC-0003,1.9,0.015,10,1
164,37,20,PC-0026,2.95,0.02,10,1
165,37,30,PC-0049,4.0,0.005,10,1
166,37,40,PC-0072,0.85,0.01,10,1
167,38,10,PC-0020,2.25,0.02,10,1
168,38,20,PC-0043,3.3,0.005,10,1
169,38,30,PC-0066,4.35,0.01,10,1
170,38,40,PC-0089,1.2,0.015,10,1
171,38,50,RM-0012,2.25,0.02,10,1
172,39,10,PC-0037,2.6,0.005,10,1
173,39,20,PC-0060,3.65,0.01,10,1
174,39,30,PC-0083,0.5,0.015,10,1
175,39,40,RM-0006,1.55,0.02,10,1
176,39,50,RM-0029,2.6,0.005,10,1
177,39,60,RM-0052,3.65,0.01,10,1
178,40,10,PC-0054,2.95,0.01,10,1
179,40,20,PC-0077,4.0,0.015,10,1
180,40,30,PC-0100,0.85,0.02,10,1
181,41,10,PC-0071,3.3,0.015,10,1
182,41,20,PC-0094,4.35,0.02,10,1
183,41,30,RM-0017,1.2,0.005,10,1
184,41,40,RM-0040,2.25,0.01,10,1
185,42,10,PC-0088,3.65,0.02,10,1
186,42,20,RM-0011,0.5,0.005,10,1
187,42,30,RM-0034,1.55,0.01,10,1
188,42,40,RM-0057,2.6,0.015,10,1
189,42,50,RM-0080,3.65,0.02,10,1
190,43,10,RM-0005,4.0,0.005,10,1
191,43,20,RM-0028,0.85,0.01,10,1
192,43,30,RM-0051,1.9,0.015,10,1
193,43,40,RM-0074,2.95,0.02,10,1
194,43,50,RM-0097,4.0,0.005,10,1
195,43,60,RM-0120,0.85,0.01,10,1
196,44,10,RM-0022,4.35,0.01,10,1
197,44,20,RM-0045,1.2,0.015,10,1
198,44,30,RM-0068,2.25,0.02,10,1
199,45,10,RM-0039,0.5,0.015,10,1
200,45,20,RM-0062,1.55,0.02,10,1
201,45,30,RM-0085,2.6,0.005,10,1
202,45,40,RM-0108,3.65,0.01,10,1
203,46,10,RM-0056,0.85,0.02,10,1
204,46,20,RM-0079,1.9,0.005,10,1
205,46,30,RM-0102,2.95,0.01,10,1
206,46,40,RM-0125,4.0,0.015,10,1
207,46,50,RM-0148,0.85,0.02,10,1
208,47,10,RM-0073,1.2,0.005,10,1
209,47,20,RM-0096,2.25,0.01,10,1
210,47,30,RM-0119,3.3,0.015,10,1
211,47,40,RM-0142,4.35,0.02,10,1
212,47,50,PC-0015,1.2,0.005,10,1
213,47,60,PC-0038,2.25,0.01,10,1
214,48,10,RM-0090,1.55,0.01,10,1
215,48,20,RM-0113,2.6,0.015,10,1
216,48,30,RM-0136,3.65,0.02,10,1
217,49,10,RM-0107,1.9,0.015,10,1
218,49,20,RM-0130,2.95,0.02,10,1
219,49,30,PC-0003,4.0,0.005,10,1
220,49,40,PC-0026,0.85,0.01,10,1
221,50,10,RM-0124,2.25,0.02,10,1
222,50,20,RM-0147,3.3,0.005,10,1
223,50,30,PC-0020,4.35,0.01,10,1
224,50,40,PC-0043,1.2,0.015,10,1
225,50,50,PC-0066,2.25,0.02,10,1
226,51,10,RM-0141,2.6,0.005,10,1
227,51,20,PC-0014,3.65,0.01,10,1
228,51,30,PC-0037,0.5,0.015,10,1
229,51,40,PC-0060,1.55,0.02,10,1
230,51,50,PC-0083,2.6,0.005,10,1
231,51,60,RM-0006,3.65,0.01,10,1
232,52,10,PC-0008,2.95,0.01,10,1
233,52,20,PC-0031,4.0,0.015,10,1
234,52,30,PC-0054,0.85,0.02,10,1
235,53,10,PC-0025,3.3,0.015,10,1
236,53,20,PC-0048,4.35,0.02,10,1
237,53,30,PC-0071,1.2,0.005,10,1
238,53,40,PC-0094,2.25,0.01,10,1
239,54,10,PC-0042,3.65,0.02,10,1
240,54,20,PC-0065,0.5,0.005,10,1
241,54,30,PC-0088,1.55,0.01,10,1
242,54,40,RM-0011,2.6,0.015,10,1
243,54,50,RM-0034,3.65,0.02,10,1
244,55,10,PC-0059,4.0,0.005,10,1
245,55,20,PC-0082,0.85,0.01,10,1
246,55,30,RM-0005,1.9,0.015,10,1
247,55,40,RM-0028,2.95,0.02,10,1
248,55,50,RM-0051,4.0,0.005,10,1
249,55,60,RM-0074,0.85,0.01,10,1
250,56,10,PC-0076,4.35,0.01,10,1
251,56,20,PC-0099,1.2,0.015,10,1
252,56,30,RM-0022,2.25,0.02,10,1
253,57,10,PC-0093,0.5,0.015,10,1
254,57,20,RM-0016,1.55,0.02,10,1
255,57,30,RM-0039,2.6,0.005,10,1
256,57,40,RM-0062,3.65,0.01,10,1
257,58,10,RM-0010,0.85,0.02,10,1
258,58,20,RM-0033,1.9,0.005,10,1
259,58,30,RM-0056,2.95,0.01,10,1
260,58,40,RM-0079,4.0,0.015,10,1
261,58,50,RM-0102,0.85,0.02,10,1
262,59,10,RM-0027,1.2,0.005,10,1
263,59,20,RM-0050,2.25,0.01,10,1
264,59,30,RM-0073,3.3,0.015,10,1
265,59,40,RM-0096,4.35,0.02,10,1
266,59,50,RM-0119,1.2,0.005,10,1
267,59,60,RM-0142,2.25,0.01,10,1
268,60,10,RM-0044,1.55,0.01,10,1
269,60,20,RM-0067,2.6,0.015,10,1
270,60,30,RM-0090,3.65,0.02,10,1
271,61,10,RM-0061,1.9,0.015,10,1
272,61,20,RM-0084,2.95,0.02,10,1
273,61,30,RM-0107,4.0,0.005,10,1
274,61,40,RM-0130,0.85,0.01,10,1
275,62,10,RM-0078,2.25,0.02,10,1
276,62,20,RM-0101,3.3,0.005,10,1
277,62,30,RM-0124,4.35,0.01,10,1
278,62,40,RM-0147,1.2,0.015,10,1
279,62,50,PC-0020,2.25,0.02,10,1
280,63,10,RM-0095,2.6,0.005,10,1
281,63,20,RM-0118,3.65,0.01,10,1
282,63,30,RM-0141,0.5,0.015,10,1
283,63,40,PC-0014,1.55,0.02,10,1
284,63,50,PC-0037,2.6,0.005,10,1
285,63,60,PC-0060,3.65,0.01,10,1
286,64,10,RM-0112,2.95,0.01,10,1
287,64,20,RM-0135,4.0,0.015,10,1
288,64,30,PC-0008,0.85,0.02,10,1
289,65,10,RM-0129,3.3,0.015,10,1
290,65,20,PC-0002,4.35,0.02,10,1
291,65,30,PC-0025,1.2,0.005,10,1
292,65,40,PC-0048,2.25,0.01,10,1
293,66,10,RM-0146,3.65,0.02,10,1
294,66,20,PC-0019,0.5,0.005,10,1
295,66,30,PC-0042,1.55,0.01,10,1
296,66,40,PC-0065,2.6,0.015,10,1
297,66,50,PC-0088,3.65,0.02,10,1
298,67,10,PC-0013,4.0,0.005,10,1
299,67,20,PC-0036,0.85,0.01,10,1
300,67,30,PC-0059,1.9,0.015,10,1
301,67,40,PC-0082,2.95,0.02,10,1
302,67,50,RM-0005,4.0,0.005,10,1
303,67,60,RM-0028,0.85,0.01,10,1
304,68,10,PC-0030,4.35,0.01,10,1
305,68,20,PC-0053,1.2,0.015,10,1
306,68,30,PC-0076,2.25,0.02,10,1
307,69,10,PC-0047,0.5,0.015,10,1
308,69,20,PC-0070,1.55,0.02,10,1
309,69,30,PC-0093,2.6,0.005,10,1
310,69,40,RM-0016,3.65,0.01,10,1
311,70,10,PC-0064,0.85,0.02,10,1
312,70,20,PC-0087,1.9,0.005,10,1
313,70,30,RM-0010,2.95,0.01,10,1
314,70,40,RM-0033,4.0,0.015,10,1
315,70,50,RM-0056,0.85,0.02,10,1
316,71,10,PC-0081,1.2,0.005,10,1
317,71,20,RM-0004,2.25,0.01,10,1
318,71,30,RM-0027,3.3,0.015,10,1
319,71,40,RM-0050,4.35,0.02,10,1
320,71,50,RM-0073,1.2,0.005,10,1
321,71,60,RM-0096,2.25,0.01,10,1
322,72,10,PC-0098,1.55,0.01,10,1
323,72,20,RM-0021,2.6,0.015,10,1
324,72,30,RM-0044,3.65,0.02,10,1
325,73,10,RM-0015,1.9,0.015,10,1
326,73,20,RM-0038,2.95,0.02,10,1
327,73,30,RM-0061,4.0,0.005,10,1
328,73,40,RM-0084,0.85,0.01,10,1
329,74,10,RM-0032,2.25,0.02,10,1
330,74,20,RM-0055,3.3,0.005,10,1
331,74,30,RM-0078,4.35,0.01,10,1
332,74,40,RM-0101,1.2,0.015,10,1
333,74,50,RM-0124,2.25,0.02,10,1
334,75,10,RM-0049,2.6,0.005,10,1
335,75,20,RM-0072,3.65,0.01,10,1
336,75,30,RM-0095,0.5,0.015,10,1
337,75,40,RM-0118,1.55,0.02,10,1
338,75,50,RM-0141,2.6,0.005,10,1
339,75,60,PC-0014,3.65,0.01,10,1
340,76,10,RM-0066,2.95,0.01,10,1
341,76,20,RM-0089,4.0,0.015,10,1
342,76,30,RM-0112,0.85,0.02,10,1
343,77,10,RM-0083,3.3,0.015,10,1
344,77,20,RM-0106,4.35,0.02,10,1
345,77,30,RM-0129,1.2,0.005,10,1
346,77,40,PC-0002,2.25,0.01,10,1
347,78,10,RM-0100,3.65,0.02,10,1
348,78,20,RM-0123,0.5,0.005,10,1
349,78,30,RM-0146,1.55,0.01,10,1
350,78,40,PC-0019,2.6,0.015,10,1
351,78,50,PC-0042,3.65,0.02,10,1
352,79,10,RM-0117,4.0,0.005,10,1
353,79,20,RM-0140,0.85,0.01,10,1
354,79,30,PC-0013,1.9,0.015,10,1
355,79,40,PC-0036,2.95,0.02,10,1
356,79,50,PC-0059,4.0,0.005,10,1
357,79,60,PC-0082,0.85,0.01,10,1
358,80,10,RM-0134,4.35,0.01,10,1
359,80,20,PC-0007,1.2,0.015,10,1
360,80,30,PC-0030,2.25,0.02,10,1
361,81,10,PC-0001,0.5,0.015,10,1
362,81,20,PC-0024,1.55,0.02,10,1
363,81,30,PC-0047,2.6,0.005,10,1
364,81,40,PC-0070,3.65,0.01,10,1
365,82,10,PC-0018,0.85,0.02,10,1
366,82,20,PC-0041,1.9,0.005,10,1
367,82,30,PC-0064,2.95,0.01,10,1
368,82,40,PC-0087,4.0,0.015,10,1
369,82,50,RM-0010,0.85,0.02,10,1
370,83,10,PC-0035,1.2,0.005,10,1
371,83,20,PC-0058,2.25,0.01,10,1
372,83,30,PC-0081,3.3,0.015,10,1
373,83,40,RM-0004,4.35,0.02,10,1
374,83,50,RM-0027,1.2,0.005,10,1
375,83,60,RM-0050,2.25,0.01,10,1
376,84,10,PC-0052,1.55,0.01,10,1
377,84,20,PC-0075,2.6,0.015,10,1
378,84,30,PC-0098,3.65,0.02,10,1
379,85,10,PC-0069,1.9,0.015,10,1
380,85,20,PC-0092,2.95,0.02,10,1
381,85,30,RM-0015,4.0,0.005,10,1
382,85,40,RM-0038,0.85,0.01,10,1
383,86,10,PC-0086,2.25,0.02,10,1
384,86,20,RM-0009,3.3,0.005,10,1
385,86,30,RM-0032,4.35,0.01,10,1
386,86,40,RM-0055,1.2,0.015,10,1
387,86,50,RM-0078,2.25,0.02,10,1
388,87,10,RM-0003,2.6,0.005,10,1
389,87,20,RM-0026,3.65,0.01,10,1
390,87,30,RM-0049,0.5,0.015,10,1
391,87,40,RM-0072,1.55,0.02,10,1
392,87,50,RM-0095,2.6,0.005,10,1
393,87,60,RM-0118,3.65,0.01,10,1
394,88,10,RM-0020,2.95,0.01,10,1
395,88,20,RM-0043,4.0,0.015,10,1
396,88,30,RM-0066,0.85,0.02,10,1
397,89,10,RM-0037,3.3,0.015,10,1
398,89,20,RM-0060,4.35,0.02,10,1
399,89,30,RM-0083,1.2,0.005,10,1
400,89,40,RM-0106,2.25,0.01,10,1
401,90,10,RM-0054,3.65,0.02,10,1
402,90,20,RM-0077,0.5,0.005,10,1
403,90,30,RM-0100,1.55,0.01,10,1
404,90,40,RM-0123,2.6,0.015,10,1
405,90,50,RM-0146,3.65,0.02,10,1
406,91,10,RM-0071,4.0,0.005,10,1
407,91,20,RM-0094,0.85,0.01,10,1
408,91,30,RM-0117,1.9,0.015,10,1
409,91,40,RM-0140,2.95,0.02,10,1
410,91,50,PC-0013,4.0,0.005,10,1
411,91,60,PC-0036,0.85,0.01,10,1
412,92,10,RM-0088,4.35,0.01,10,1
413,92,20,RM-0111,1.2,0.015,10,1
414,92,30,RM-0134,2.25,0.02,10,1
415,93,10,RM-0105,0.5,0.015,10,1
416,93,20,RM-0128,1.55,0.02,10,1
417,93,30,PC-0001,2.6,0.005,10,1
418,93,40,PC-0024,3.65,0.01,10,1
419,94,10,RM-0122,0.85,0.02,10,1
420,94,20,RM-0145,1.9,0.005,10,1
421,94,30,PC-0018,2.95,0.01,10,1
422,94,40,PC-0041,4.0,0.015,10,1
423,94,50,PC-0064,0.85,0.02,10,1
424,95,10,RM-0139,1.2,0.005,10,1
425,95,20,PC-0012,2.25,0.01,10,1
426,95,30,PC-0035,3.3,0.015,10,1
427,95,40,PC-0058,4.35,0.02,10,1
428,95,50,PC-0081,1.2,0.005,10,1
429,95,60,RM-0004,2.25,0.01,10,1
430,96,10,PC-0006,1.55,0.01,10,1
431,96,20,PC-0029,2.6,0.015,10,1
432,96,30,PC-0052,3.65,0.02,10,1
433,97,10,PC-0023,1.9,0.015,10,1
434,97,20,PC-0046,2.95,0.02,10,1
435,97,30,PC-0069,4.0,0.005,10,1
436,97,40,PC-0092,0.85,0.01,10,1
437,98,10,PC-0040,2.25,0.02,10,1
438,98,20,PC-0063,3.3,0.005,10,1
439,98,30,PC-0086,4.35,0.01,10,1
440,98,40,RM-0009,1.2,0.015,10,1
441,98,50,RM-0032,2.25,0.02,10,1
442,99,10,PC-0057,2.6,0.005,10,1
443,99,20,PC-0080,3.65,0.01,10,1
444,99,30,RM-0003,0.5,0.015,10,1
445,99,40,RM-0026,1.55,0.02,10,1
446,99,50,RM-0049,2.6,0.005,10,1
447,99,60,RM-0072,3.65,0.01,10,1
448,100,10,PC-0074,2.95,0.01,10,1
449,100,20,PC-0097,4.0,0.015,10,1
450,100,30,RM-0020,0.85,0.02,10,1
451,101,10,PC-0001,3.3,0.015,10,1
452,101,20,PC-0024,4.35,0.02,10,1
453,101,30,PC-0047,1.2,0.005,10,1
454,101,40,PC-0070,2.25,0.01,10,1
455,102,10,PC-0018,3.65,0.02,10,1
456,102,20,PC-0041,0.5,0.005,10,1
457,102,30,PC-0064,1.55,0.01,10,1
458,102,40,PC-0087,2.6,0.015,10,1
459,102,50,SA-0028,3.65,0.02,10,1
460,103,10,PC-0035,4.0,0.005,10,1
461,103,20,PC-0058,0.85,0.01,10,1
462,103,30,PC-0081,1.9,0.015,10,1
463,103,40,SA-0012,2.95,0.02,10,1
464,103,50,RM-0012,4.0,0.005,10,1
465,103,60,RM-0035,0.85,0.01,10,1
466,104,10,PC-0052,4.35,0.01,10,1
467,104,20,PC-0075,1.2,0.015,10,1
468,104,30,PC-0098,2.25,0.02,10,1
469,105,10,PC-0069,0.5,0.015,10,1
470,105,20,PC-0092,1.55,0.02,10,1
471,105,30,SA-0045,2.6,0.005,10,1
472,105,40,RM-0023,3.65,0.01,10,1
473,106,10,PC-0086,0.85,0.02,10,1
474,106,20,SA-0025,1.9,0.005,10,1
475,106,30,RM-0017,2.95,0.01,10,1
476,106,40,RM-0040,4.0,0.015,10,1
477,106,50,RM-0063,0.85,0.02,10,1
478,107,10,SA-0009,1.2,0.005,10,1
479,107,20,RM-0011,2.25,0.01,10,1
480,107,30,RM-0034,3.3,0.015,10,1
481,107,40,RM-0057,4.35,0.02,10,1
482,107,50,RM-0080,1.2,0.005,10,1
483,107,60,RM-0103,2.25,0.01,10,1
484,108,10,RM-0005,1.55,0.01,10,1
485,108,20,RM-0028,2.6,0.015,10,1
486,108,30,RM-0051,3.65,0.02,10,1
487,109,10,RM-0022,1.9,0.015,10,1
488,109,20,RM-0045,2.95,0.02,10,1
489,109,30,RM-0068,4.0,0.005,10,1
490,109,40,RM-0091,0.85,0.01,10,1
491,110,10,RM-0039,2.25,0.02,10,1
492,110,20,RM-0062,3.3,0.005,10,1
493,110,30,RM-0085,4.35,0.01,10,1
494,110,40,RM-0108,1.2,0.015,10,1
495,110,50,RM-0131,2.25,0.02,10,1
496,111,10,RM-0056,2.6,0.005,10,1
497,111,20,RM-0079,3.65,0.01,10,1
498,111,30,RM-0102,0.5,0.015,10,1
499,111,40,RM-0125,1.55,0.02,10,1
500,111,50,RM-0148,2.6,0.005,10,1
501,111,60,PC-0021,3.65,0.01,10,1
502,112,10,RM-0073,2.95,0.01,10,1
503,112,20,RM-0096,4.0,0.015,10,1
504,112,30,RM-0119,0.85,0.02,10,1
505,113,10,RM-0090,3.3,0.015,10,1
506,113,20,RM-0113,4.35,0.02,10,1
507,113,30,RM-0136,1.2,0.005,10,1
508,113,40,PC-0009,2.25,0.01,10,1
509,114,10,RM-0107,3.65,0.02,10,1
510,114,20,RM-0130,0.5,0.005,10,1
511,114,30,PC-0003,1.55,0.01,10,1
512,114,40,PC-0026,2.6,0.015,10,1
513,114,50,PC-0049,3.65,0.02,10,1
514,115,10,RM-0117,4.0,0.005,10,1
515,115,20,RM-0140,0.85,0.01,10,1
516,115,30,PC-0013,1.9,0.015,10,1
517,115,40,PC-0036,2.95,0.02,10,1
518,115,50,PC-0059,4.0,0.005,10,1
519,115,60,PC-0082,0.85,0.01,10,1
520,116,10,RM-0141,4.35,0.01,10,1
521,116,20,PC-0014,1.2,0.015,10,1
522,116,30,PC-0037,2.25,0.02,10,1
523,117,10,RM-0137,0.5,0.015,10,1
524,117,20,PC-0010,1.55,0.02,10,1
525,117,30,PC-0033,2.6,0.005,10,1
526,117,40,PC-0056,3.65,0.01,10,1
527,118,10,PC-0018,0.85,0.02,10,1
528,118,20,PC-0041,1.9,0.005,10,1
529,118,30,PC-0064,2.95,0.01,10,1
530,118,40,PC-0087,4.0,0.015,10,1
531,118,50,SA-0028,0.85,0.02,10,1
532,119,10,PC-0007,1.2,0.005,10,1
533,119,20,PC-0030,2.25,0.01,10,1
534,119,30,PC-0053,3.3,0.015,10,1
535,119,40,PC-0076,4.35,0.02,10,1
536,119,50,PC-0099,1.2,0.005,10,1
537,119,60,RM-0002,2.25,0.01,10,1
538,120,10,PC-0038,1.55,0.01,10,1
539,120,20,PC-0061,2.6,0.015,10,1
540,120,30,PC-0084,3.65,0.02,10,1
541,121,10,PC-0027,1.9,0.015,10,1
542,121,20,PC-0050,2.95,0.02,10,1
543,121,30,PC-0073,4.0,0.005,10,1
544,121,40,PC-0096,0.85,0.01,10,1
545,122,10,PC-0058,2.25,0.02,10,1
546,122,20,PC-0081,3.3,0.005,10,1
547,122,30,SA-0010,4.35,0.01,10,1
548,122,40,RM-0007,1.2,0.015,10,1
549,122,50,RM-0030,2.25,0.02,10,1
550,123,10,PC-0047,2.6,0.005,10,1
551,123,20,PC-0070,3.65,0.01,10,1
552,123,30,PC-0093,0.5,0.015,10,1
553,123,40,SA-0048,1.55,0.02,10,1
554,123,50,RM-0015,2.6,0.005,10,1
555,123,60,RM-0038,3.65,0.01,10,1
556,124,10,PC-0078,2.95,0.01,10,1
557,124,20,SA-0001,4.0,0.015,10,1
558,124,30,RM-0002,0.85,0.02,10,1
559,125,10,PC-0067,3.3,0.015,10,1
560,125,20,PC-0090,4.35,0.02,10,1
561,125,30,SA-0039,1.2,0.005,10,1
562,125,40,RM-0010,2.25,0.01,10,1
563,126,10,PC-0098,3.65,0.02,10,1
564,126,20,SA-0061,0.5,0.005,10,1
565,126,30,RM-0020,1.55,0.01,10,1
566,126,40,RM-0043,2.6,0.015,10,1
567,126,50,RM-0066,3.65,0.02,10,1
568,127,10,PC-0087,4.0,0.005,10,1
569,127,20,SA-0030,0.85,0.01,10,1
570,127,30,RM-0005,1.9,0.015,10,1
571,127,40,RM-0028,2.95,0.02,10,1
572,127,50,RM-0051,4.0,0.005,10,1
573,127,60,RM-0074,0.85,0.01,10,1
574,128,10,SA-0052,4.35,0.01,10,1
575,128,20,RM-0015,1.2,0.015,10,1
576,128,30,RM-0038,2.25,0.02,10,1
577,129,10,SA-0021,0.5,0.015,10,1
578,129,20,SA-0090,1.55,0.02,10,1
579,129,30,RM-0023,2.6,0.005,10,1
580,129,40,RM-0046,3.65,0.01,10,1
581,130,10,RM-0010,0.85,0.02,10,1
582,130,20,RM-0033,1.9,0.005,10,1
583,130,30,RM-0056,2.95,0.01,10,1
584,130,40,RM-0079,4.0,0.015,10,1
585,130,50,RM-0102,0.85,0.02,10,1
586,131,10,SA-0081,1.2,0.005,10,1
587,131,20,RM-0018,2.25,0.01,10,1
588,131,30,RM-0041,3.3,0.015,10,1
589,131,40,RM-0064,4.35,0.02,10,1
590,131,50,RM-0087,1.2,0.005,10,1
591,131,60,RM-0110,2.25,0.01,10,1
592,132,10,RM-0028,1.55,0.01,10,1
593,132,20,RM-0051,2.6,0.015,10,1
594,132,30,RM-0074,3.65,0.02,10,1
595,133,10,PC-0015,1.9,0.015,10,1
596,133,20,PC-0038,2.95,0.02,10,1
597,133,30,PC-0061,4.0,0.005,10,1
598,133,40,PC-0084,0.85,0.01,10,1
599,134,10,RM-0046,2.25,0.02,10,1
600,134,20,RM-0069,3.3,0.005,10,1
601,134,30,RM-0092,4.35,0.01,10,1
602,134,40,RM-0115,1.2,0.015,10,1
603,134,50,RM-0138,2.25,0.02,10,1
604,135,10,PC-0049,2.6,0.005,10,1
605,135,20,PC-0072,3.65,0.01,10,1
606,135,30,PC-0095,0.5,0.015,10,1
607,135,40,RM-0003,1.55,0.02,10,1
608,135,50,RM-0026,2.6,0.005,10,1
609,135,60,RM-0049,3.65,0.01,10,1
610,136,10,PC-0066,2.95,0.01,10,1
611,136,20,PC-0089,4.0,0.015,10,1
612,136,30,SA-0034,0.85,0.02,10,1
613,137,10,PC-0083,3.3,0.015,10,1
614,137,20,SA-0018,4.35,0.02,10,1
615,137,30,RM-0014,1.2,0.005,10,1
616,137,40,RM-0037,2.25,0.01,10,1
617,138,10,PC-0100,3.65,0.02,10,1
618,138,20,RM-0008,0.5,0.005,10,1
619,138,30,RM-0031,1.55,0.01,10,1
620,138,40,RM-0054,2.6,0.015,10,1
621,138,50,RM-0077,3.65,0.02,10,1
622,139,10,RM-0002,4.0,0.005,10,1
623,139,20,RM-0025,0.85,0.01,10,1
624,139,30,RM-0048,1.9,0.015,10,1
625,139,40,RM-0071,2.95,0.02,10,1
626,139,50,RM-0094,4.0,0.005,10,1
627,139,60,RM-0117,0.85,0.01,10,1
628,140,10,RM-0019,4.35,0.01,10,1
629,140,20,RM-0042,1.2,0.015,10,1
630,140,30,RM-0065,2.25,0.02,10,1
631,141,10,RM-0036,0.5,0.015,10,1
632,141,20,RM-0059,1.55,0.02,10,1
633,141,30,RM-0082,2.6,0.005,10,1
634,141,40,RM-0105,3.65,0.01,10,1
635,142,10,RM-0053,0.85,0.02,10,1
636,142,20,RM-0076,1.9,0.005,10,1
637,142,30,RM-0099,2.95,0.01,10,1
638,142,40,RM-0122,4.0,0.015,10,1
639,142,50,RM-0145,0.85,0.02,10,1
640,143,10,RM-0070,1.2,0.005,10,1
641,143,20,RM-0093,2.25,0.01,10,1
642,143,30,RM-0116,3.3,0.015,10,1
643,143,40,RM-0139,4.35,0.02,10,1
644,143,50,PC-0012,1.2,0.005,10,1
645,143,60,PC-0035,2.25,0.01,10,1
646,144,10,RM-0087,1.55,0.01,10,1
647,144,20,RM-0110,2.6,0.015,10,1
648,144,30,RM-0133,3.65,0.02,10,1
649,145,10,RM-0104,1.9,0.015,10,1
650,145,20,RM-0127,2.95,0.02,10,1
651,145,30,RM-0150,4.0,0.005,10,1
652,145,40,PC-0023,0.85,0.01,10,1
653,146,10,RM-0121,2.25,0.02,10,1
654,146,20,RM-0144,3.3,0.005,10,1
655,146,30,PC-0017,4.35,0.01,10,1
656,146,40,PC-0040,1.2,0.015,10,1
657,146,50,PC-0063,2.25,0.02,10,1
658,147,10,RM-0138,2.6,0.005,10,1
659,147,20,PC-0011,3.65,0.01,10,1
660,147,30,PC-0034,0.5,0.015,10,1
661,147,40,PC-0057,1.55,0.02,10,1
662,147,50,PC-0080,2.6,0.005,10,1
663,147,60,SA-0009,3.65,0.01,10,1
664,148,10,PC-0005,2.95,0.01,10,1
665,148,20,PC-0028,4.0,0.015,10,1
666,148,30,PC-0051,0.85,0.02,10,1
667,149,10,PC-0004,3.3,0.015,10,1
668,149,20,PC-0027,4.35,0.02,10,1
669,149,30,PC-0050,1.2,0.005,10,1
670,149,40,PC-0073,2.25,0.01,10,1
671,150,10,PC-0039,3.65,0.02,10,1
672,150,20,PC-0062,0.5,0.005,10,1
673,150,30,PC-0085,1.55,0.01,10,1
674,150,40,SA-0022,2.6,0.015,10,1
675,150,50,RM-0016,3.65,0.02,10,1
676,151,10,PC-0020,4.0,0.005,10,1
677,151,20,PC-0043,0.85,0.01,10,1
678,151,30,PC-0066,1.9,0.015,10,1
679,151,40,PC-0089,2.95,0.02,10,1
680,151,50,SA-0036,4.0,0.005,10,1
681,151,60,RM-0016,0.85,0.01,10,1
682,152,10,PC-0064,4.35,0.01,10,1
683,152,20,PC-0087,1.2,0.015,10,1
684,152,30,SA-0028,2.25,0.02,10,1
685,153,10,PC-0036,0.5,0.015,10,1
686,153,20,PC-0059,1.55,0.02,10,1
687,153,30,PC-0082,2.6,0.005,10,1
688,153,40,SA-0015,3.65,0.01,10,1
689,154,10,PC-0080,0.85,0.02,10,1
690,154,20,SA-0007,1.9,0.005,10,1
691,154,30,RM-0008,2.95,0.01,10,1
692,154,40,RM-0031,4.0,0.015,10,1
693,154,50,RM-0054,0.85,0.02,10,1
694,155,10,PC-0052,1.2,0.005,10,1
695,155,20,PC-0075,2.25,0.01,10,1
696,155,30,PC-0098,3.3,0.015,10,1
697,155,40,SA-0063,4.35,0.02,10,1
698,155,50,RM-0021,1.2,0.005,10,1
699,155,60,RM-0044,2.25,0.01,10,1
700,156,10,PC-0096,1.55,0.01,10,1
701,156,20,SA-0055,2.6,0.015,10,1
702,156,30,RM-0022,3.65,0.02,10,1
703,157,10,PC-0068,1.9,0.015,10,1
704,157,20,PC-0091,2.95,0.02,10,1
705,157,30,SA-0042,4.0,0.005,10,1
706,157,40,RM-0012,0.85,0.01,10,1
707,158,10,SA-0034,2.25,0.02,10,1
708,158,20,RM-0013,3.3,0.005,10,1
709,158,30,RM-0036,4.35,0.01,10,1
710,158,40,RM-0059,1.2,0.015,10,1
711,158,50,RM-0082,2.25,0.02,10,1
712,159,10,PC-0084,2.6,0.005,10,1
713,159,20,SA-0021,3.65,0.01,10,1
714,159,30,RM-0003,0.5,0.015,10,1
715,159,40,RM-0026,1.55,0.02,10,1
716,159,50,RM-0049,2.6,0.005,10,1
717,159,60,RM-0072,3.65,0.01,10,1
718,160,10,RM-0004,2.95,0.01,10,1
719,160,20,RM-0027,4.0,0.015,10,1
720,160,30,RM-0050,0.85,0.02,10,1
721,161,10,PC-0100,3.3,0.015,10,1
722,161,20,SA-0069,4.35,0.02,10,1
723,161,30,RM-0017,1.2,0.005,10,1
724,161,40,RM-0040,2.25,0.01,10,1
725,162,10,RM-0018,3.65,0.02,10,1
726,162,20,RM-0041,0.5,0.005,10,1
727,162,30,RM-0064,1.55,0.01,10,1
728,162,40,RM-0087,2.6,0.015,10,1
729,162,50,RM-0110,3.65,0.02,10,1
730,163,10,SA-0048,4.0,0.005,10,1
731,163,20,RM-0008,0.85,0.01,10,1
732,163,30,RM-0031,1.9,0.015,10,1
733,163,40,RM-0054,2.95,0.02,10,1
734,163,50,RM-0077,4.0,0.005,10,1
735,163,60,RM-0100,0.85,0.01,10,1
736,164,10,RM-0032,4.35,0.01,10,1
737,164,20,RM-0055,1.2,0.015,10,1
738,164,30,RM-0078,2.25,0.02,10,1
739,165,10,PC-0029,0.5,0.015,10,1
740,165,20,PC-0052,1.55,0.02,10,1
741,165,30,PC-0075,2.6,0.005,10,1
742,165,40,PC-0098,3.65,0.01,10,1
743,166,10,RM-0046,0.85,0.02,10,1
744,166,20,RM-0069,1.9,0.005,10,1
745,166,30,RM-0092,2.95,0.01,10,1
746,166,40,RM-0115,4.0,0.015,10,1
747,166,50,RM-0138,0.85,0.02,10,1
748,167,10,PC-0063,1.2,0.005,10,1
749,167,20,PC-0086,2.25,0.01,10,1
750,167,30,SA-0027,3.3,0.015,10,1
751,167,40,RM-0017,4.35,0.02,10,1
752,167,50,RM-0040,1.2,0.005,10,1
753,167,60,RM-0063,2.25,0.01,10,1
754,168,10,RM-0060,1.55,0.01,10,1
755,168,20,RM-0083,2.6,0.015,10,1
756,168,30,RM-0106,3.65,0.02,10,1
757,169,10,PC-0097,1.9,0.015,10,1
758,169,20,RM-0005,2.95,0.02,10,1
759,169,30,RM-0028,4.0,0.005,10,1
760,169,40,RM-0051,0.85,0.01,10,1
761,170,10,SA-0040,2.25,0.02,10,1
762,170,20,RM-0022,3.3,0.005,10,1
763,170,30,RM-0045,4.35,0.01,10,1
764,170,40,RM-0068,1.2,0.015,10,1
765,170,50,RM-0091,2.25,0.02,10,1
766,171,10,RM-0016,2.6,0.005,10,1
767,171,20,RM-0039,3.65,0.01,10,1
768,171,30,RM-0062,0.5,0.015,10,1
769,171,40,RM-0085,1.55,0.02,10,1
770,171,50,RM-0108,2.6,0.005,10,1
771,171,60,RM-0131,3.65,0.01,10,1
772,172,10,RM-0033,2.95,0.01,10,1
773,172,20,RM-0056,4.0,0.015,10,1
774,172,30,RM-0079,0.85,0.02,10,1
775,173,10,RM-0050,3.3,0.015,10,1
776,173,20,RM-0073,4.35,0.02,10,1
777,173,30,RM-0096,1.2,0.005,10,1
778,173,40,RM-0119,2.25,0.01,10,1
779,174,10,RM-0067,3.65,0.02,10,1
780,174,20,RM-0090,0.5,0.005,10,1
781,174,30,RM-0113,1.55,0.01,10,1
782,174,40,RM-0136,2.6,0.015,10,1
783,174,50,PC-0009,3.65,0.02,10,1
784,175,10,RM-0084,4.0,0.005,10,1
785,175,20,RM-0107,0.85,0.01,10,1
786,175,30,RM-0130,1.9,0.015,10,1
787,175,40,PC-0003,2.95,0.02,10,1
788,175,50,PC-0026,4.0,0.005,10,1
789,175,60,PC-0049,0.85,0.01,10,1
790,176,10,RM-0101,4.35,0.01,10,1
791,176,20,RM-0124,1.2,0.015,10,1
792,176,30,RM-0147,2.25,0.02,10,1
793,177,10,RM-0118,0.5,0.015,10,1
794,177,20,RM-0141,1.55,0.02,10,1
795,177,30,PC-0014,2.6,0.005,10,1
796,177,40,PC-0037,3.65,0.01,10,1
797,178,10,RM-0135,0.85,0.02,10,1
798,178,20,PC-0008,1.9,0.005,10,1
799,178,30,PC-0031,2.95,0.01,10,1
800,178,40,PC-0054,4.0,0.015,10,1
801,178,50,PC-0077,0.85,0.02,10,1
802,179,10,PC-0002,1.2,0.005,10,1
803,179,20,PC-0025,2.25,0.01,10,1
804,179,30,PC-0048,3.3,0.015,10,1
805,179,40,PC-0071,4.35,0.02,10,1
806,179,50,PC-0094,1.2,0.005,10,1
807,179,60,RM-0002,2.25,0.01,10,1
808,180,10,PC-0019,1.55,0.01,10,1
809,180,20,PC-0042,2.6,0.015,10,1
810,180,30,PC-0065,3.65,0.02,10,1
811,181,10,PC-0025,1.9,0.015,10,1
812,181,20,PC-0048,2.95,0.02,10,1
813,181,30,PC-0071,4.0,0.005,10,1
814,181,40,PC-0094,0.85,0.01,10,1
815,182,10,PC-0053,2.25,0.02,10,1
816,182,20,PC-0076,3.3,0.005,10,1
817,182,30,PC-0099,4.35,0.01,10,1
818,182,40,RM-0007,1.2,0.015,10,1
819,182,50,RM-0030,2.25,0.02,10,1
820,183,10,PC-0037,2.6,0.005,10,1
821,183,20,PC-0060,3.65,0.01,10,1
822,183,30,PC-0083,0.5,0.015,10,1
823,183,40,SA-0018,1.55,0.02,10,1
824,183,50,RM-0011,2.6,0.005,10,1
825,183,60,RM-0034,3.65,0.01,10,1
826,184,10,PC-0087,2.95,0.01,10,1
827,184,20,SA-0028,4.0,0.015,10,1
828,184,30,RM-0018,0.85,0.02,10,1
829,185,10,PC-0049,3.3,0.015,10,1
830,185,20,PC-0072,4.35,0.02,10,1
831,185,30,PC-0095,1.2,0.005,10,1
832,185,40,SA-0054,2.25,0.01,10,1
833,186,10,SA-0028,3.65,0.02,10,1
834,186,20,RM-0017,0.5,0.005,10,1
835,186,30,RM-0040,1.55,0.01,10,1
836,186,40,RM-0063,2.6,0.015,10,1
837,186,50,RM-0086,3.65,0.02,10,1
838,187,10,PC-0061,4.0,0.005,10,1
839,187,20,PC-0084,0.85,0.01,10,1
840,187,30,SA-0021,1.9,0.015,10,1
841,187,40,RM-0008,2.95,0.02,10,1
842,187,50,RM-0031,4.0,0.005,10,1
843,187,60,RM-0054,0.85,0.01,10,1
844,188,10,RM-0004,4.35,0.01,10,1
845,188,20,RM-0027,1.2,0.015,10,1
846,188,30,RM-0050,2.25,0.02,10,1
847,189,10,PC-0073,0.5,0.015,10,1
848,189,20,PC-0096,1.55,0.02,10,1
849,189,30,SA-0057,2.6,0.005,10,1
850,189,40,RM-0018,3.65,0.01,10,1
851,190,10,RM-0014,0.85,0.02,10,1
852,190,20,RM-0037,1.9,0.005,10,1
853,190,30,RM-0060,2.95,0.01,10,1
854,190,40,RM-0083,4.0,0.015,10,1
855,190,50,RM-0106,0.85,0.02,10,1
856,191,10,PC-0085,1.2,0.005,10,1
857,191,20,SA-0024,2.25,0.01,10,1
858,191,30,RM-0005,3.3,0.015,10,1
859,191,40,RM-0028,4.35,0.02,10,1
860,191,50,RM-0051,1.2,0.005,10,1
861,191,60,RM-0074,2.25,0.01,10,1
862,192,10,RM-0024,1.55,0.01,10,1
863,192,20,RM-0047,2.6,0.015,10,1
864,192,30,RM-0070,3.65,0.02,10,1
865,193,10,PC-0097,1.9,0.015,10,1
866,193,20,SA-0060,2.95,0.02,10,1
867,193,30,RM-0015,4.0,0.005,10,1
868,193,40,RM-0038,0.85,0.01,10,1
869,194,10,RM-0034,2.25,0.02,10,1
870,194,20,RM-0057,3.3,0.005,10,1
871,194,30,RM-0080,4.35,0.01,10,1
872,194,40,RM-0103,1.2,0.015,10,1
873,194,50,RM-0126,2.25,0.02,10,1
874,195,10,SA-0027,2.6,0.005,10,1
875,195,20,RM-0002,3.65,0.01,10,1
876,195,30,RM-0025,0.5,0.015,10,1
877,195,40,RM-0048,1.55,0.02,10,1
878,195,50,RM-0071,2.6,0.005,10,1
879,195,60,RM-0094,3.65,0.01,10,1
880,196,10,RM-0044,2.95,0.01,10,1
881,196,20,RM-0067,4.0,0.015,10,1
882,196,30,RM-0090,0.85,0.02,10,1
883,197,10,SA-0063,3.3,0.015,10,1
884,197,20,RM-0012,4.35,0.02,10,1
885,197,30,RM-0035,1.2,0.005,10,1
886,197,40,RM-0058,2.25,0.01,10,1
887,198,10,RM-0054,3.65,0.02,10,1
888,198,20,RM-0077,0.5,0.005,10,1
889,198,30,RM-0100,1.55,0.01,10,1
890,198,40,RM-0123,2.6,0.015,10,1
891,198,50,RM-0146,3.65,0.02,10,1
892,199,10,PC-0077,4.0,0.005,10,1
893,199,20,PC-0100,0.85,0.01,10,1
894,199,30,RM-0008,1.9,0.015,10,1
895,199,40,RM-0031,2.95,0.02,10,1
896,199,50,RM-0054,4.0,0.005,10,1
897,199,60,RM-0077,0.85,0.01,10,1
898,200,10,RM-0064,4.35,0.01,10,1
899,200,20,RM-0087,1.2,0.015,10,1
900,200,30,RM-0110,2.25,0.02,10,1
901,201,10,SA-0033,0.5,0.015,10,1
902,201,20,RM-0019,1.55,0.02,10,1
903,201,30,RM-0042,2.6,0.005,10,1
904,201,40,RM-0065,3.65,0.01,10,1
905,202,10,RM-0074,0.85,0.02,10,1
906,202,20,RM-0097,1.9,0.005,10,1
907,202,30,RM-0120,2.95,0.01,10,1
908,202,40,RM-0143,4.0,0.015,10,1
909,202,50,PC-0016,0.85,0.02,10,1
910,203,10,RM-0030,1.2,0.005,10,1
911,203,20,RM-0053,2.25,0.01,10,1
912,203,30,RM-0076,3.3,0.015,10,1
913,203,40,RM-0099,4.35,0.02,10,1
914,203,50,RM-0122,1.2,0.005,10,1
915,203,60,RM-0145,2.25,0.01,10,1
916,204,10,RM-0047,1.55,0.01,10,1
917,204,20,RM-0070,2.6,0.015,10,1
918,204,30,RM-0093,3.65,0.02,10,1
919,205,10,RM-0064,1.9,0.015,10,1
920,205,20,RM-0087,2.95,0.02,10,1
921,205,30,RM-0110,4.0,0.005,10,1
922,205,40,RM-0133,0.85,0.01,10,1
923,206,10,RM-0081,2.25,0.02,10,1
924,206,20,RM-0104,3.3,0.005,10,1
925,206,30,RM-0127,4.35,0.01,10,1
926,206,40,RM-0150,1.2,0.015,10,1
927,206,50,PC-0023,2.25,0.02,10,1
928,207,10,RM-0098,2.6,0.005,10,1
929,207,20,RM-0121,3.65,0.01,10,1
930,207,30,RM-0144,0.5,0.015,10,1
931,207,40,PC-0017,1.55,0.02,10,1
932,207,50,PC-0040,2.6,0.005,10,1
933,207,60,PC-0063,3.65,0.01,10,1
934,208,10,RM-0115,2.95,0.01,10,1
935,208,20,RM-0138,4.0,0.015,10,1
936,208,30,PC-0011,0.85,0.02,10,1
937,209,10,RM-0132,3.3,0.015,10,1
938,209,20,PC-0005,4.35,0.02,10,1
939,209,30,PC-0028,1.2,0.005,10,1
940,209,40,PC-0051,2.25,0.01,10,1
941,210,10,RM-0149,3.65,0.02,10,1
942,210,20,PC-0022,0.5,0.005,10,1
943,210,30,PC-0045,1.55,0.01,10,1
944,210,40,PC-0068,2.6,0.015,10,1
945,210,50,PC-0091,3.65,0.02,10,1
946,211,10,PC-0016,4.0,0.005,10,1
947,211,20,PC-0039,0.85,0.01,10,1
948,211,30,PC-0062,1.9,0.015,10,1
949,211,40,PC-0085,2.95,0.02,10,1
950,211,50,SA-0024,4.0,0.005,10,1
951,211,60,RM-0016,0.85,0.01,10,1
952,212,10,PC-0033,4.35,0.01,10,1
953,212,20,PC-0056,1.2,0.015,10,1
954,212,30,PC-0079,2.25,0.02,10,1
955,213,10,PC-0050,0.5,0.015,10,1
956,213,20,PC-0073,1.55,0.02,10,1
957,213,30,PC-0096,2.6,0.005,10,1
958,213,40,RM-0004,3.65,0.01,10,1
959,214,10,PC-0067,0.85,0.02,10,1
960,214,20,PC-0090,1.9,0.005,10,1
961,214,30,SA-0037,2.95,0.01,10,1
962,214,40,RM-0021,4.0,0.015,10,1
963,214,50,RM-0044,0.85,0.02,10,1
964,215,10,PC-0058,1.2,0.005,10,1
965,215,20,PC-0081,2.25,0.01,10,1
966,215,30,SA-0012,3.3,0.015,10,1
967,215,40,RM-0010,4.35,0.02,10,1
968,215,50,RM-0033,1.2,0.005,10,1
969,215,60,RM-0056,2.25,0.01,10,1
970,216,10,SA-0001,1.55,0.01,10,1
971,216,20,RM-0009,2.6,0.015,10,1
972,216,30,RM-0032,3.65,0.02,10,1
973,217,10,PC-0066,1.9,0.015,10,1
974,217,20,PC-0089,2.95,0.02,10,1
975,217,30,SA-0036,4.0,0.005,10,1
976,217,40,RM-0016,0.85,0.01,10,1
977,218,10,RM-0020,2.25,0.02,10,1
978,218,20,RM-0043,3.3,0.005,10,1
979,218,30,RM-0066,4.35,0.01,10,1
980,218,40,RM-0089,1.2,0.015,10,1
981,218,50,RM-0112,2.25,0.02,10,1
982,219,10,PC-0074,2.6,0.005,10,1
983,219,20,PC-0097,3.65,0.01,10,1
984,219,30,SA-0060,0.5,0.015,10,1
985,219,40,RM-0022,1.55,0.02,10,1
986,219,50,RM-0045,2.6,0.005,10,1
987,219,60,RM-0068,3.65,0.01,10,1
988,220,10,RM-0040,2.95,0.01,10,1
989,220,20,RM-0063,4.0,0.015,10,1
990,220,30,RM-0086,0.85,0.02,10,1
991,221,10,PC-0082,3.3,0.015,10,1
992,221,20,SA-0014,4.35,0.02,10,1
993,221,30,RM-0005,1.2,0.005,10,1
994,221,40,RM-0028,2.25,0.01,10,1
995,222,10,PC-0086,3.65,0.02,10,1
996,222,20,SA-0026,0.5,0.005,10,1
997,222,30,RM-0008,1.55,0.01,10,1
998,222,40,RM-0031,2.6,0.015,10,1
999,222,50,RM-0054,3.65,0.02,10,1
1000,223,10,PC-0090,4.0,0.005,10,1
1001,223,20,SA-0038,0.85,0.01,10,1
1002,223,30,RM-0011,1.9,0.015,10,1
1003,223,40,RM-0034,2.95,0.02,10,1
1004,223,50,RM-0057,4.0,0.005,10,1
1005,223,60,RM-0080,0.85,0.01,10,1
1006,224,10,PC-0094,4.35,0.01,10,1
1007,224,20,SA-0050,1.2,0.015,10,1
1008,224,30,RM-0014,2.25,0.02,10,1
1009,225,10,PC-0098,0.5,0.015,10,1
1010,225,20,SA-0062,1.55,0.02,10,1
1011,225,30,RM-0017,2.6,0.005,10,1
1012,225,40,RM-0040,3.65,0.01,10,1
1013,226,10,SA-0005,0.85,0.02,10,1
1014,226,20,SA-0074,1.9,0.005,10,1
1015,226,30,RM-0020,2.95,0.01,10,1
1016,226,40,RM-0043,4.0,0.015,10,1
1017,226,50,RM-0066,0.85,0.02,10,1
1018,227,10,SA-0017,1.2,0.005,10,1
1019,227,20,SA-0086,2.25,0.01,10,1
1020,227,30,RM-0023,3.3,0.015,10,1
1021,227,40,RM-0046,4.35,0.02,10,1
1022,227,50,RM-0069,1.2,0.005,10,1
1023,227,60,RM-0092,2.25,0.01,10,1
1024,228,10,SA-0029,1.55,0.01,10,1
1025,228,20,RM-0003,2.6,0.015,10,1
1026,228,30,RM-0026,3.65,0.02,10,1
1027,229,10,SA-0041,1.9,0.015,10,1
1028,229,20,RM-0006,2.95,0.02,10,1
1029,229,30,RM-0029,4.0,0.005,10,1
1030,229,40,RM-0052,0.85,0.01,10,1
1031,230,10,SA-0053,2.25,0.02,10,1
1032,230,20,RM-0009,3.3,0.005,10,1
1033,230,30,RM-0032,4.35,0.01,10,1
1034,230,40,RM-0055,1.2,0.015,10,1
1035,230,50,RM-0078,2.25,0.02,10,1
1036,231,10,PC-0091,2.6,0.005,10,1
1037,231,20,SA-0041,3.65,0.01,10,1
1038,231,30,RM-0022,0.5,0.015,10,1
1039,231,40,RM-0045,1.55,0.02,10,1
1040,231,50,RM-0068,2.6,0.005,10,1
1041,231,60,RM-0091,3.65,0.01,10,1
1042,232,10,SA-0023,2.95,0.01,10,1
1043,232,20,RM-0016,4.0,0.015,10,1
1044,232,30,RM-0039,0.85,0.02,10,1
1045,233,10,RM-0010,3.3,0.015,10,1
1046,233,20,RM-0033,4.35,0.02,10,1
1047,233,30,RM-0056,1.2,0.005,10,1
1048,233,40,RM-0079,2.25,0.01,10,1
1049,234,10,RM-0027,3.65,0.02,10,1
1050,234,20,RM-0050,0.5,0.005,10,1
1051,234,30,RM-0073,1.55,0.01,10,1
1052,234,40,RM-0096,2.6,0.015,10,1
1053,234,50,RM-0119,3.65,0.02,10,1
1054,235,10,RM-0044,4.0,0.005,10,1
1055,235,20,RM-0067,0.85,0.01,10,1
1056,235,30,RM-0090,1.9,0.015,10,1
1057,235,40,RM-0113,2.95,0.02,10,1
1058,235,50,RM-0136,4.0,0.005,10,1
1059,235,60,PC-0009,0.85,0.01,10,1
1060,236,10,RM-0061,4.35,0.01,10,1
1061,236,20,RM-0084,1.2,0.015,10,1
1062,236,30,RM-0107,2.25,0.02,10,1
1063,237,10,RM-0078,0.5,0.015,10,1
1064,237,20,RM-0101,1.55,0.02,10,1
1065,237,30,RM-0124,2.6,0.005,10,1
1066,237,40,RM-0147,3.65,0.01,10,1
1067,238,10,RM-0095,0.85,0.02,10,1
1068,238,20,RM-0118,1.9,0.005,10,1
1069,238,30,RM-0141,2.95,0.01,10,1
1070,238,40,PC-0014,4.0,0.015,10,1
1071,238,50,PC-0037,0.85,0.02,10,1
1072,239,10,RM-0112,1.2,0.005,10,1
1073,239,20,RM-0135,2.25,0.01,10,1
1074,239,30,PC-0008,3.3,0.015,10,1
1075,239,40,PC-0031,4.35,0.02,10,1
1076,239,50,PC-0054,1.2,0.005,10,1
1077,239,60,PC-0077,2.25,0.01,10,1
1078,240,10,RM-0129,1.55,0.01,10,1
1079,240,20,PC-0002,2.6,0.015,10,1
1080,240,30,PC-0025,3.65,0.02,10,1
1081,241,10,RM-0146,1.9,0.015,10,1
1082,241,20,PC-0019,2.95,0.02,10,1
1083,241,30,PC-0042,4.0,0.005,10,1
1084,241,40,PC-0065,0.85,0.01,10,1
1085,242,10,PC-0013,2.25,0.02,10,1
1086,242,20,PC-0036,3.3,0.005,10,1
1087,242,30,PC-0059,4.35,0.01,10,1
1088,242,40,PC-0082,1.2,0.015,10,1
1089,242,50,SA-0014,2.25,0.02,10,1
1090,243,10,PC-0030,2.6,0.005,10,1
1091,243,20,PC-0053,3.65,0.01,10,1
1092,243,30,PC-0076,0.5,0.015,10,1
1093,243,40,PC-0099,1.55,0.02,10,1
1094,243,50,RM-0007,2.6,0.005,10,1
1095,243,60,RM-0030,3.65,0.01,10,1
1096,244,10,PC-0047,2.95,0.01,10,1
1097,244,20,PC-0070,4.0,0.015,10,1
1098,244,30,PC-0093,0.85,0.02,10,1
1099,245,10,PC-0064,3.3,0.015,10,1
1100,245,20,PC-0087,4.35,0.02,10,1
1101,245,30,SA-0029,1.2,0.005,10,1
1102,245,40,RM-0018,2.25,0.01,10,1
1103,246,10,PC-0081,3.65,0.02,10,1
1104,246,20,SA-0011,0.5,0.005,10,1
1105,246,30,RM-0012,1.55,0.01,10,1
1106,246,40,RM-0035,2.6,0.015,10,1
1107,246,50,RM-0058,3.65,0.02,10,1
1108,247,10,PC-0083,4.0,0.005,10,1
1109,247,20,SA-0017,0.85,0.01,10,1
1110,247,30,RM-0013,1.9,0.015,10,1
1111,247,40,RM-0036,2.95,0.02,10,1
1112,247,50,RM-0059,4.0,0.005,10,1
1113,247,60,RM-0082,0.85,0.01,10,1
1114,248,10,PC-0085,4.35,0.01,10,1
1115,248,20,SA-0023,1.2,0.015,10,1
1116,248,30,RM-0014,2.25,0.02,10,1
1117,249,10,PC-0087,0.5,0.015,10,1
1118,249,20,SA-0029,1.55,0.02,10,1
1119,249,30,RM-0015,2.6,0.005,10,1
1120,249,40,RM-0038,3.65,0.01,10,1
1121,250,10,PC-0089,0.85,0.02,10,1
1122,250,20,SA-0035,1.9,0.005,10,1
1123,250,30,RM-0016,2.95,0.01,10,1
1124,250,40,RM-0039,4.0,0.015,10,1
1125,250,50,RM-0062,0.85,0.02,10,1
1126,251,10,PC-0091,1.2,0.005,10,1
1127,251,20,SA-0041,2.25,0.01,10,1
1128,251,30,RM-0017,3.3,0.015,10,1
1129,251,40,RM-0040,4.35,0.02,10,1
1130,251,50,RM-0063,1.2,0.005,10,1
1131,251,60,RM-0086,2.25,0.01,10,1
1132,252,10,PC-0093,1.55,0.01,10,1
1133,252,20,SA-0047,2.6,0.015,10,1
1134,252,30,RM-0018,3.65,0.02,10,1
1135,253,10,PC-0095,1.9,0.015,10,1
1136,253,20,SA-0053,2.95,0.02,10,1
1137,253,30,RM-0019,4.0,0.005,10,1
1138,253,40,RM-0042,0.85,0.01,10,1
1139,254,10,PC-0097,2.25,0.02,10,1
1140,254,20,SA-0059,3.3,0.005,10,1
1141,254,30,RM-0020,4.35,0.01,10,1
1142,254,40,RM-0043,1.2,0.015,10,1
1143,254,50,RM-0066,2.25,0.02,10,1
1144,255,10,PC-0099,2.6,0.005,10,1
1145,255,20,SA-0065,3.65,0.01,10,1
1146,255,30,RM-0021,0.5,0.015,10,1
1147,255,40,RM-0044,1.55,0.02,10,1
1148,255,50,RM-0067,2.6,0.005,10,1
1149,255,60,RM-0090,3.65,0.01,10,1
1150,256,10,SA-0002,2.95,0.01,10,1
1151,256,20,SA-0071,4.0,0.015,10,1
1152,256,30,RM-0022,0.85,0.02,10,1
1153,257,10,SA-0008,3.3,0.015,10,1
1154,257,20,SA-0077,4.35,0.02,10,1
1155,257,30,RM-0023,1.2,0.005,10,1
1156,257,40,RM-0046,2.25,0.01,10,1
1157,258,10,SA-0014,3.65,0.02,10,1
1158,258,20,RM-0001,0.5,0.005,10,1
1159,258,30,RM-0024,1.55,0.01,10,1
1160,258,40,RM-0047,2.6,0.015,10,1
1161,258,50,RM-0070,3.65,0.02,10,1
1162,259,10,SA-0020,4.0,0.005,10,1
1163,259,20,RM-0002,0.85,0.01,10,1
1164,259,30,RM-0025,1.9,0.015,10,1
1165,259,40,RM-0048,2.95,0.02,10,1
1166,259,50,RM-0071,4.0,0.005,10,1
1167,259,60,RM-0094,0.85,0.01,10,1
1168,260,10,SA-0026,4.35,0.01,10,1
1169,260,20,RM-0003,1.2,0.015,10,1
1170,260,30,RM-0026,2.25,0.02,10,1
1171,261,10,SA-0033,0.5,0.015,10,1
1172,261,20,RM-0004,1.55,0.02,10,1
1173,261,30,RM-0027,2.6,0.005,10,1
1174,261,40,RM-0050,3.65,0.01,10,1
1175,262,10,SA-0038,0.85,0.02,10,1
1176,262,20,RM-0005,1.9,0.005,10,1
1177,262,30,RM-0028,2.95,0.01,10,1
1178,262,40,RM-0051,4.0,0.015,10,1
1179,262,50,RM-0074,0.85,0.02,10,1
1180,263,10,SA-0045,1.2,0.005,10,1
1181,263,20,RM-0006,2.25,0.01,10,1
1182,263,30,RM-0029,3.3,0.015,10,1
1183,263,40,RM-0052,4.35,0.02,10,1
1184,263,50,RM-0075,1.2,0.005,10,1
1185,263,60,RM-0098,2.25,0.01,10,1
1186,264,10,RM-0007,1.55,0.01,10,1
1187,264,20,RM-0030,2.6,0.015,10,1
1188,264,30,RM-0053,3.65,0.02,10,1
1189,265,10,RM-0024,1.9,0.015,10,1
1190,265,20,RM-0047,2.95,0.02,10,1
1191,265,30,RM-0070,4.0,0.005,10,1
1192,265,40,RM-0093,0.85,0.01,10,1
1193,266,10,RM-0041,2.25,0.02,10,1
1194,266,20,RM-0064,3.3,0.005,10,1
1195,266,30,RM-0087,4.35,0.01,10,1
1196,266,40,RM-0110,1.2,0.015,10,1
1197,266,50,RM-0133,2.25,0.02,10,1
1198,267,10,RM-0058,2.6,0.005,10,1
1199,267,20,RM-0081,3.65,0.01,10,1
1200,267,30,RM-0104,0.5,0.015,10,1
1201,267,40,RM-0127,1.55,0.02,10,1
1202,267,50,RM-0150,2.6,0.005,10,1
1203,267,60,PC-0023,3.65,0.01,10,1
1204,268,10,RM-0075,2.95,0.01,10,1
1205,268,20,RM-0098,4.0,0.015,10,1
1206,268,30,RM-0121,0.85,0.02,10,1
1207,269,10,RM-0092,3.3,0.015,10,1
1208,269,20,RM-0115,4.35,0.02,10,1
1209,269,30,RM-0138,1.2,0.005,10,1
1210,269,40,PC-0011,2.25,0.01,10,1
1211,270,10,RM-0109,3.65,0.02,10,1
1212,270,20,RM-0132,0.5,0.005,10,1
1213,270,30,PC-0005,1.55,0.01,10,1
1214,270,40,PC-0028,2.6,0.015,10,1
1215,270,50,PC-0051,3.65,0.02,10,1
1216,271,10,RM-0126,4.0,0.005,10,1
1217,271,20,RM-0149,0.85,0.01,10,1
1218,271,30,PC-0022,1.9,0.015,10,1
1219,271,40,PC-0045,2.95,0.02,10,1
1220,271,50,PC-0068,4.0,0.005,10,1
1221,271,60,PC-0091,0.85,0.01,10,1
1222,272,10,RM-0143,4.35,0.01,10,1
1223,272,20,PC-0016,1.2,0.015,10,1
1224,272,30,PC-0039,2.25,0.02,10,1
1225,273,10,PC-0010,0.5,0.015,10,1
1226,273,20,PC-0033,1.55,0.02,10,1
1227,273,30,PC-0056,2.6,0.005,10,1
1228,273,40,PC-0079,3.65,0.01,10,1
1229,274,10,PC-0027,0.85,0.02,10,1
1230,274,20,PC-0050,1.9,0.005,10,1
1231,274,30,PC-0073,2.95,0.01,10,1
1232,274,40,PC-0096,4.0,0.015,10,1
1233,274,50,RM-0004,0.85,0.02,10,1
1234,275,10,PC-0044,1.2,0.005,10,1
1235,275,20,PC-0067,2.25,0.01,10,1
1236,275,30,PC-0090,3.3,0.015,10,1
1237,275,40,SA-0039,4.35,0.02,10,1
1238,275,50,RM-0021,1.2,0.005,10,1
1239,275,60,RM-0044,2.25,0.01,10,1
1240,276,10,PC-0061,1.55,0.01,10,1
1241,276,20,PC-0084,2.6,0.015,10,1
1242,276,30,SA-0020,3.65,0.02,10,1
1243,277,10,PC-0078,1.9,0.015,10,1
1244,277,20,SA-0003,2.95,0.02,10,1
1245,277,30,RM-0009,4.0,0.005,10,1
1246,277,40,RM-0032,0.85,0.01,10,1
1247,278,10,PC-0095,2.25,0.02,10,1
1248,278,20,RM-0003,3.3,0.005,10,1
1249,278,30,RM-0026,4.35,0.01,10,1
1250,278,40,RM-0049,1.2,0.015,10,1
1251,278,50,RM-0072,2.25,0.02,10,1
1252,279,10,SA-0036,2.6,0.005,10,1
1253,279,20,RM-0020,3.65,0.01,10,1
1254,279,30,RM-0043,0.5,0.015,10,1
1255,279,40,RM-0066,1.55,0.02,10,1
1256,279,50,RM-0089,2.6,0.005,10,1
1257,279,60,RM-0112,3.65,0.01,10,1
1258,280,10,SA-0035,2.95,0.01,10,1
1259,280,20,RM-0019,4.0,0.015,10,1
1260,280,30,RM-0042,0.85,0.02,10,1
1261,281,10,SA-0036,3.3,0.015,10,1
1262,281,20,RM-0018,4.35,0.02,10,1
1263,281,30,RM-0041,1.2,0.005,10,1
1264,281,40,RM-0064,2.25,0.01,10,1
1265,282,10,SA-0035,3.65,0.02,10,1
1266,282,20,RM-0017,0.5,0.005,10,1
1267,282,30,RM-0040,1.55,0.01,10,1
1268,282,40,RM-0063,2.6,0.015,10,1
1269,282,50,RM-0086,3.65,0.02,10,1
1270,283,10,SA-0036,4.0,0.005,10,1
1271,283,20,RM-0016,0.85,0.01,10,1
1272,283,30,RM-0039,1.9,0.015,10,1
1273,283,40,RM-0062,2.95,0.02,10,1
1274,283,50,RM-0085,4.0,0.005,10,1
1275,283,60,RM-0108,0.85,0.01,10,1
1276,284,10,SA-0035,4.35,0.01,10,1
1277,284,20,RM-0015,1.2,0.015,10,1
1278,284,30,RM-0038,2.25,0.02,10,1
1279,285,10,SA-0036,0.5,0.015,10,1
1280,285,20,RM-0014,1.55,0.02,10,1
1281,285,30,RM-0037,2.6,0.005,10,1
1282,285,40,RM-0060,3.65,0.01,10,1
1283,286,10,SA-0035,0.85,0.02,10,1
1284,286,20,RM-0013,1.9,0.005,10,1
1285,286,30,RM-0036,2.95,0.01,10,1
1286,286,40,RM-0059,4.0,0.015,10,1
1287,286,50,RM-0082,0.85,0.02,10,1
1288,287,10,SA-0036,1.2,0.005,10,1
1289,287,20,RM-0012,2.25,0.01,10,1
1290,287,30,RM-0035,3.3,0.015,10,1
1291,287,40,RM-0058,4.35,0.02,10,1
1292,287,50,RM-0081,1.2,0.005,10,1
1293,287,60,RM-0104,2.25,0.01,10,1
1294,288,10,SA-0035,1.55,0.01,10,1
1295,288,20,RM-0011,2.6,0.015,10,1
1296,288,30,RM-0034,3.65,0.02,10,1
1297,289,10,SA-0036,1.9,0.015,10,1
1298,289,20,RM-0010,2.95,0.02,10,1
1299,289,30,RM-0033,4.0,0.005,10,1
1300,289,40,RM-0056,0.85,0.01,10,1
1301,290,10,SA-0035,2.25,0.02,10,1
1302,290,20,RM-0009,3.3,0.005,10,1
1303,290,30,RM-0032,4.35,0.01,10,1
1304,290,40,RM-0055,1.2,0.015,10,1
1305,290,50,RM-0078,2.25,0.02,10,1
1306,291,10,SA-0036,2.6,0.005,10,1
1307,291,20,RM-0008,3.65,0.01,10,1
1308,291,30,RM-0031,0.5,0.015,10,1
1309,291,40,RM-0054,1.55,0.02,10,1
1310,291,50,RM-0077,2.6,0.005,10,1
1311,291,60,RM-0100,3.65,0.01,10,1
1312,292,10,SA-0036,2.95,0.01,10,1
1313,292,20,RM-0007,4.0,0.015,10,1
1314,292,30,RM-0030,0.85,0.02,10,1
1315,293,10,SA-0035,3.3,0.015,10,1
1316,293,20,RM-0006,4.35,0.02,10,1
1317,293,30,RM-0029,1.2,0.005,10,1
1318,293,40,RM-0052,2.25,0.01,10,1
1319,294,10,SA-0036,3.65,0.02,10,1
1320,294,20,RM-0005,0.5,0.005,10,1
1321,294,30,RM-0028,1.55,0.01,10,1
1322,294,40,RM-0051,2.6,0.015,10,1
1323,294,50,RM-0074,3.65,0.02,10,1
1324,295,10,SA-0036,4.0,0.005,10,1
1325,295,20,RM-0004,0.85,0.01,10,1
1326,295,30,RM-0027,1.9,0.015,10,1
1327,295,40,RM-0050,2.95,0.02,10,1
1328,295,50,RM-0073,4.0,0.005,10,1
1329,295,60,RM-0096,0.85,0.01,10,1
1330,296,10,SA-0035,4.35,0.01,10,1
1331,296,20,RM-0003,1.2,0.015,10,1
1332,296,30,RM-0026,2.25,0.02,10,1
1333,297,10,RM-0038,0.5,0.015,10,1
1334,297,20,RM-0061,1.55,0.02,10,1
1335,297,30,RM-0084,2.6,0.005,10,1
1336,297,40,RM-0107,3.65,0.01,10,1
1337,298,10,RM-0055,0.85,0.02,10,1
1338,298,20,RM-0078,1.9,0.005,10,1
1339,298,30,RM-0101,2.95,0.01,10,1
1340,298,40,RM-0124,4.0,0.015,10,1
1341,298,50,RM-0147,0.85,0.02,10,1
1342,299,10,RM-0072,1.2,0.005,10,1
1343,299,20,RM-0095,2.25,0.01,10,1
1344,299,30,RM-0118,3.3,0.015,10,1
1345,299,40,RM-0141,4.35,0.02,10,1
1346,299,50,PC-0014,1.2,0.005,10,1
1347,299,60,PC-0037,2.25,0.01,10,1
1348,300,10,RM-0089,1.55,0.01,10,1
1349,300,20,RM-0112,2.6,0.015,10,1
1350,300,30,RM-0135,3.65,0.02,10,1
1351,301,10,RM-0106,1.9,0.015,10,1
1352,301,20,RM-0129,2.95,0.02,10,1
1353,301,30,PC-0002,4.0,0.005,10,1
1354,301,40,PC-0025,0.85,0.01,10,1
1355,302,10,RM-0123,2.25,0.02,10,1
1356,302,20,RM-0146,3.3,0.005,10,1
1357,302,30,PC-0019,4.35,0.01,10,1
1358,302,40,PC-0042,1.2,0.015,10,1
1359,302,50,PC-0065,2.25,0.02,10,1
1360,303,10,RM-0140,2.6,0.005,10,1
1361,303,20,PC-0013,3.65,0.01,10,1
1362,303,30,PC-0036,0.5,0.015,10,1
1363,303,40,PC-0059,1.55,0.02,10,1
1364,303,50,PC-0082,2.6,0.005,10,1
1365,303,60,SA-0015,3.65,0.01,10,1
1366,304,10,PC-0007,2.95,0.01,10,1
1367,304,20,PC-0030,4.0,0.015,10,1
1368,304,30,PC-0053,0.85,0.02,10,1
1369,305,10,PC-0024,3.3,0.015,10,1
1370,305,20,PC-0047,4.35,0.02,10,1
1371,305,30,PC-0070,1.2,0.005,10,1
1372,305,40,PC-0093,2.25,0.01,10,1
1373,306,10,PC-0041,3.65,0.02,10,1
1374,306,20,PC-0064,0.5,0.005,10,1
1375,306,30,PC-0087,1.55,0.01,10,1
1376,306,40,SA-0030,2.6,0.015,10,1
1377,306,50,RM-0018,3.65,0.02,10,1
1378,307,10,PC-0058,4.0,0.005,10,1
1379,307,20,PC-0081,0.85,0.01,10,1
1380,307,30,SA-0012,1.9,0.015,10,1
1381,307,40,RM-0012,2.95,0.02,10,1
1382,307,50,RM-0035,4.0,0.005,10,1
1383,307,60,RM-0058,0.85,0.01,10,1
1384,308,10,PC-0075,4.35,0.01,10,1
1385,308,20,PC-0098,1.2,0.015,10,1
1386,308,30,RM-0006,2.25,0.02,10,1
1387,309,10,PC-0092,0.5,0.015,10,1
1388,309,20,SA-0045,1.55,0.02,10,1
1389,309,30,RM-0023,2.6,0.005,10,1
1390,309,40,RM-0046,3.65,0.01,10,1
1391,310,10,SA-0027,0.85,0.02,10,1
1392,310,20,RM-0017,1.9,0.005,10,1
1393,310,30,RM-0040,2.95,0.01,10,1
1394,310,40,RM-0063,4.0,0.015,10,1
1395,310,50,RM-0086,0.85,0.02,10,1
1396,311,10,RM-0011,1.2,0.005,10,1
1397,311,20,RM-0034,2.25,0.01,10,1
1398,311,30,RM-0057,3.3,0.015,10,1
1399,311,40,RM-0080,4.35,0.02,10,1
1400,311,50,RM-0103,1.2,0.005,10,1
1401,311,60,RM-0126,2.25,0.01,10,1
1402,312,10,RM-0028,1.55,0.01,10,1
1403,312,20,RM-0051,2.6,0.015,10,1
1404,312,30,RM-0074,3.65,0.02,10,1
1405,313,10,RM-0025,1.9,0.015,10,1
1406,313,20,RM-0048,2.95,0.02,10,1
1407,313,30,RM-0071,4.0,0.005,10,1
1408,313,40,RM-0094,0.85,0.01,10,1
1409,314,10,RM-0022,2.25,0.02,10,1
1410,314,20,RM-0045,3.3,0.005,10,1
1411,314,30,RM-0068,4.35,0.01,10,1
1412,314,40,RM-0091,1.2,0.015,10,1
1413,314,50,RM-0114,2.25,0.02,10,1
1414,315,10,RM-0019,2.6,0.005,10,1
1415,315,20,RM-0042,3.65,0.01,10,1
1416,315,30,RM-0065,0.5,0.015,10,1
1417,315,40,RM-0088,1.55,0.02,10,1
1418,315,50,RM-0111,2.6,0.005,10,1
1419,315,60,RM-0134,3.65,0.01,10,1
1420,316,10,RM-0016,2.95,0.01,10,1
1421,316,20,RM-0039,4.0,0.015,10,1
1422,316,30,RM-0062,0.85,0.02,10,1
1423,317,10,RM-0013,3.3,0.015,10,1
1424,317,20,RM-0036,4.35,0.02,10,1
1425,317,30,RM-0059,1.2,0.005,10,1
1426,317,40,RM-0082,2.25,0.01,10,1
1427,318,10,RM-0010,3.65,0.02,10,1
1428,318,20,RM-0033,0.5,0.005,10,1
1429,318,30,RM-0056,1.55,0.01,10,1
1430,318,40,RM-0079,2.6,0.015,10,1
1431,318,50,RM-0102,3.65,0.02,10,1
1432,319,10,RM-0007,4.0,0.005,10,1
1433,319,20,RM-0030,0.85,0.01,10,1
1434,319,30,RM-0053,1.9,0.015,10,1
1435,319,40,RM-0076,2.95,0.02,10,1
1436,319,50,RM-0099,4.0,0.005,10,1
1437,319,60,RM-0122,0.85,0.01,10,1
1438,320,10,RM-0004,4.35,0.01,10,1
1439,320,20,RM-0027,1.2,0.015,10,1
1440,320,30,RM-0050,2.25,0.02,10,1
1441,321,10,RM-0001,0.5,0.015,10,1
1442,321,20,RM-0024,1.55,0.02,10,1
1443,321,30,RM-0047,2.6,0.005,10,1
1444,321,40,RM-0070,3.65,0.01,10,1
1445,322,10,SA-0069,0.85,0.02,10,1
1446,322,20,RM-0021,1.9,0.005,10,1
1447,322,30,RM-0044,2.95,0.01,10,1
1448,322,40,RM-0067,4.0,0.015,10,1
1449,322,50,RM-0090,0.85,0.02,10,1
1450,323,10,SA-0062,1.2,0.005,10,1
1451,323,20,RM-0018,2.25,0.01,10,1
1452,323,30,RM-0041,3.3,0.015,10,1
1453,323,40,RM-0064,4.35,0.02,10,1
1454,323,50,RM-0087,1.2,0.005,10,1
1455,323,60,RM-0110,2.25,0.01,10,1
1456,324,10,SA-0057,1.55,0.01,10,1
1457,324,20,RM-0015,2.6,0.015,10,1
1458,324,30,RM-0038,3.65,0.02,10,1
1459,325,10,SA-0051,1.9,0.015,10,1
1460,325,20,RM-0012,2.95,0.02,10,1
1461,325,30,RM-0035,4.0,0.005,10,1
1462,325,40,RM-0058,0.85,0.01,10,1
1463,326,10,SA-0044,2.25,0.02,10,1
1464,326,20,RM-0009,3.3,0.005,10,1
1465,326,30,RM-0032,4.35,0.01,10,1
1466,326,40,RM-0055,1.2,0.015,10,1
1467,326,50,RM-0078,2.25,0.02,10,1
1468,327,10,SA-0039,2.6,0.005,10,1
1469,327,20,RM-0006,3.65,0.01,10,1
1470,327,30,RM-0029,0.5,0.015,10,1
1471,327,40,RM-0052,1.55,0.02,10,1
1472,327,50,RM-0075,2.6,0.005,10,1
1473,327,60,RM-0098,3.65,0.01,10,1
1474,328,10,SA-0033,2.95,0.01,10,1
1475,328,20,RM-0003,4.0,0.015,10,1
1476,328,30,RM-0026,0.85,0.02,10,1
1477,329,10,SA-0026,3.3,0.015,10,1
1478,329,20,SA-0095,4.35,0.02,10,1
1479,329,30,RM-0023,1.2,0.005,10,1
1480,329,40,RM-0046,2.25,0.01,10,1
1481,330,10,RM-0069,3.65,0.02,10,1
1482,330,20,RM-0092,0.5,0.005,10,1
1483,330,30,RM-0115,1.55,0.01,10,1
1484,330,40,RM-0138,2.6,0.015,10,1
1485,330,50,PC-0011,3.65,0.02,10,1
1486,331,10,RM-0086,4.0,0.005,10,1
1487,331,20,RM-0109,0.85,0.01,10,1
1488,331,30,RM-0132,1.9,0.015,10,1
1489,331,40,PC-0005,2.95,0.02,10,1
1490,331,50,PC-0028,4.0,0.005,10,1
1491,331,60,PC-0051,0.85,0.01,10,1
1492,332,10,RM-0103,4.35,0.01,10,1
1493,332,20,RM-0126,1.2,0.015,10,1
1494,332,30,RM-0149,2.25,0.02,10,1
1495,333,10,RM-0120,0.5,0.015,10,1
1496,333,20,RM-0143,1.55,0.02,10,1
1497,333,30,PC-0016,2.6,0.005,10,1
1498,333,40,PC-0039,3.65,0.01,10,1
1499,334,10,RM-0137,0.85,0.02,10,1
1500,334,20,PC-0010,1.9,0.005,10,1
1501,334,30,PC-0033,2.95,0.01,10,1
1502,334,40,PC-0056,4.0,0.015,10,1
1503,334,50,PC-0079,0.85,0.02,10,1
1504,335,10,PC-0004,1.2,0.005,10,1
1505,335,20,PC-0027,2.25,0.01,10,1
1506,335,30,PC-0050,3.3,0.015,10,1
1507,335,40,PC-0073,4.35,0.02,10,1
1508,335,50,PC-0096,1.2,0.005,10,1
1509,335,60,RM-0004,2.25,0.01,10,1
1510,336,10,PC-0021,1.55,0.01,10,1
1511,336,20,PC-0044,2.6,0.015,10,1
1512,336,30,PC-0067,3.65,0.02,10,1
1513,337,10,PC-0038,1.9,0.015,10,1
1514,337,20,PC-0061,2.95,0.02,10,1
1515,337,30,PC-0084,4.0,0.005,10,1
1516,337,40,SA-0021,0.85,0.01,10,1
1517,338,10,PC-0055,2.25,0.02,10,1
1518,338,20,PC-0078,3.3,0.005,10,1
1519,338,30,SA-0002,4.35,0.01,10,1
1520,338,40,RM-0009,1.2,0.015,10,1
1521,338,50,RM-0032,2.25,0.02,10,1
1522,339,10,PC-0072,2.6,0.005,10,1
1523,339,20,PC-0095,3.65,0.01,10,1
1524,339,30,RM-0003,0.5,0.015,10,1
1525,339,40,RM-0026,1.55,0.02,10,1
1526,339,50,RM-0049,2.6,0.005,10,1
1527,339,60,RM-0072,3.65,0.01,10,1
1528,340,10,PC-0089,2.95,0.01,10,1
1529,340,20,SA-0036,4.0,0.015,10,1
1530,340,30,RM-0020,0.85,0.02,10,1
1531,341,10,SA-0017,3.3,0.015,10,1
1532,341,20,RM-0014,4.35,0.02,10,1
1533,341,30,RM-0037,1.2,0.005,10,1
1534,341,40,RM-0060,2.25,0.01,10,1
1535,342,10,RM-0008,3.65,0.02,10,1
1536,342,20,RM-0031,0.5,0.005,10,1
1537,342,30,RM-0054,1.55,0.01,10,1
1538,342,40,RM-0077,2.6,0.015,10,1
1539,342,50,RM-0100,3.65,0.02,10,1
1540,343,10,RM-0025,4.0,0.005,10,1
1541,343,20,RM-0048,0.85,0.01,10,1
1542,343,30,RM-0071,1.9,0.015,10,1
1543,343,40,RM-0094,2.95,0.02,10,1
1544,343,50,RM-0117,4.0,0.005,10,1
1545,343,60,RM-0140,0.85,0.01,10,1
1546,344,10,RM-0042,4.35,0.01,10,1
1547,344,20,RM-0065,1.2,0.015,10,1
1548,344,30,RM-0088,2.25,0.02,10,1
1549,345,10,RM-0059,0.5,0.015,10,1
1550,345,20,RM-0082,1.55,0.02,10,1
1551,345,30,RM-0105,2.6,0.005,10,1
1552,345,40,RM-0128,3.65,0.01,10,1
1553,346,10,RM-0054,0.85,0.02,10,1
1554,346,20,RM-0077,1.9,0.005,10,1
1555,346,30,RM-0100,2.95,0.01,10,1
1556,346,40,RM-0123,4.0,0.015,10,1
1557,346,50,RM-0146,0.85,0.02,10,1
1558,347,10,RM-0049,1.2,0.005,10,1
1559,347,20,RM-0072,2.25,0.01,10,1
1560,347,30,RM-0095,3.3,0.015,10,1
1561,347,40,RM-0118,4.35,0.02,10,1
1562,347,50,RM-0141,1.2,0.005,10,1
1563,347,60,PC-0014,2.25,0.01,10,1
1564,348,10,RM-0044,1.55,0.01,10,1
1565,348,20,RM-0067,2.6,0.015,10,1
1566,348,30,RM-0090,3.65,0.02,10,1
1567,349,10,RM-0039,1.9,0.015,10,1
1568,349,20,RM-0062,2.95,0.02,10,1
1569,349,30,RM-0085,4.0,0.005,10,1
1570,349,40,RM-0108,0.85,0.01,10,1
1571,350,10,RM-0034,2.25,0.02,10,1
1572,350,20,RM-0057,3.3,0.005,10,1
1573,350,30,RM-0080,4.35,0.01,10,1
1574,350,40,RM-0103,1.2,0.015,10,1
1575,350,50,RM-0126,2.25,0.02,10,1
