id,po_number,vendor_id,site_code,order_date,expected_date,buyer_employee_id,status,currency,line_number,item_id,order_quantity,received_quantity,unit_price
751,PO-000751,VEND-0044,100,2026-05-07,2026-06-19,EMP-0591,Open,USD,10,RM-0031,532.9517,0.0,10.68
2060,PO-002060,VEND-0141,200,2026-05-18,2026-06-19,EMP-0580,Open,USD,10,RM-0094,43.6617,0.0,11.46
3369,PO-003369,VEND-0107,100,2026-05-29,2026-06-19,EMP-0569,Open,USD,10,PC-0022,407.371,0.0,111.62
3407,PO-003407,VEND-0059,300,2026-04-21,2026-06-19,EMP-0607,Open,USD,10,RM-0046,459.5762,0.0,23.27
4678,PO-004678,VEND-0002,200,2026-06-09,2026-06-19,EMP-0618,Open,USD,10,PC-0097,241.703,0.0,55.25
4716,PO-004716,VEND-0030,300,2026-05-02,2026-06-19,EMP-0596,Open,USD,10,RM-0113,149.8283,0.0,27.33
6025,PO-006025,VEND-0026,300,2026-05-13,2026-06-19,EMP-0585,Open,USD,10,PC-0042,271.8204,0.0,80.08
7334,PO-007334,VEND-0016,100,2026-05-24,2026-06-19,EMP-0574,Open,USD,10,RM-0015,479.7553,0.0,23.27
8643,PO-008643,VEND-0102,200,2026-06-04,2026-06-19,EMP-0563,Open,USD,10,RM-0077,256.3778,0.0,23.27
8681,PO-008681,VEND-0100,300,2026-04-27,2026-06-19,EMP-0601,Open,USD,10,PC-0063,211.5921,0.0,49.3
9990,PO-009990,VEND-0091,200,2026-05-08,2026-06-19,EMP-0590,Open,USD,10,RM-0031,334.511,0.0,11.48
11299,PO-011299,VEND-0143,300,2026-05-19,2026-06-19,EMP-0579,Open,USD,10,RM-0094,42.875,0.0,12.33
12608,PO-012608,VEND-0107,200,2026-05-30,2026-06-19,EMP-0568,Open,USD,10,PC-0022,31.5564,0.0,120.02
12646,PO-012646,VEND-0072,100,2026-04-22,2026-06-19,EMP-0606,Open,USD,10,RM-0047,305.0683,0.0,25.83
13917,PO-013917,VEND-0002,300,2026-06-10,2026-06-19,EMP-0617,Open,USD,10,PC-0097,145.1103,0.0,59.4
13955,PO-013955,VEND-0156,300,2026-05-03,2026-06-19,EMP-0595,Open,USD,10,RM-0114,571.9653,0.0,30.18
355,PO-000355,VEND-0116,300,2026-05-19,2026-06-20,EMP-0615,Open,USD,10,RM-0007,468.3612,0.0,17.99
1664,PO-001664,VEND-0011,200,2026-05-30,2026-06-20,EMP-0604,Open,USD,10,RM-0070,391.7742,0.0,18.86
1702,PO-001702,VEND-0176,300,2026-04-22,2026-06-20,EMP-0582,Open,USD,10,PC-0055,150.0845,0.0,116.78
2973,PO-002973,VEND-0060,300,2026-06-10,2026-06-20,EMP-0593,Open,USD,10,RM-0143,261.2629,0.0,28.45
3011,PO-003011,VEND-0133,100,2026-05-03,2026-06-20,EMP-0571,Open,USD,10,RM-0024,440.25,0.0,29.2
4320,PO-004320,VEND-0001,200,2026-05-14,2026-06-20,EMP-0560,Open,USD,10,RM-0087,534.6016,0.0,29.97
5629,PO-005629,VEND-0003,100,2026-05-25,2026-06-20,EMP-0609,Open,USD,10,PC-0014,531.0486,0.0,85.76
6938,PO-006938,VEND-0091,200,2026-06-05,2026-06-20,EMP-0598,Open,USD,10,PC-0090,347.7457,0.0,129.19
6976,PO-006976,VEND-0119,300,2026-04-28,2026-06-20,EMP-0576,Open,USD,10,RM-0106,349.4156,0.0,21.45
8285,PO-008285,VEND-0066,200,2026-05-09,2026-06-20,EMP-0565,Open,USD,10,PC-0036,230.3747,0.0,60.02
9594,PO-009594,VEND-0105,100,2026-05-20,2026-06-20,EMP-0614,Open,USD,10,RM-0008,674.9584,0.0,17.43
10903,PO-010903,VEND-0011,300,2026-05-31,2026-06-20,EMP-0603,Open,USD,10,RM-0070,245.0986,0.0,17.43
10941,PO-010941,VEND-0009,100,2026-04-23,2026-06-20,EMP-0581,Open,USD,10,PC-0056,586.9088,0.0,128.99
12212,PO-012212,VEND-0073,100,2026-06-11,2026-06-20,EMP-0592,Open,USD,10,RM-0144,292.5042,0.0,27.08
12250,PO-012250,VEND-0131,200,2026-05-04,2026-06-20,EMP-0570,Open,USD,10,RM-0024,103.0032,0.0,31.42
13559,PO-013559,VEND-0052,300,2026-05-15,2026-06-20,EMP-0619,Open,USD,10,RM-0087,347.4182,0.0,32.24
14868,PO-014868,VEND-0003,200,2026-05-26,2026-06-20,EMP-0608,Open,USD,10,PC-0014,76.0803,0.0,92.27
1268,PO-001268,VEND-0072,300,2026-06-11,2026-06-21,EMP-0568,Open,USD,10,RM-0047,158.4958,0.0,24.74
1306,PO-001306,VEND-0159,200,2026-05-04,2026-06-21,EMP-0606,Open,USD,10,PC-0026,360.3781,0.0,136.99
2615,PO-002615,VEND-0156,200,2026-05-15,2026-06-21,EMP-0595,Open,USD,10,PC-0100,473.498,0.0,71.33
3924,PO-003924,VEND-0113,200,2026-05-26,2026-06-21,EMP-0584,Open,USD,10,RM-0064,555.6502,0.0,13.52
5233,PO-005233,VEND-0136,300,2026-06-06,2026-06-21,EMP-0573,Open,USD,10,RM-0135,111.0353,0.0,21.29
5271,PO-005271,VEND-0055,100,2026-04-29,2026-06-21,EMP-0611,Open,USD,10,RM-0018,767.1449,0.0,24.31
6580,PO-006580,VEND-0041,300,2026-05-10,2026-06-21,EMP-0600,Open,USD,10,RM-0080,511.7561,0.0,24.31
7889,PO-007889,VEND-0066,300,2026-05-21,2026-06-21,EMP-0589,Open,USD,10,PC-0005,146.8096,0.0,57.28
9198,PO-009198,VEND-0180,300,2026-06-01,2026-06-21,EMP-0578,Open,USD,10,PC-0083,197.4841,0.0,106.45
9236,PO-009236,VEND-0028,100,2026-04-24,2026-06-21,EMP-0616,Open,USD,10,RM-0099,426.5039,0.0,15.67
10507,PO-010507,VEND-0085,100,2026-06-12,2026-06-21,EMP-0567,Open,USD,10,RM-0048,370.5698,0.0,23.54
10545,PO-010545,VEND-0106,100,2026-05-05,2026-06-21,EMP-0605,Open,USD,10,PC-0027,498.9002,0.0,129.68
11854,PO-011854,VEND-0014,100,2026-05-16,2026-06-21,EMP-0594,Open,USD,10,RM-0001,185.5389,0.0,11.68
13163,PO-013163,VEND-0113,300,2026-05-27,2026-06-21,EMP-0583,Open,USD,10,RM-0064,438.5344,0.0,12.48
14472,PO-014472,VEND-0149,100,2026-06-07,2026-06-21,EMP-0572,Open,USD,10,RM-0136,402.0942,0.0,20.46
14510,PO-014510,VEND-0171,200,2026-04-30,2026-06-21,EMP-0610,Open,USD,10,RM-0018,485.7123,0.0,26.17
910,PO-000910,VEND-0131,200,2026-05-16,2026-06-22,EMP-0570,Open,USD,10,RM-0147,145.1399,0.0,30.31
2219,PO-002219,VEND-0089,200,2026-05-27,2026-06-22,EMP-0619,Open,USD,10,PC-0076,199.3999,0.0,91.46
3528,PO-003528,VEND-0174,300,2026-06-07,2026-06-22,EMP-0608,Open,USD,10,RM-0041,301.1988,0.0,19.55
3566,PO-003566,VEND-0042,200,2026-04-30,2026-06-22,EMP-0586,Open,USD,10,PC-0017,277.3005,0.0,104.99
4875,PO-004875,VEND-0016,100,2026-05-11,2026-06-22,EMP-0575,Open,USD,10,PC-0094,98.8219,0.0,50.16
6184,PO-006184,VEND-0035,100,2026-05-22,2026-06-22,EMP-0564,Open,USD,10,RM-0058,532.8909,0.0,34.81
7493,PO-007493,VEND-0032,200,2026-06-02,2026-06-22,EMP-0613,Open,USD,10,RM-0127,262.5178,0.0,14.25
7531,PO-007531,VEND-0144,100,2026-04-25,2026-06-22,EMP-0591,Open,USD,10,RM-0011,429.8981,0.0,18.75
8802,PO-008802,VEND-0022,100,2026-06-13,2026-06-22,EMP-0602,Open,USD,10,PC-0057,196.2393,0.0,135.83
8840,PO-008840,VEND-0081,100,2026-05-06,2026-06-22,EMP-0580,Open,USD,10,RM-0074,644.8966,0.0,19.51
10149,PO-010149,VEND-0112,300,2026-05-17,2026-06-22,EMP-0569,Open,USD,10,RM-0147,466.3011,0.0,27.88
11458,PO-011458,VEND-0089,300,2026-05-28,2026-06-22,EMP-0618,Open,USD,10,PC-0076,448.9405,0.0,84.13
12767,PO-012767,VEND-0007,100,2026-06-08,2026-06-22,EMP-0607,Open,USD,10,RM-0042,320.6988,0.0,18.75
12805,PO-012805,VEND-0146,200,2026-05-01,2026-06-22,EMP-0585,Open,USD,10,PC-0018,564.3004,0.0,100.03
14114,PO-014114,VEND-0143,300,2026-05-12,2026-06-22,EMP-0574,Open,USD,10,PC-0094,615.3777,0.0,46.28
514,PO-000514,VEND-0121,100,2026-05-28,2026-06-23,EMP-0594,Open,USD,10,RM-0120,25.1177,0.0,32.12
1823,PO-001823,VEND-0098,100,2026-06-08,2026-06-23,EMP-0583,Open,USD,10,PC-0049,332.3815,0.0,100.03
1861,PO-001861,VEND-0152,200,2026-05-01,2026-06-23,EMP-0561,Open,USD,10,RM-0067,522.3713,0.0,15.28
3170,PO-003170,VEND-0171,300,2026-05-12,2026-06-23,EMP-0610,Open,USD,10,RM-0139,58.3449,0.0,23.48
4479,PO-004479,VEND-0165,100,2026-05-23,2026-06-23,EMP-0599,Open,USD,10,PC-0068,514.7993,0.0,64.41
5788,PO-005788,VEND-0096,300,2026-06-03,2026-06-23,EMP-0588,Open,USD,10,RM-0035,429.1196,0.0,14.46
5826,PO-005826,VEND-0131,100,2026-04-26,2026-06-23,EMP-0566,Open,USD,10,PC-0010,225.1026,0.0,80.31
7097,PO-007097,VEND-0041,200,2026-06-14,2026-06-23,EMP-0577,Open,USD,10,RM-0100,95.2976,0.0,16.92
7135,PO-007135,VEND-0056,300,2026-05-07,2026-06-23,EMP-0615,Open,USD,10,PC-0086,669.2136,0.0,127.87
8444,PO-008444,VEND-0124,300,2026-05-18,2026-06-23,EMP-0604,Open,USD,10,RM-0051,246.6274,0.0,28.57
9753,PO-009753,VEND-0121,200,2026-05-29,2026-06-23,EMP-0593,Open,USD,10,RM-0120,423.96,0.0,34.51
11062,PO-011062,VEND-0098,200,2026-06-09,2026-06-23,EMP-0582,Open,USD,10,PC-0049,541.7876,0.0,107.48
11100,PO-011100,VEND-0121,300,2026-05-02,2026-06-23,EMP-0560,Open,USD,10,RM-0067,184.3143,0.0,16.38
12409,PO-012409,VEND-0021,100,2026-05-13,2026-06-23,EMP-0609,Open,USD,10,RM-0140,221.7525,0.0,26.04
13718,PO-013718,VEND-0165,200,2026-05-24,2026-06-23,EMP-0598,Open,USD,10,PC-0068,161.3313,0.0,69.04
118,PO-000118,VEND-0117,100,2026-06-09,2026-06-24,EMP-0618,Open,USD,10,RM-0092,196.0525,0.0,38.35
156,PO-000156,VEND-0128,200,2026-05-02,2026-06-24,EMP-0596,Open,USD,10,PC-0079,151.3294,0.0,95.97
1465,PO-001465,VEND-0146,300,2026-05-13,2026-06-24,EMP-0585,Open,USD,10,RM-0044,278.0138,0.0,20.86
2774,PO-002774,VEND-0004,300,2026-05-24,2026-06-24,EMP-0574,Open,USD,10,RM-0111,73.8494,0.0,24.78
4083,PO-004083,VEND-0161,200,2026-06-04,2026-06-24,EMP-0563,Open,USD,10,PC-0040,73.5426,0.0,70.9
4121,PO-004121,VEND-0074,200,2026-04-27,2026-06-24,EMP-0601,Open,USD,10,RM-0061,305.5312,0.0,35.46
5392,PO-005392,VEND-0157,300,2026-06-15,2026-06-24,EMP-0612,Open,USD,10,RM-0012,646.8771,0.0,20.08
5430,PO-005430,VEND-0031,100,2026-05-08,2026-06-24,EMP-0590,Open,USD,10,RM-0132,256.1861,0.0,17.59
6739,PO-006739,VEND-0074,200,2026-05-19,2026-06-24,EMP-0579,Open,USD,10,PC-0061,157.1638,0.0,141.82
8048,PO-008048,VEND-0018,100,2026-05-30,2026-06-24,EMP-0568,Open,USD,10,RM-0029,466.9056,0.0,34.65
9357,PO-009357,VEND-0117,200,2026-06-10,2026-06-24,EMP-0617,Open,USD,10,RM-0092,656.435,0.0,35.46
9395,PO-009395,VEND-0096,100,2026-05-03,2026-06-24,EMP-0595,Open,USD,10,PC-0080,296.5087,0.0,106.55
10704,PO-010704,VEND-0046,100,2026-05-14,2026-06-24,EMP-0584,Open,USD,10,RM-0045,287.9167,0.0,23.27
12013,PO-012013,VEND-0017,100,2026-05-25,2026-06-24,EMP-0573,Open,USD,10,RM-0112,347.3408,0.0,27.48
13322,PO-013322,VEND-0161,300,2026-06-05,2026-06-24,EMP-0562,Open,USD,10,PC-0040,145.2442,0.0,76.24
13360,PO-013360,VEND-0161,300,2026-04-28,2026-06-24,EMP-0600,Open,USD,10,RM-0061,282.8889,0.0,38.03
14631,PO-014631,VEND-0170,200,2026-06-16,2026-06-24,EMP-0611,Open,USD,10,RM-0013,442.8832,0.0,22.43
14669,PO-014669,VEND-0097,300,2026-05-09,2026-06-24,EMP-0589,Open,USD,10,RM-0132,378.6079,0.0,18.86
1069,PO-001069,VEND-0107,100,2026-05-25,2026-06-25,EMP-0609,Open,USD,10,RM-0022,169.3226,0.0,31.06
2378,PO-002378,VEND-0026,100,2026-06-05,2026-06-25,EMP-0598,Open,USD,10,RM-0085,614.0236,0.0,31.93
2416,PO-002416,VEND-0037,200,2026-04-28,2026-06-25,EMP-0576,Open,USD,10,PC-0072,207.5174,0.0,73.35
3687,PO-003687,VEND-0144,200,2026-06-16,2026-06-25,EMP-0587,Open,USD,10,PC-0011,52.7821,0.0,85.88
3725,PO-003725,VEND-0006,300,2026-05-09,2026-06-25,EMP-0565,Open,USD,10,RM-0038,330.4573,0.0,16.01
5034,PO-005034,VEND-0093,100,2026-05-20,2026-06-25,EMP-0614,Open,USD,10,RM-0104,217.6136,0.0,19.11
6343,PO-006343,VEND-0070,200,2026-05-31,2026-06-25,EMP-0603,Open,USD,10,PC-0033,268.3707,0.0,48.53
7652,PO-007652,VEND-0066,300,2026-06-11,2026-06-25,EMP-0592,Open,USD,10,RM-0005,174.2446,0.0,14.46
7690,PO-007690,VEND-0071,100,2026-05-04,2026-06-25,EMP-0570,Open,USD,10,RM-0124,260.3893,0.0,10.98
8999,PO-008999,VEND-0150,200,2026-05-15,2026-06-25,EMP-0619,Open,USD,10,PC-0053,136.8505,0.0,114.77
10308,PO-010308,VEND-0107,200,2026-05-26,2026-06-25,EMP-0608,Open,USD,10,RM-0022,438.3227,0.0,28.69
11617,PO-011617,VEND-0026,200,2026-06-06,2026-06-25,EMP-0597,Open,USD,10,RM-0085,275.1974,0.0,29.5
11655,PO-011655,VEND-0136,100,2026-04-29,2026-06-25,EMP-0575,Open,USD,10,PC-0073,588.7639,0.0,82.25
12926,PO-012926,VEND-0157,100,2026-06-17,2026-06-25,EMP-0586,Open,USD,10,PC-0012,56.8215,0.0,82.57
12964,PO-012964,VEND-0148,100,2026-05-10,2026-06-25,EMP-0564,Open,USD,10,RM-0039,792.2917,0.0,18.06
14273,PO-014273,VEND-0093,200,2026-05-21,2026-06-25,EMP-0613,Open,USD,10,RM-0104,214.4259,0.0,20.56
673,PO-000673,VEND-0015,200,2026-06-06,2026-06-26,EMP-0573,Open,USD,10,PC-0098,346.135,0.0,62.22
711,PO-000711,VEND-0056,200,2026-04-29,2026-06-26,EMP-0611,Open,USD,10,RM-0115,827.2848,0.0,30.79
1982,PO-001982,VEND-0087,200,2026-06-17,2026-06-26,EMP-0562,Open,USD,10,RM-0062,205.4528,0.0,11.38
2020,PO-002020,VEND-0161,100,2026-05-10,2026-06-26,EMP-0600,Open,USD,10,PC-0044,228.3211,0.0,92.07
3329,PO-003329,VEND-0029,100,2026-05-21,2026-06-26,EMP-0589,Open,USD,10,RM-0016,740.7855,0.0,25.61
4638,PO-004638,VEND-0115,300,2026-06-01,2026-06-26,EMP-0578,Open,USD,10,RM-0078,1002.5881,0.0,25.61
5947,PO-005947,VEND-0040,100,2026-06-12,2026-06-26,EMP-0567,Open,USD,10,PC-0003,147.1507,0.0,57.51
5985,PO-005985,VEND-0046,200,2026-05-05,2026-06-26,EMP-0605,Open,USD,10,RM-0032,508.733,0.0,11.25
7294,PO-007294,VEND-0169,100,2026-05-16,2026-06-26,EMP-0594,Open,USD,10,RM-0096,102.3697,0.0,12.78
8603,PO-008603,VEND-0133,100,2026-05-27,2026-06-26,EMP-0583,Open,USD,10,PC-0024,474.1117,0.0,115.68
9912,PO-009912,VEND-0015,300,2026-06-07,2026-06-26,EMP-0572,Open,USD,10,PC-0098,98.6868,0.0,57.28
9950,PO-009950,VEND-0111,100,2026-04-30,2026-06-26,EMP-0610,Open,USD,10,RM-0116,167.3566,0.0,29.23
11221,PO-011221,VEND-0087,300,2026-06-18,2026-06-26,EMP-0561,Open,USD,10,RM-0062,50.1245,0.0,10.48
11259,PO-011259,VEND-0033,200,2026-05-11,2026-06-26,EMP-0599,Open,USD,10,PC-0044,278.5976,0.0,85.01
12568,PO-012568,VEND-0029,200,2026-05-22,2026-06-26,EMP-0588,Open,USD,10,RM-0016,245.6723,0.0,23.64
13877,PO-013877,VEND-0128,100,2026-06-02,2026-06-26,EMP-0577,Open,USD,10,RM-0079,349.7617,0.0,24.44
277,PO-000277,VEND-0063,100,2026-06-18,2026-06-27,EMP-0597,Open,USD,10,PC-0074,137.0968,0.0,81.81
315,PO-000315,VEND-0136,300,2026-05-11,2026-06-27,EMP-0575,Open,USD,10,RM-0088,414.9308,0.0,32.79
1624,PO-001624,VEND-0016,100,2026-05-22,2026-06-27,EMP-0564,Open,USD,10,PC-0015,99.9227,0.0,94.76
2933,PO-002933,VEND-0104,200,2026-06-02,2026-06-27,EMP-0613,Open,USD,10,PC-0091,227.9717,0.0,141.09
4242,PO-004242,VEND-0009,100,2026-06-13,2026-06-27,EMP-0602,Open,USD,10,RM-0056,380.508,0.0,31.96
4280,PO-004280,VEND-0021,200,2026-05-06,2026-06-27,EMP-0580,Open,USD,10,PC-0037,144.9076,0.0,67.3
5589,PO-005589,VEND-0118,100,2026-05-17,2026-06-27,EMP-0569,Open,USD,10,RM-0009,185.0056,0.0,19.39
6898,PO-006898,VEND-0024,300,2026-05-28,2026-06-27,EMP-0618,Open,USD,10,RM-0071,181.4363,0.0,19.39
8207,PO-008207,VEND-0086,200,2026-06-08,2026-06-27,EMP-0607,Open,USD,10,RM-0145,172.196,0.0,29.67
8245,PO-008245,VEND-0086,300,2026-05-01,2026-06-27,EMP-0585,Open,USD,10,RM-0025,98.3603,0.0,29.4
9516,PO-009516,VEND-0063,200,2026-06-19,2026-06-27,EMP-0596,Open,USD,10,PC-0074,183.1524,0.0,87.85
9554,PO-009554,VEND-0078,100,2026-05-12,2026-06-27,EMP-0574,Open,USD,10,RM-0089,219.0248,0.0,30.92
10863,PO-010863,VEND-0016,300,2026-05-23,2026-06-27,EMP-0563,Open,USD,10,PC-0015,292.8547,0.0,87.17
12172,PO-012172,VEND-0104,300,2026-06-03,2026-06-27,EMP-0612,Open,USD,10,PC-0091,193.7829,0.0,129.78
13481,PO-013481,VEND-0009,200,2026-06-14,2026-06-27,EMP-0601,Open,USD,10,RM-0056,761.2805,0.0,29.4
13519,PO-013519,VEND-0122,300,2026-05-07,2026-06-27,EMP-0579,Open,USD,10,PC-0037,172.9918,0.0,62.09
14828,PO-014828,VEND-0118,200,2026-05-18,2026-06-27,EMP-0568,Open,USD,10,RM-0009,158.3371,0.0,17.89
1228,PO-001228,VEND-0149,300,2026-06-03,2026-06-28,EMP-0588,Open,USD,10,RM-0136,193.9872,0.0,20.27
2537,PO-002537,VEND-0126,300,2026-06-14,2026-06-28,EMP-0577,Open,USD,10,PC-0065,174.2603,0.0,52.61
2575,PO-002575,VEND-0176,300,2026-05-07,2026-06-28,EMP-0615,Open,USD,10,RM-0081,300.8737,0.0,26.76
3884,PO-003884,VEND-0092,300,2026-05-18,2026-06-28,EMP-0604,Open,USD,10,PC-0007,74.3448,0.0,67.69
5193,PO-005193,VEND-0013,300,2026-05-29,2026-06-28,EMP-0593,Open,USD,10,PC-0084,585.1024,0.0,116.87
6502,PO-006502,VEND-0098,300,2026-06-09,2026-06-28,EMP-0582,Open,USD,10,RM-0049,133.2569,0.0,25.94
6540,PO-006540,VEND-0061,200,2026-05-02,2026-06-28,EMP-0560,Open,USD,10,PC-0028,265.7926,0.0,141.46
7811,PO-007811,VEND-0095,100,2026-06-20,2026-06-28,EMP-0571,Open,USD,10,RM-0118,463.1864,0.0,31.67
7849,PO-007849,VEND-0027,200,2026-05-13,2026-06-28,EMP-0609,Open,USD,10,RM-0002,54.033,0.0,13.29
9158,PO-009158,VEND-0126,300,2026-05-24,2026-06-28,EMP-0598,Open,USD,10,RM-0065,75.1748,0.0,14.13
10467,PO-010467,VEND-0162,100,2026-06-04,2026-06-28,EMP-0587,Open,USD,10,RM-0137,81.3583,0.0,22.63
11776,PO-011776,VEND-0139,100,2026-06-15,2026-06-28,EMP-0576,Open,USD,10,PC-0066,176.5834,0.0,59.92
11814,PO-011814,VEND-0167,100,2026-05-08,2026-06-28,EMP-0614,Open,USD,10,RM-0082,216.2979,0.0,29.56
13123,PO-013123,VEND-0105,200,2026-05-19,2026-06-28,EMP-0603,Open,USD,10,PC-0008,344.7169,0.0,76.06
14432,PO-014432,VEND-0026,100,2026-05-30,2026-06-28,EMP-0592,Open,USD,10,PC-0085,211.6161,0.0,128.78
832,PO-000832,VEND-0158,100,2026-06-15,2026-06-29,EMP-0612,Open,USD,10,RM-0109,41.7238,0.0,26.04
870,PO-000870,VEND-0151,200,2026-05-08,2026-06-29,EMP-0590,Open,USD,10,PC-0095,306.8127,0.0,48.99
2179,PO-002179,VEND-0048,200,2026-05-19,2026-06-29,EMP-0579,Open,USD,10,RM-0059,77.6424,0.0,32.6
3488,PO-003488,VEND-0058,100,2026-05-30,2026-06-29,EMP-0568,Open,USD,10,RM-0129,143.2003,0.0,14.59
4797,PO-004797,VEND-0035,300,2026-06-10,2026-06-29,EMP-0617,Open,USD,10,PC-0058,326.2061,0.0,127.28
4835,PO-004835,VEND-0036,100,2026-05-03,2026-06-29,EMP-0595,Open,USD,10,RM-0075,481.6373,0.0,21.65
6106,PO-006106,VEND-0172,100,2026-06-21,2026-06-29,EMP-0606,Open,USD,10,RM-0027,219.4294,0.0,31.82
6144,PO-006144,VEND-0138,100,2026-05-14,2026-06-29,EMP-0584,Open,USD,10,RM-0149,232.9982,0.0,31.39
7453,PO-007453,VEND-0102,300,2026-05-25,2026-06-29,EMP-0573,Open,USD,10,PC-0077,112.1604,0.0,93.07
8762,PO-008762,VEND-0020,100,2026-06-05,2026-06-29,EMP-0562,Open,USD,10,RM-0043,24.0045,0.0,20.83
10071,PO-010071,VEND-0158,300,2026-06-16,2026-06-29,EMP-0611,Open,USD,10,RM-0109,451.0975,0.0,24.08
10109,PO-010109,VEND-0156,300,2026-05-09,2026-06-29,EMP-0589,Open,USD,10,PC-0095,246.2421,0.0,52.67
11418,PO-011418,VEND-0048,300,2026-05-20,2026-06-29,EMP-0578,Open,USD,10,RM-0059,530.2347,0.0,35.06
12727,PO-012727,VEND-0058,300,2026-05-31,2026-06-29,EMP-0567,Open,USD,10,RM-0129,323.9697,0.0,15.69
14036,PO-014036,VEND-0048,100,2026-06-11,2026-06-29,EMP-0616,Open,USD,10,PC-0059,365.7421,0.0,140.23
14074,PO-014074,VEND-0076,300,2026-05-04,2026-06-29,EMP-0594,Open,USD,10,RM-0075,185.0818,0.0,23.22
474,PO-000474,VEND-0178,200,2026-05-20,2026-06-30,EMP-0614,Open,USD,10,PC-0069,306.7698,0.0,71.94
1783,PO-001783,VEND-0109,300,2026-05-31,2026-06-30,EMP-0603,Open,USD,10,RM-0036,536.1225,0.0,16.24
3092,PO-003092,VEND-0054,300,2026-06-11,2026-06-30,EMP-0592,Open,USD,10,RM-0101,355.8511,0.0,18.86
3130,PO-003130,VEND-0011,300,2026-05-04,2026-06-30,EMP-0570,Open,USD,10,PC-0087,258.0633,0.0,119.88
4401,PO-004401,VEND-0031,100,2026-06-22,2026-06-30,EMP-0581,Open,USD,10,PC-0030,365.7906,0.0,152.1
4439,PO-004439,VEND-0150,100,2026-05-15,2026-06-30,EMP-0619,Open,USD,10,RM-0053,189.6178,0.0,27.64
5748,PO-005748,VEND-0134,300,2026-05-26,2026-06-30,EMP-0608,Open,USD,10,RM-0121,51.384,0.0,32.3
7057,PO-007057,VEND-0124,100,2026-06-06,2026-06-30,EMP-0597,Open,USD,10,PC-0051,151.8314,0.0,104.37
8366,PO-008366,VEND-0081,200,2026-06-17,2026-06-30,EMP-0586,Open,USD,10,RM-0020,469.8342,0.0,26.09
8404,PO-008404,VEND-0034,200,2026-05-10,2026-06-30,EMP-0564,Open,USD,10,RM-0141,263.8155,0.0,24.67
9713,PO-009713,VEND-0011,100,2026-05-21,2026-06-30,EMP-0613,Open,USD,10,PC-0070,552.9897,0.0,69.69
11022,PO-011022,VEND-0122,100,2026-06-01,2026-06-30,EMP-0602,Open,USD,10,RM-0037,249.4765,0.0,15.81
12331,PO-012331,VEND-0067,100,2026-06-12,2026-06-30,EMP-0591,Open,USD,10,RM-0102,260.8673,0.0,18.22
12369,PO-012369,VEND-0065,100,2026-05-05,2026-06-30,EMP-0569,Open,USD,10,PC-0088,598.3132,0.0,132.32
13640,PO-013640,VEND-0021,300,2026-06-23,2026-06-30,EMP-0580,Open,USD,10,PC-0030,547.2015,0.0,140.53
13678,PO-013678,VEND-0150,200,2026-05-16,2026-06-30,EMP-0618,Open,USD,10,RM-0053,52.3336,0.0,29.74
14987,PO-014987,VEND-0147,100,2026-05-27,2026-06-30,EMP-0607,Open,USD,10,RM-0122,98.336,0.0,35.59
78,PO-000078,VEND-0174,200,2026-06-01,2026-07-01,EMP-0578,Open,USD,10,PC-0041,509.6889,0.0,78.92
1387,PO-001387,VEND-0003,100,2026-06-12,2026-07-01,EMP-0567,Open,USD,10,RM-0014,134.3876,0.0,23.06
1425,PO-001425,VEND-0166,200,2026-05-05,2026-07-01,EMP-0605,Open,USD,10,RM-0133,255.3326,0.0,19.56
2696,PO-002696,VEND-0089,200,2026-06-23,2026-07-01,EMP-0616,Open,USD,10,RM-0076,122.5279,0.0,23.06
2734,PO-002734,VEND-0087,200,2026-05-16,2026-07-01,EMP-0594,Open,USD,10,PC-0062,229.1128,0.0,47.14
4043,PO-004043,VEND-0031,200,2026-05-27,2026-07-01,EMP-0583,Open,USD,10,RM-0030,284.3134,0.0,37.71
5352,PO-005352,VEND-0130,200,2026-06-07,2026-07-01,EMP-0572,Open,USD,10,RM-0093,227.7209,0.0,11.78
6661,PO-006661,VEND-0094,100,2026-06-18,2026-07-01,EMP-0561,Open,USD,10,PC-0021,282.386,0.0,119.72
6699,PO-006699,VEND-0059,100,2026-05-11,2026-07-01,EMP-0599,Open,USD,10,RM-0046,357.7648,0.0,22.0
8008,PO-008008,VEND-0030,100,2026-05-22,2026-07-01,EMP-0588,Open,USD,10,RM-0113,379.4556,0.0,25.84
9317,PO-009317,VEND-0007,100,2026-06-02,2026-07-01,EMP-0577,Open,USD,10,PC-0042,549.2345,0.0,75.72
10626,PO-010626,VEND-0003,200,2026-06-13,2026-07-01,EMP-0566,Open,USD,10,RM-0014,49.7321,0.0,21.23
10664,PO-010664,VEND-0110,300,2026-05-06,2026-07-01,EMP-0604,Open,USD,10,RM-0133,156.1591,0.0,18.06
11935,PO-011935,VEND-0176,300,2026-06-24,2026-07-01,EMP-0615,Open,USD,10,RM-0076,108.8811,0.0,21.23
11973,PO-011973,VEND-0100,100,2026-05-17,2026-07-01,EMP-0593,Open,USD,10,PC-0063,247.586,0.0,46.71
13282,PO-013282,VEND-0031,300,2026-05-28,2026-07-01,EMP-0582,Open,USD,10,RM-0030,702.1914,0.0,34.82
14591,PO-014591,VEND-0143,100,2026-06-08,2026-07-01,EMP-0571,Open,USD,10,RM-0094,592.765,0.0,11.68
14629,PO-014629,VEND-0154,300,2026-05-01,2026-07-01,EMP-0609,Open,USD,10,PC-0081,499.5304,0.0,108.0
991,PO-000991,VEND-0078,200,2026-06-24,2026-07-02,EMP-0591,Open,USD,10,PC-0089,255.5024,0.0,129.68
1029,PO-001029,VEND-0106,100,2026-05-17,2026-07-02,EMP-0569,Open,USD,10,RM-0105,350.1442,0.0,21.21
2338,PO-002338,VEND-0096,100,2026-05-28,2026-07-02,EMP-0618,Open,USD,10,PC-0035,297.3253,0.0,58.37
3647,PO-003647,VEND-0092,100,2026-06-08,2026-07-02,EMP-0607,Open,USD,10,RM-0007,446.3601,0.0,17.08
4956,PO-004956,VEND-0178,300,2026-06-19,2026-07-02,EMP-0596,Open,USD,10,RM-0069,59.7553,0.0,17.08
4994,PO-004994,VEND-0163,300,2026-05-12,2026-07-02,EMP-0574,Open,USD,10,PC-0054,56.5143,0.0,125.55
6303,PO-006303,VEND-0120,200,2026-05-23,2026-07-02,EMP-0563,Open,USD,10,RM-0023,240.2729,0.0,31.39
7612,PO-007612,VEND-0039,300,2026-06-03,2026-07-02,EMP-0612,Open,USD,10,RM-0086,666.0621,0.0,32.25
8921,PO-008921,VEND-0170,200,2026-06-14,2026-07-02,EMP-0601,Open,USD,10,PC-0013,478.373,0.0,91.29
8959,PO-008959,VEND-0161,100,2026-05-07,2026-07-02,EMP-0579,Open,USD,10,RM-0040,367.2486,0.0,17.22
10230,PO-010230,VEND-0151,300,2026-06-25,2026-07-02,EMP-0590,Open,USD,10,PC-0089,323.9556,0.0,139.25
10268,PO-010268,VEND-0119,100,2026-05-18,2026-07-02,EMP-0568,Open,USD,10,RM-0106,99.4164,0.0,20.27
11577,PO-011577,VEND-0096,300,2026-05-29,2026-07-02,EMP-0617,Open,USD,10,PC-0035,228.6254,0.0,53.69
12886,PO-012886,VEND-0092,200,2026-06-09,2026-07-02,EMP-0606,Open,USD,10,RM-0007,157.5636,0.0,15.71
12924,PO-012924,VEND-0006,200,2026-05-02,2026-07-02,EMP-0584,Open,USD,10,RM-0125,374.1331,0.0,11.57
14195,PO-014195,VEND-0036,100,2026-06-20,2026-07-02,EMP-0595,Open,USD,10,RM-0070,438.7767,0.0,16.47
14233,PO-014233,VEND-0176,100,2026-05-13,2026-07-02,EMP-0573,Open,USD,10,PC-0055,169.1643,0.0,119.0
633,PO-000633,VEND-0128,300,2026-05-29,2026-07-03,EMP-0593,Open,USD,10,RM-0079,102.8785,0.0,24.22
1942,PO-001942,VEND-0053,300,2026-06-09,2026-07-03,EMP-0582,Open,USD,10,PC-0004,57.6866,0.0,55.77
3251,PO-003251,VEND-0167,200,2026-06-20,2026-07-03,EMP-0571,Open,USD,10,PC-0082,231.7966,0.0,106.35
3289,PO-003289,VEND-0002,200,2026-05-13,2026-07-03,EMP-0609,Open,USD,10,RM-0097,566.008,0.0,14.46
4598,PO-004598,VEND-0146,300,2026-05-24,2026-07-03,EMP-0598,Open,USD,10,PC-0025,448.6888,0.0,126.71
5907,PO-005907,VEND-0028,300,2026-06-04,2026-07-03,EMP-0587,Open,USD,10,PC-0099,279.4329,0.0,64.41
7216,PO-007216,VEND-0100,300,2026-06-15,2026-07-03,EMP-0576,Open,USD,10,RM-0063,437.2219,0.0,12.0
7254,PO-007254,VEND-0059,200,2026-05-08,2026-07-03,EMP-0614,Open,USD,10,PC-0046,145.849,0.0,97.29
8525,PO-008525,VEND-0126,100,2026-06-26,2026-07-03,EMP-0565,Open,USD,10,RM-0135,220.2519,0.0,20.2
8563,PO-008563,VEND-0042,200,2026-05-19,2026-07-03,EMP-0603,Open,USD,10,RM-0017,205.5824,0.0,26.02
9872,PO-009872,VEND-0141,100,2026-05-30,2026-07-03,EMP-0592,Open,USD,10,RM-0080,600.2317,0.0,26.87
11181,PO-011181,VEND-0066,100,2026-06-10,2026-07-03,EMP-0581,Open,USD,10,PC-0005,374.7698,0.0,63.32
11219,PO-011219,VEND-0070,300,2026-05-03,2026-07-03,EMP-0619,Open,USD,10,RM-0033,225.0211,0.0,13.75
12490,PO-012490,VEND-0011,300,2026-06-21,2026-07-03,EMP-0570,Open,USD,10,PC-0082,230.2061,0.0,114.27
12528,PO-012528,VEND-0015,100,2026-05-14,2026-07-03,EMP-0608,Open,USD,10,RM-0098,849.6308,0.0,16.38
13837,PO-013837,VEND-0159,100,2026-05-25,2026-07-03,EMP-0597,Open,USD,10,PC-0026,199.4299,0.0,139.33
237,PO-000237,VEND-0022,100,2026-06-10,2026-07-04,EMP-0617,Open,USD,10,RM-0057,406.2007,0.0,34.83
1546,PO-001546,VEND-0019,200,2026-06-21,2026-07-04,EMP-0606,Open,USD,10,RM-0126,137.1021,0.0,13.75
1584,PO-001584,VEND-0131,100,2026-05-14,2026-07-04,EMP-0584,Open,USD,10,RM-0010,722.3533,0.0,18.51
2893,PO-002893,VEND-0050,100,2026-05-25,2026-07-04,EMP-0573,Open,USD,10,RM-0073,415.5437,0.0,19.29
4202,PO-004202,VEND-0099,300,2026-06-05,2026-07-04,EMP-0562,Open,USD,10,RM-0146,297.7041,0.0,27.91
5511,PO-005511,VEND-0076,300,2026-06-16,2026-07-04,EMP-0611,Open,USD,10,PC-0075,264.6118,0.0,83.44
5549,PO-005549,VEND-0091,200,2026-05-09,2026-07-04,EMP-0589,Open,USD,10,RM-0090,83.6838,0.0,33.83
6820,PO-006820,VEND-0101,100,2026-06-27,2026-07-04,EMP-0600,Open,USD,10,RM-0041,222.1223,0.0,18.51
6858,PO-006858,VEND-0029,300,2026-05-20,2026-07-04,EMP-0578,Open,USD,10,PC-0016,71.0984,0.0,96.32
8167,PO-008167,VEND-0130,100,2026-05-31,2026-07-04,EMP-0567,Open,USD,10,PC-0093,172.4629,0.0,44.33
9476,PO-009476,VEND-0022,200,2026-06-11,2026-07-04,EMP-0616,Open,USD,10,RM-0057,186.8055,0.0,32.2
9514,PO-009514,VEND-0135,300,2026-05-04,2026-07-04,EMP-0594,Open,USD,10,PC-0038,484.2462,0.0,69.51
10785,PO-010785,VEND-0166,300,2026-06-22,2026-07-04,EMP-0605,Open,USD,10,RM-0126,320.3276,0.0,12.71
10823,PO-010823,VEND-0131,200,2026-05-15,2026-07-04,EMP-0583,Open,USD,10,RM-0010,355.3822,0.0,19.9
12132,PO-012132,VEND-0050,200,2026-05-26,2026-07-04,EMP-0572,Open,USD,10,RM-0073,188.9435,0.0,20.74
13441,PO-013441,VEND-0112,100,2026-06-06,2026-07-04,EMP-0561,Open,USD,10,RM-0147,53.8349,0.0,30.85
14750,PO-014750,VEND-0051,100,2026-06-17,2026-07-04,EMP-0610,Open,USD,10,PC-0076,215.1244,0.0,93.08
14788,PO-014788,VEND-0091,300,2026-05-10,2026-07-04,EMP-0588,Open,USD,10,RM-0090,283.6439,0.0,36.28
1188,PO-001188,VEND-0026,300,2026-05-26,2026-07-05,EMP-0608,Open,USD,10,PC-0085,261.9311,0.0,127.7
2497,PO-002497,VEND-0111,300,2026-06-06,2026-07-05,EMP-0597,Open,USD,10,RM-0050,578.3134,0.0,28.45
3806,PO-003806,VEND-0108,200,2026-06-17,2026-07-05,EMP-0586,Open,USD,10,RM-0119,53.0873,0.0,34.54
3844,PO-003844,VEND-0040,300,2026-05-10,2026-07-05,EMP-0564,Open,USD,10,RM-0003,521.8889,0.0,12.9
5115,PO-005115,VEND-0076,100,2026-06-28,2026-07-05,EMP-0575,Open,USD,10,PC-0048,300.8991,0.0,106.8
5153,PO-005153,VEND-0139,300,2026-05-21,2026-07-05,EMP-0613,Open,USD,10,RM-0066,190.7082,0.0,13.68
6462,PO-006462,VEND-0175,200,2026-06-01,2026-07-05,EMP-0602,Open,USD,10,RM-0138,480.2937,0.0,21.43
7771,PO-007771,VEND-0152,100,2026-06-12,2026-07-05,EMP-0591,Open,USD,10,PC-0067,499.9286,0.0,57.83
7809,PO-007809,VEND-0180,200,2026-05-05,2026-07-05,EMP-0569,Open,USD,10,RM-0083,453.5331,0.0,27.89
9080,PO-009080,VEND-0141,300,2026-06-23,2026-07-05,EMP-0580,Open,USD,10,RM-0034,631.5138,0.0,12.9
9118,PO-009118,VEND-0118,200,2026-05-16,2026-07-05,EMP-0618,Open,USD,10,PC-0009,227.0195,0.0,72.9
10427,PO-010427,VEND-0039,100,2026-05-27,2026-07-05,EMP-0607,Open,USD,10,PC-0086,118.8444,0.0,121.22
11736,PO-011736,VEND-0124,100,2026-06-07,2026-07-05,EMP-0596,Open,USD,10,RM-0051,647.7133,0.0,27.08
13045,PO-013045,VEND-0026,300,2026-06-18,2026-07-05,EMP-0585,Open,USD,10,RM-0119,512.1971,0.0,31.91
13083,PO-013083,VEND-0053,100,2026-05-11,2026-07-05,EMP-0563,Open,USD,10,RM-0004,294.4915,0.0,14.72
14392,PO-014392,VEND-0152,100,2026-05-22,2026-07-05,EMP-0612,Open,USD,10,RM-0067,584.9434,0.0,15.56
792,PO-000792,VEND-0048,300,2026-06-07,2026-07-06,EMP-0572,Open,USD,10,PC-0059,265.3339,0.0,139.01
2101,PO-002101,VEND-0005,100,2026-06-18,2026-07-06,EMP-0561,Open,USD,10,RM-0028,751.3556,0.0,34.75
2139,PO-002139,VEND-0151,100,2026-05-11,2026-07-06,EMP-0599,Open,USD,10,RM-0150,325.9986,0.0,34.25
3410,PO-003410,VEND-0051,200,2026-06-29,2026-07-06,EMP-0610,Open,USD,10,RM-0091,144.9798,0.0,35.59
3448,PO-003448,VEND-0115,300,2026-05-22,2026-07-06,EMP-0588,Open,USD,10,PC-0078,208.8433,0.0,102.43
4757,PO-004757,VEND-0033,100,2026-06-02,2026-07-06,EMP-0577,Open,USD,10,RM-0044,801.1119,0.0,23.02
6066,PO-006066,VEND-0171,300,2026-06-13,2026-07-06,EMP-0566,Open,USD,10,RM-0110,185.1124,0.0,26.47
6104,PO-006104,VEND-0169,300,2026-05-06,2026-07-06,EMP-0604,Open,USD,10,PC-0096,336.6097,0.0,51.14
7375,PO-007375,VEND-0116,300,2026-06-24,2026-07-06,EMP-0615,Open,USD,10,PC-0039,136.412,0.0,74.79
7413,PO-007413,VEND-0061,300,2026-05-17,2026-07-06,EMP-0593,Open,USD,10,RM-0060,326.4921,0.0,32.76
8722,PO-008722,VEND-0084,100,2026-05-28,2026-07-06,EMP-0582,Open,USD,10,RM-0131,314.8822,0.0,15.86
10031,PO-010031,VEND-0061,100,2026-06-08,2026-07-06,EMP-0571,Open,USD,10,PC-0060,642.9783,0.0,131.04
11340,PO-011340,VEND-0001,200,2026-06-19,2026-07-06,EMP-0560,Open,USD,10,RM-0028,484.1053,0.0,31.99
11378,PO-011378,VEND-0151,200,2026-05-12,2026-07-06,EMP-0598,Open,USD,10,RM-0150,75.8671,0.0,31.62
12687,PO-012687,VEND-0128,100,2026-05-23,2026-07-06,EMP-0587,Open,USD,10,PC-0079,242.0542,0.0,97.77
13996,PO-013996,VEND-0033,200,2026-06-03,2026-07-06,EMP-0576,Open,USD,10,RM-0044,242.4213,0.0,21.26
396,PO-000396,VEND-0044,300,2026-06-19,2026-07-07,EMP-0596,Open,USD,10,PC-0031,214.2234,0.0,43.52
434,PO-000434,VEND-0163,100,2026-05-12,2026-07-07,EMP-0574,Open,USD,10,RM-0054,872.4878,0.0,30.31
1705,PO-001705,VEND-0026,300,2026-06-30,2026-07-07,EMP-0585,Open,USD,10,RM-0004,894.6533,0.0,14.07
1743,PO-001743,VEND-0160,100,2026-05-23,2026-07-07,EMP-0563,Open,USD,10,RM-0123,463.2093,0.0,36.1
3052,PO-003052,VEND-0137,100,2026-06-03,2026-07-07,EMP-0612,Open,USD,10,PC-0052,468.8419,0.0,114.62
4361,PO-004361,VEND-0094,200,2026-06-14,2026-07-07,EMP-0601,Open,USD,10,RM-0021,236.8509,0.0,28.65
4399,PO-004399,VEND-0060,100,2026-05-07,2026-07-07,EMP-0579,Open,USD,10,RM-0143,79.331,0.0,27.97
5670,PO-005670,VEND-0091,200,2026-06-25,2026-07-07,EMP-0590,Open,USD,10,RM-0084,176.0249,0.0,29.48
5708,PO-005708,VEND-0024,300,2026-05-18,2026-07-07,EMP-0568,Open,USD,10,PC-0071,219.2335,0.0,77.57
7017,PO-007017,VEND-0135,100,2026-05-29,2026-07-07,EMP-0617,Open,USD,10,RM-0038,471.9768,0.0,17.68
8326,PO-008326,VEND-0080,200,2026-06-09,2026-07-07,EMP-0606,Open,USD,10,RM-0103,68.4981,0.0,20.25
9635,PO-009635,VEND-0156,100,2026-06-20,2026-07-07,EMP-0595,Open,USD,10,PC-0032,322.0296,0.0,50.16
9673,PO-009673,VEND-0163,200,2026-05-13,2026-07-07,EMP-0573,Open,USD,10,RM-0054,436.6254,0.0,27.88
10982,PO-010982,VEND-0160,200,2026-05-24,2026-07-07,EMP-0562,Open,USD,10,RM-0123,169.4731,0.0,33.21
12291,PO-012291,VEND-0137,200,2026-06-04,2026-07-07,EMP-0611,Open,USD,10,PC-0052,282.9327,0.0,105.43
13600,PO-013600,VEND-0041,300,2026-06-15,2026-07-07,EMP-0600,Open,USD,10,RM-0021,25.1177,0.0,26.36
13638,PO-013638,VEND-0060,200,2026-05-08,2026-07-07,EMP-0578,Open,USD,10,RM-0143,731.3373,0.0,25.8
14909,PO-014909,VEND-0013,300,2026-06-26,2026-07-07,EMP-0589,Open,USD,10,RM-0084,72.5592,0.0,27.12
14947,PO-014947,VEND-0037,100,2026-05-19,2026-07-07,EMP-0567,Open,USD,10,PC-0072,522.3952,0.0,74.74
38,PO-000038,VEND-0044,200,2026-05-24,2026-07-08,EMP-0598,Open,USD,10,RM-0031,334.511,0.0,10.78
1347,PO-001347,VEND-0143,300,2026-06-04,2026-07-08,EMP-0587,Open,USD,10,RM-0094,42.875,0.0,11.57
2656,PO-002656,VEND-0107,200,2026-06-15,2026-07-08,EMP-0576,Open,USD,10,PC-0022,31.5564,0.0,112.67
2694,PO-002694,VEND-0072,100,2026-05-08,2026-07-08,EMP-0614,Open,USD,10,RM-0047,305.0683,0.0,24.3
3965,PO-003965,VEND-0066,300,2026-06-26,2026-07-08,EMP-0565,Open,USD,10,PC-0097,145.1103,0.0,55.77
4003,PO-004003,VEND-0043,300,2026-05-19,2026-07-08,EMP-0603,Open,USD,10,RM-0114,571.9653,0.0,28.4
5312,PO-005312,VEND-0020,100,2026-05-30,2026-07-08,EMP-0592,Open,USD,10,PC-0043,42.0406,0.0,84.08
6621,PO-006621,VEND-0016,200,2026-06-10,2026-07-08,EMP-0581,Open,USD,10,RM-0015,368.2559,0.0,23.48
7930,PO-007930,VEND-0131,100,2026-06-21,2026-07-08,EMP-0570,Open,USD,10,RM-0078,116.804,0.0,24.3
7968,PO-007968,VEND-0113,100,2026-05-14,2026-07-08,EMP-0608,Open,USD,10,PC-0064,30.8541,0.0,53.14
9277,PO-009277,VEND-0044,300,2026-05-25,2026-07-08,EMP-0597,Open,USD,10,RM-0031,159.5642,0.0,11.58
10586,PO-010586,VEND-0156,100,2026-06-05,2026-07-08,EMP-0586,Open,USD,10,RM-0095,281.2527,0.0,13.29
11895,PO-011895,VEND-0016,100,2026-06-16,2026-07-08,EMP-0575,Open,USD,10,PC-0023,221.8927,0.0,124.47
11933,PO-011933,VEND-0072,200,2026-05-09,2026-07-08,EMP-0613,Open,USD,10,RM-0047,269.9306,0.0,26.04
13204,PO-013204,VEND-0015,100,2026-06-27,2026-07-08,EMP-0564,Open,USD,10,PC-0098,658.9347,0.0,63.32
13242,PO-013242,VEND-0056,100,2026-05-20,2026-07-08,EMP-0602,Open,USD,10,RM-0115,331.1719,0.0,31.32
14551,PO-014551,VEND-0020,300,2026-05-31,2026-07-08,EMP-0591,Open,USD,10,PC-0043,290.3023,0.0,90.12
951,PO-000951,VEND-0011,300,2026-06-16,2026-07-09,EMP-0611,Open,USD,10,RM-0070,245.0986,0.0,19.02
989,PO-000989,VEND-0009,100,2026-05-09,2026-07-09,EMP-0589,Open,USD,10,PC-0056,586.9088,0.0,121.02
2260,PO-002260,VEND-0041,100,2026-06-27,2026-07-09,EMP-0600,Open,USD,10,RM-0144,292.5042,0.0,29.56
2298,PO-002298,VEND-0133,200,2026-05-20,2026-07-09,EMP-0578,Open,USD,10,RM-0024,103.0032,0.0,29.48
3607,PO-003607,VEND-0052,300,2026-05-31,2026-07-09,EMP-0567,Open,USD,10,RM-0087,347.4182,0.0,30.25
4916,PO-004916,VEND-0003,200,2026-06-11,2026-07-09,EMP-0616,Open,USD,10,PC-0014,76.0803,0.0,86.57
6225,PO-006225,VEND-0106,300,2026-06-22,2026-07-09,EMP-0605,Open,USD,10,PC-0090,189.8063,0.0,130.42
6263,PO-006263,VEND-0132,100,2026-05-15,2026-07-09,EMP-0583,Open,USD,10,RM-0107,209.41,0.0,22.45
7572,PO-007572,VEND-0109,300,2026-05-26,2026-07-09,EMP-0572,Open,USD,10,PC-0036,198.0812,0.0,60.57
8881,PO-008881,VEND-0105,200,2026-06-06,2026-07-09,EMP-0561,Open,USD,10,RM-0008,249.2834,0.0,17.59
10190,PO-010190,VEND-0171,100,2026-06-17,2026-07-09,EMP-0610,Open,USD,10,RM-0071,555.8953,0.0,18.39
10228,PO-010228,VEND-0009,200,2026-05-10,2026-07-09,EMP-0588,Open,USD,10,PC-0056,78.9301,0.0,130.13
11499,PO-011499,VEND-0073,200,2026-06-28,2026-07-09,EMP-0599,Open,USD,10,RM-0144,202.5334,0.0,27.33
11537,PO-011537,VEND-0133,300,2026-05-21,2026-07-09,EMP-0577,Open,USD,10,RM-0024,102.0985,0.0,31.69
12846,PO-012846,VEND-0065,100,2026-06-01,2026-07-09,EMP-0566,Open,USD,10,RM-0088,78.4546,0.0,33.37
14155,PO-014155,VEND-0056,300,2026-06-12,2026-07-09,EMP-0615,Open,USD,10,PC-0014,435.8337,0.0,93.08
555,PO-000555,VEND-0016,100,2026-06-28,2026-07-10,EMP-0575,Open,USD,10,RM-0048,370.5698,0.0,25.8
593,PO-000593,VEND-0172,100,2026-05-21,2026-07-10,EMP-0613,Open,USD,10,PC-0027,498.9002,0.0,141.65
1902,PO-001902,VEND-0014,100,2026-06-01,2026-07-10,EMP-0602,Open,USD,10,RM-0001,185.5389,0.0,12.76
3211,PO-003211,VEND-0113,300,2026-06-12,2026-07-10,EMP-0591,Open,USD,10,RM-0064,438.5344,0.0,13.63
4520,PO-004520,VEND-0081,100,2026-06-23,2026-07-10,EMP-0580,Open,USD,10,RM-0136,402.0942,0.0,22.34
4558,PO-004558,VEND-0055,200,2026-05-16,2026-07-10,EMP-0618,Open,USD,10,RM-0018,485.7123,0.0,24.54
5867,PO-005867,VEND-0154,100,2026-05-27,2026-07-10,EMP-0607,Open,USD,10,RM-0081,238.2032,0.0,25.32
7176,PO-007176,VEND-0079,100,2026-06-07,2026-07-10,EMP-0596,Open,USD,10,PC-0006,93.5147,0.0,60.94
8485,PO-008485,VEND-0146,100,2026-06-18,2026-07-10,EMP-0585,Open,USD,10,PC-0084,400.4847,0.0,110.57
8523,PO-008523,VEND-0028,200,2026-05-11,2026-07-10,EMP-0563,Open,USD,10,RM-0099,192.6047,0.0,15.81
9794,PO-009794,VEND-0085,300,2026-06-29,2026-07-10,EMP-0574,Open,USD,10,RM-0048,141.8241,0.0,23.77
9832,PO-009832,VEND-0172,300,2026-05-22,2026-07-10,EMP-0612,Open,USD,10,PC-0027,161.5101,0.0,130.87
11141,PO-011141,VEND-0014,300,2026-06-02,2026-07-10,EMP-0601,Open,USD,10,RM-0001,32.3304,0.0,11.79
12450,PO-012450,VEND-0031,100,2026-06-13,2026-07-10,EMP-0590,Open,USD,10,RM-0065,207.2683,0.0,13.39
13759,PO-013759,VEND-0149,200,2026-06-24,2026-07-10,EMP-0579,Open,USD,10,RM-0136,162.2443,0.0,20.64
13797,PO-013797,VEND-0055,300,2026-05-17,2026-07-10,EMP-0617,Open,USD,10,RM-0018,467.6659,0.0,26.41
197,PO-000197,VEND-0112,300,2026-06-02,2026-07-11,EMP-0577,Open,USD,10,RM-0147,466.3011,0.0,30.58
1506,PO-001506,VEND-0089,300,2026-06-13,2026-07-11,EMP-0566,Open,USD,10,PC-0076,448.9405,0.0,92.27
2815,PO-002815,VEND-0056,100,2026-06-24,2026-07-11,EMP-0615,Open,USD,10,RM-0042,320.6988,0.0,20.56
2853,PO-002853,VEND-0055,200,2026-05-17,2026-07-11,EMP-0593,Open,USD,10,PC-0018,564.3004,0.0,109.35
4162,PO-004162,VEND-0143,300,2026-05-28,2026-07-11,EMP-0582,Open,USD,10,PC-0094,615.3777,0.0,50.59
5471,PO-005471,VEND-0035,300,2026-06-08,2026-07-11,EMP-0571,Open,USD,10,RM-0058,766.5025,0.0,35.11
6780,PO-006780,VEND-0121,300,2026-06-19,2026-07-11,EMP-0560,Open,USD,10,RM-0127,73.7841,0.0,14.37
6818,PO-006818,VEND-0144,300,2026-05-12,2026-07-11,EMP-0598,Open,USD,10,RM-0011,329.9743,0.0,18.93
8089,PO-008089,VEND-0035,100,2026-06-30,2026-07-11,EMP-0609,Open,USD,10,PC-0058,279.8701,0.0,140.45
8127,PO-008127,VEND-0063,200,2026-05-23,2026-07-11,EMP-0587,Open,USD,10,RM-0074,489.3968,0.0,19.7
9436,PO-009436,VEND-0125,100,2026-06-03,2026-07-11,EMP-0576,Open,USD,10,RM-0148,128.1218,0.0,28.92
10745,PO-010745,VEND-0006,100,2026-06-14,2026-07-11,EMP-0565,Open,USD,10,PC-0077,206.0063,0.0,88.01
12054,PO-012054,VEND-0007,200,2026-06-25,2026-07-11,EMP-0614,Open,USD,10,RM-0042,73.5286,0.0,18.93
12092,PO-012092,VEND-0068,100,2026-05-18,2026-07-11,EMP-0592,Open,USD,10,PC-0019,201.7675,0.0,104.15
13401,PO-013401,VEND-0156,100,2026-05-29,2026-07-11,EMP-0581,Open,USD,10,PC-0095,275.2117,0.0,49.91
14710,PO-014710,VEND-0071,100,2026-06-09,2026-07-11,EMP-0570,Open,USD,10,RM-0059,108.1762,0.0,33.22
1110,PO-001110,VEND-0031,200,2026-06-25,2026-07-12,EMP-0590,Open,USD,10,PC-0049,541.7876,0.0,100.96
1148,PO-001148,VEND-0152,300,2026-05-18,2026-07-12,EMP-0568,Open,USD,10,RM-0067,184.3143,0.0,15.42
2457,PO-002457,VEND-0021,100,2026-05-29,2026-07-12,EMP-0617,Open,USD,10,RM-0140,221.7525,0.0,24.52
3766,PO-003766,VEND-0165,200,2026-06-09,2026-07-12,EMP-0606,Open,USD,10,PC-0068,161.3313,0.0,64.99
5075,PO-005075,VEND-0096,100,2026-06-20,2026-07-12,EMP-0595,Open,USD,10,RM-0036,25.0824,0.0,15.42
5113,PO-005113,VEND-0131,300,2026-05-13,2026-07-12,EMP-0573,Open,USD,10,PC-0010,408.0588,0.0,81.01
6422,PO-006422,VEND-0052,100,2026-05-24,2026-07-12,EMP-0562,Open,USD,10,PC-0087,292.8444,0.0,132.4
7731,PO-007731,VEND-0137,100,2026-06-04,2026-07-12,EMP-0611,Open,USD,10,RM-0052,731.8184,0.0,29.67
9040,PO-009040,VEND-0161,100,2026-06-15,2026-07-12,EMP-0600,Open,USD,10,RM-0121,323.0903,0.0,35.67
10349,PO-010349,VEND-0111,100,2026-06-26,2026-07-12,EMP-0589,Open,USD,10,PC-0050,476.3715,0.0,111.84
10387,PO-010387,VEND-0165,100,2026-05-19,2026-07-12,EMP-0567,Open,USD,10,RM-0068,397.8418,0.0,14.95
11696,PO-011696,VEND-0021,200,2026-05-30,2026-07-12,EMP-0616,Open,USD,10,RM-0140,196.9716,0.0,22.55
13005,PO-013005,VEND-0046,100,2026-06-10,2026-07-12,EMP-0605,Open,USD,10,PC-0069,26.2014,0.0,62.82
14314,PO-014314,VEND-0109,200,2026-06-21,2026-07-12,EMP-0594,Open,USD,10,RM-0036,303.6755,0.0,14.18
14352,PO-014352,VEND-0144,100,2026-05-14,2026-07-12,EMP-0572,Open,USD,10,PC-0011,496.9139,0.0,77.9
752,PO-000752,VEND-0046,100,2026-05-30,2026-07-13,EMP-0592,Open,USD,10,RM-0045,287.9167,0.0,21.84
2061,PO-002061,VEND-0017,100,2026-06-10,2026-07-13,EMP-0581,Open,USD,10,RM-0112,347.3408,0.0,25.8
3370,PO-003370,VEND-0071,300,2026-06-21,2026-07-13,EMP-0570,Open,USD,10,PC-0040,145.2442,0.0,71.57
3408,PO-003408,VEND-0074,300,2026-05-14,2026-07-13,EMP-0608,Open,USD,10,RM-0061,282.8889,0.0,35.78
4717,PO-004717,VEND-0097,300,2026-05-25,2026-07-13,EMP-0597,Open,USD,10,RM-0132,378.6079,0.0,17.75
6026,PO-006026,VEND-0074,300,2026-06-05,2026-07-13,EMP-0586,Open,USD,10,PC-0061,362.2922,0.0,143.11
7335,PO-007335,VEND-0136,300,2026-06-16,2026-07-13,EMP-0575,Open,USD,10,RM-0029,256.9688,0.0,34.96
8644,PO-008644,VEND-0117,300,2026-06-27,2026-07-13,EMP-0564,Open,USD,10,RM-0092,112.2266,0.0,35.78
8682,PO-008682,VEND-0141,200,2026-05-20,2026-07-13,EMP-0602,Open,USD,10,PC-0080,51.5927,0.0,107.48
9991,PO-009991,VEND-0046,200,2026-05-31,2026-07-13,EMP-0591,Open,USD,10,RM-0045,262.3029,0.0,23.47
11300,PO-011300,VEND-0021,200,2026-06-11,2026-07-13,EMP-0580,Open,USD,10,RM-0112,385.6646,0.0,27.72
12609,PO-012609,VEND-0174,100,2026-06-22,2026-07-13,EMP-0569,Open,USD,10,PC-0041,225.9198,0.0,80.31
12647,PO-012647,VEND-0087,100,2026-05-15,2026-07-13,EMP-0607,Open,USD,10,RM-0062,648.3587,0.0,11.99
13956,PO-013956,VEND-0110,100,2026-05-26,2026-07-13,EMP-0596,Open,USD,10,RM-0133,44.0244,0.0,19.89
356,PO-000356,VEND-0107,200,2026-06-11,2026-07-14,EMP-0616,Open,USD,10,RM-0022,438.3227,0.0,31.32
1665,PO-001665,VEND-0046,200,2026-06-22,2026-07-14,EMP-0605,Open,USD,10,RM-0085,275.1974,0.0,32.2
1703,PO-001703,VEND-0050,100,2026-05-15,2026-07-14,EMP-0583,Open,USD,10,PC-0073,588.7639,0.0,77.17
3012,PO-003012,VEND-0148,100,2026-05-26,2026-07-14,EMP-0572,Open,USD,10,RM-0039,792.2917,0.0,16.95
4321,PO-004321,VEND-0093,200,2026-06-06,2026-07-14,EMP-0561,Open,USD,10,RM-0104,214.4259,0.0,19.29
5630,PO-005630,VEND-0111,300,2026-06-17,2026-07-14,EMP-0610,Open,USD,10,PC-0033,71.889,0.0,48.99
6939,PO-006939,VEND-0079,100,2026-06-28,2026-07-14,EMP-0599,Open,USD,10,RM-0006,727.8334,0.0,15.38
6977,PO-006977,VEND-0173,200,2026-05-21,2026-07-14,EMP-0577,Open,USD,10,RM-0124,75.6345,0.0,11.08
8286,PO-008286,VEND-0150,300,2026-06-01,2026-07-14,EMP-0566,Open,USD,10,PC-0053,252.728,0.0,115.82
9595,PO-009595,VEND-0176,300,2026-06-12,2026-07-14,EMP-0615,Open,USD,10,RM-0022,613.3899,0.0,28.96
10904,PO-010904,VEND-0039,100,2026-06-23,2026-07-14,EMP-0604,Open,USD,10,RM-0086,249.6738,0.0,30.58
10942,PO-010942,VEND-0050,300,2026-05-16,2026-07-14,EMP-0582,Open,USD,10,PC-0073,415.4218,0.0,82.98
12251,PO-012251,VEND-0148,200,2026-05-27,2026-07-14,EMP-0571,Open,USD,10,RM-0039,142.0835,0.0,18.22
13560,PO-013560,VEND-0061,300,2026-06-07,2026-07-14,EMP-0560,Open,USD,10,RM-0104,424.5584,0.0,20.74
14869,PO-014869,VEND-0083,100,2026-06-18,2026-07-14,EMP-0609,Open,USD,10,PC-0034,25.1336,0.0,56.04
1307,PO-001307,VEND-0033,200,2026-05-27,2026-07-15,EMP-0607,Open,USD,10,PC-0044,278.5976,0.0,92.86
2616,PO-002616,VEND-0029,200,2026-06-07,2026-07-15,EMP-0596,Open,USD,10,RM-0016,245.6723,0.0,25.83
3925,PO-003925,VEND-0086,100,2026-06-18,2026-07-15,EMP-0585,Open,USD,10,RM-0079,349.7617,0.0,26.7
5234,PO-005234,VEND-0040,200,2026-06-29,2026-07-15,EMP-0574,Open,USD,10,PC-0003,389.1012,0.0,58.0
5272,PO-005272,VEND-0057,300,2026-05-22,2026-07-15,EMP-0612,Open,USD,10,RM-0032,1477.499,0.0,11.36
6581,PO-006581,VEND-0169,200,2026-06-02,2026-07-15,EMP-0601,Open,USD,10,RM-0096,248.4403,0.0,12.9
7890,PO-007890,VEND-0151,300,2026-06-13,2026-07-15,EMP-0590,Open,USD,10,PC-0024,162.206,0.0,116.78
9199,PO-009199,VEND-0028,100,2026-06-24,2026-07-15,EMP-0579,Open,USD,10,PC-0099,59.0453,0.0,60.94
9237,PO-009237,VEND-0082,100,2026-05-17,2026-07-15,EMP-0617,Open,USD,10,RM-0117,449.1692,0.0,30.31
10546,PO-010546,VEND-0046,100,2026-05-28,2026-07-15,EMP-0606,Open,USD,10,PC-0045,318.4368,0.0,89.01
11855,PO-011855,VEND-0036,300,2026-06-08,2026-07-15,EMP-0595,Open,USD,10,RM-0016,442.2124,0.0,23.86
13164,PO-013164,VEND-0128,200,2026-06-19,2026-07-15,EMP-0584,Open,USD,10,RM-0079,651.143,0.0,24.67
14473,PO-014473,VEND-0053,100,2026-06-30,2026-07-15,EMP-0573,Open,USD,10,PC-0004,412.9641,0.0,56.81
14511,PO-014511,VEND-0070,100,2026-05-23,2026-07-15,EMP-0611,Open,USD,10,RM-0033,298.0242,0.0,13.06
911,PO-000911,VEND-0016,300,2026-06-08,2026-07-16,EMP-0571,Open,USD,10,PC-0015,292.8547,0.0,95.6
2220,PO-002220,VEND-0061,300,2026-06-19,2026-07-16,EMP-0560,Open,USD,10,PC-0091,193.7829,0.0,142.34
3529,PO-003529,VEND-0009,200,2026-06-30,2026-07-16,EMP-0609,Open,USD,10,RM-0056,761.2805,0.0,32.24
3567,PO-003567,VEND-0122,300,2026-05-23,2026-07-16,EMP-0587,Open,USD,10,PC-0037,172.9918,0.0,67.88
4876,PO-004876,VEND-0118,200,2026-06-03,2026-07-16,EMP-0576,Open,USD,10,RM-0009,158.3371,0.0,19.56
6185,PO-006185,VEND-0126,100,2026-06-14,2026-07-16,EMP-0565,Open,USD,10,RM-0072,780.9896,0.0,20.42
7494,PO-007494,VEND-0099,100,2026-06-25,2026-07-16,EMP-0614,Open,USD,10,RM-0146,587.6143,0.0,30.79
7532,PO-007532,VEND-0159,100,2026-05-18,2026-07-16,EMP-0592,Open,USD,10,RM-0026,580.0569,0.0,30.45
8841,PO-008841,VEND-0078,200,2026-05-29,2026-07-16,EMP-0581,Open,USD,10,RM-0089,318.9318,0.0,31.22
10150,PO-010150,VEND-0011,100,2026-06-09,2026-07-16,EMP-0570,Open,USD,10,PC-0016,340.4122,0.0,91.08
11459,PO-011459,VEND-0117,100,2026-06-20,2026-07-16,EMP-0619,Open,USD,10,PC-0092,103.2019,0.0,134.11
12806,PO-012806,VEND-0135,100,2026-05-24,2026-07-16,EMP-0586,Open,USD,10,PC-0038,257.1433,0.0,65.86
14115,PO-014115,VEND-0076,300,2026-06-04,2026-07-16,EMP-0575,Open,USD,10,RM-0009,947.6535,0.0,18.06
515,PO-000515,VEND-0036,100,2026-06-20,2026-07-17,EMP-0595,Open,USD,10,RM-0137,81.3583,0.0,21.26
1862,PO-001862,VEND-0167,100,2026-05-24,2026-07-17,EMP-0562,Open,USD,10,RM-0082,216.2979,0.0,27.82
3171,PO-003171,VEND-0105,200,2026-06-04,2026-07-17,EMP-0611,Open,USD,10,PC-0008,344.7169,0.0,71.6
4480,PO-004480,VEND-0101,100,2026-06-15,2026-07-17,EMP-0600,Open,USD,10,PC-0085,211.6161,0.0,121.23
5789,PO-005789,VEND-0111,100,2026-06-26,2026-07-17,EMP-0589,Open,USD,10,RM-0050,485.1932,0.0,27.0
5827,PO-005827,VEND-0005,300,2026-05-19,2026-07-17,EMP-0567,Open,USD,10,PC-0028,272.9902,0.0,142.69
7136,PO-007136,VEND-0027,300,2026-05-30,2026-07-17,EMP-0616,Open,USD,10,RM-0002,41.3902,0.0,13.4
8445,PO-008445,VEND-0166,100,2026-06-10,2026-07-17,EMP-0605,Open,USD,10,RM-0066,75.8764,0.0,15.11
9754,PO-009754,VEND-0162,300,2026-06-21,2026-07-17,EMP-0594,Open,USD,10,RM-0137,75.3033,0.0,22.82
11101,PO-011101,VEND-0167,200,2026-05-25,2026-07-17,EMP-0561,Open,USD,10,RM-0082,146.206,0.0,25.59
12410,PO-012410,VEND-0051,300,2026-06-05,2026-07-17,EMP-0610,Open,USD,10,PC-0008,170.047,0.0,65.86
13719,PO-013719,VEND-0026,200,2026-06-16,2026-07-17,EMP-0599,Open,USD,10,PC-0085,281.8022,0.0,111.52
157,PO-000157,VEND-0156,300,2026-05-25,2026-07-18,EMP-0597,Open,USD,10,PC-0095,246.2421,0.0,49.45
1466,PO-001466,VEND-0048,300,2026-06-05,2026-07-18,EMP-0586,Open,USD,10,RM-0059,530.2347,0.0,32.91
2775,PO-002775,VEND-0076,300,2026-06-16,2026-07-18,EMP-0575,Open,USD,10,RM-0129,323.9697,0.0,14.73
4084,PO-004084,VEND-0048,100,2026-06-27,2026-07-18,EMP-0564,Open,USD,10,PC-0059,365.7421,0.0,131.65
4122,PO-004122,VEND-0076,300,2026-05-20,2026-07-18,EMP-0602,Open,USD,10,RM-0075,185.0818,0.0,21.84
5431,PO-005431,VEND-0138,200,2026-05-31,2026-07-18,EMP-0591,Open,USD,10,RM-0149,227.4142,0.0,31.67
6740,PO-006740,VEND-0141,100,2026-06-11,2026-07-18,EMP-0580,Open,USD,10,PC-0078,422.5571,0.0,97.19
8049,PO-008049,VEND-0020,200,2026-06-22,2026-07-18,EMP-0569,Open,USD,10,RM-0043,617.032,0.0,21.02
9396,PO-009396,VEND-0169,100,2026-05-26,2026-07-18,EMP-0596,Open,USD,10,PC-0096,414.3111,0.0,56.53
10705,PO-010705,VEND-0026,100,2026-06-06,2026-07-18,EMP-0585,Open,USD,10,RM-0060,186.802,0.0,36.22
12014,PO-012014,VEND-0071,100,2026-06-17,2026-07-18,EMP-0574,Open,USD,10,RM-0130,91.1299,0.0,16.68
13323,PO-013323,VEND-0048,200,2026-06-28,2026-07-18,EMP-0563,Open,USD,10,PC-0059,490.8451,0.0,141.46
13361,PO-013361,VEND-0089,100,2026-05-21,2026-07-18,EMP-0601,Open,USD,10,RM-0076,332.8573,0.0,24.28
14670,PO-014670,VEND-0091,300,2026-06-01,2026-07-18,EMP-0590,Open,USD,10,RM-0149,148.4109,0.0,33.95
1070,PO-001070,VEND-0051,100,2026-06-17,2026-07-19,EMP-0610,Open,USD,10,RM-0037,249.4765,0.0,17.26
2379,PO-002379,VEND-0067,100,2026-06-28,2026-07-19,EMP-0599,Open,USD,10,RM-0102,260.8673,0.0,19.89
2417,PO-002417,VEND-0065,100,2026-05-21,2026-07-19,EMP-0577,Open,USD,10,PC-0088,598.3132,0.0,124.15
3726,PO-003726,VEND-0150,200,2026-06-01,2026-07-19,EMP-0566,Open,USD,10,RM-0053,52.3336,0.0,27.91
5035,PO-005035,VEND-0116,100,2026-06-12,2026-07-19,EMP-0615,Open,USD,10,RM-0122,98.336,0.0,33.39
6344,PO-006344,VEND-0124,200,2026-06-23,2026-07-19,EMP-0604,Open,USD,10,PC-0051,54.0593,0.0,105.36
7691,PO-007691,VEND-0034,300,2026-05-27,2026-07-19,EMP-0571,Open,USD,10,RM-0141,460.2196,0.0,24.89
9000,PO-009000,VEND-0001,300,2026-06-07,2026-07-19,EMP-0560,Open,USD,10,PC-0070,307.3397,0.0,70.32
10309,PO-010309,VEND-0122,200,2026-06-18,2026-07-19,EMP-0609,Open,USD,10,RM-0037,115.5026,0.0,15.96
11618,PO-011618,VEND-0067,200,2026-06-29,2026-07-19,EMP-0598,Open,USD,10,RM-0102,343.0075,0.0,18.39
11656,PO-011656,VEND-0078,100,2026-05-22,2026-07-19,EMP-0576,Open,USD,10,PC-0089,519.5689,0.0,136.86
12965,PO-012965,VEND-0066,300,2026-06-02,2026-07-19,EMP-0565,Open,USD,10,RM-0053,274.7644,0.0,30.01
14274,PO-014274,VEND-0147,200,2026-06-13,2026-07-19,EMP-0614,Open,USD,10,RM-0122,316.2248,0.0,35.9
674,PO-000674,VEND-0003,200,2026-06-29,2026-07-20,EMP-0574,Open,USD,10,RM-0014,49.7321,0.0,23.27
712,PO-000712,VEND-0110,300,2026-05-22,2026-07-20,EMP-0612,Open,USD,10,RM-0133,156.1591,0.0,19.72
2021,PO-002021,VEND-0100,100,2026-06-02,2026-07-20,EMP-0601,Open,USD,10,PC-0063,247.586,0.0,51.02
3330,PO-003330,VEND-0091,300,2026-06-13,2026-07-20,EMP-0590,Open,USD,10,RM-0030,702.1914,0.0,38.03
4639,PO-004639,VEND-0143,100,2026-06-24,2026-07-20,EMP-0579,Open,USD,10,RM-0094,592.765,0.0,12.76
5986,PO-005986,VEND-0059,200,2026-05-28,2026-07-20,EMP-0606,Open,USD,10,RM-0046,427.8215,0.0,22.21
7295,PO-007295,VEND-0156,200,2026-06-08,2026-07-20,EMP-0595,Open,USD,10,RM-0113,95.4907,0.0,26.09
8604,PO-008604,VEND-0007,200,2026-06-19,2026-07-20,EMP-0584,Open,USD,10,PC-0042,159.8057,0.0,76.45
9913,PO-009913,VEND-0003,300,2026-06-30,2026-07-20,EMP-0573,Open,USD,10,RM-0014,465.055,0.0,21.43
9951,PO-009951,VEND-0123,100,2026-05-23,2026-07-20,EMP-0611,Open,USD,10,RM-0134,183.3274,0.0,19.03
11260,PO-011260,VEND-0041,200,2026-06-03,2026-07-20,EMP-0600,Open,USD,10,PC-0063,139.6938,0.0,47.14
12569,PO-012569,VEND-0044,100,2026-06-14,2026-07-20,EMP-0589,Open,USD,10,RM-0031,532.9517,0.0,10.98
13878,PO-013878,VEND-0143,200,2026-06-25,2026-07-20,EMP-0578,Open,USD,10,RM-0094,43.6617,0.0,11.79
316,PO-000316,VEND-0119,100,2026-06-03,2026-07-21,EMP-0576,Open,USD,10,RM-0106,99.4164,0.0,22.24
1625,PO-001625,VEND-0066,300,2026-06-14,2026-07-21,EMP-0565,Open,USD,10,PC-0035,228.6254,0.0,58.88
2934,PO-002934,VEND-0092,200,2026-06-25,2026-07-21,EMP-0614,Open,USD,10,RM-0007,157.5636,0.0,17.23
4281,PO-004281,VEND-0176,100,2026-05-29,2026-07-21,EMP-0581,Open,USD,10,PC-0055,169.1643,0.0,130.09
5590,PO-005590,VEND-0131,300,2026-06-09,2026-07-21,EMP-0570,Open,USD,10,RM-0023,279.4404,0.0,31.66
6899,PO-006899,VEND-0052,100,2026-06-20,2026-07-21,EMP-0619,Open,USD,10,RM-0087,198.6332,0.0,33.38
8246,PO-008246,VEND-0161,200,2026-05-24,2026-07-21,EMP-0586,Open,USD,10,RM-0040,506.7508,0.0,17.39
9555,PO-009555,VEND-0016,200,2026-06-04,2026-07-21,EMP-0575,Open,USD,10,RM-0106,285.6913,0.0,20.47
10864,PO-010864,VEND-0109,100,2026-06-15,2026-07-21,EMP-0564,Open,USD,10,PC-0036,193.8923,0.0,57.28
12173,PO-012173,VEND-0092,300,2026-06-26,2026-07-21,EMP-0613,Open,USD,10,RM-0007,468.3612,0.0,15.86
13520,PO-013520,VEND-0081,300,2026-05-30,2026-07-21,EMP-0580,Open,USD,10,PC-0055,150.0845,0.0,120.11
14829,PO-014829,VEND-0133,100,2026-06-10,2026-07-21,EMP-0569,Open,USD,10,RM-0024,440.25,0.0,30.03
1229,PO-001229,VEND-0066,100,2026-06-26,2026-07-22,EMP-0589,Open,USD,10,PC-0005,374.7698,0.0,59.48
2576,PO-002576,VEND-0015,100,2026-05-30,2026-07-22,EMP-0616,Open,USD,10,RM-0098,849.6308,0.0,15.42
3885,PO-003885,VEND-0106,100,2026-06-10,2026-07-22,EMP-0605,Open,USD,10,PC-0026,199.4299,0.0,131.16
5194,PO-005194,VEND-0041,100,2026-06-21,2026-07-22,EMP-0594,Open,USD,10,PC-0100,205.0999,0.0,68.29
6541,PO-006541,VEND-0072,100,2026-05-25,2026-07-22,EMP-0561,Open,USD,10,PC-0047,341.6726,0.0,101.56
7850,PO-007850,VEND-0171,300,2026-06-05,2026-07-22,EMP-0610,Open,USD,10,RM-0017,534.1631,0.0,26.25
9159,PO-009159,VEND-0141,200,2026-06-16,2026-07-22,EMP-0599,Open,USD,10,RM-0080,259.677,0.0,27.11
10468,PO-010468,VEND-0066,200,2026-06-27,2026-07-22,EMP-0588,Open,USD,10,PC-0005,183.6548,0.0,63.87
11815,PO-011815,VEND-0056,300,2026-05-31,2026-07-22,EMP-0615,Open,USD,10,RM-0098,241.918,0.0,14.18
13124,PO-013124,VEND-0159,200,2026-06-11,2026-07-22,EMP-0604,Open,USD,10,PC-0026,360.3781,0.0,120.65
14433,PO-014433,VEND-0041,200,2026-06-22,2026-07-22,EMP-0593,Open,USD,10,PC-0100,473.498,0.0,62.82
871,PO-000871,VEND-0131,200,2026-05-31,2026-07-23,EMP-0591,Open,USD,10,RM-0010,355.3822,0.0,18.68
2180,PO-002180,VEND-0081,200,2026-06-11,2026-07-23,EMP-0580,Open,USD,10,RM-0073,188.9435,0.0,19.47
3489,PO-003489,VEND-0112,100,2026-06-22,2026-07-23,EMP-0569,Open,USD,10,RM-0147,53.8349,0.0,28.96
4836,PO-004836,VEND-0091,300,2026-05-26,2026-07-23,EMP-0596,Open,USD,10,RM-0090,283.6439,0.0,34.14
6145,PO-006145,VEND-0146,100,2026-06-06,2026-07-23,EMP-0585,Open,USD,10,PC-0017,202.3515,0.0,100.48
7454,PO-007454,VEND-0130,300,2026-06-17,2026-07-23,EMP-0574,Open,USD,10,PC-0093,253.0101,0.0,44.73
8763,PO-008763,VEND-0022,300,2026-06-28,2026-07-23,EMP-0563,Open,USD,10,RM-0057,505.3175,0.0,32.49
10110,PO-010110,VEND-0031,300,2026-06-01,2026-07-23,EMP-0590,Open,USD,10,RM-0010,168.4085,0.0,20.07
11419,PO-011419,VEND-0050,300,2026-06-12,2026-07-23,EMP-0579,Open,USD,10,RM-0073,397.3136,0.0,20.93
12728,PO-012728,VEND-0112,200,2026-06-23,2026-07-23,EMP-0568,Open,USD,10,RM-0147,145.1399,0.0,31.12
14075,PO-014075,VEND-0096,100,2026-05-27,2026-07-23,EMP-0595,Open,USD,10,RM-0091,46.4985,0.0,37.47
475,PO-000475,VEND-0056,100,2026-06-12,2026-07-24,EMP-0615,Open,USD,10,PC-0086,118.8444,0.0,132.31
1784,PO-001784,VEND-0124,100,2026-06-23,2026-07-24,EMP-0604,Open,USD,10,RM-0051,647.7133,0.0,29.56
3131,PO-003131,VEND-0053,100,2026-05-27,2026-07-24,EMP-0571,Open,USD,10,RM-0004,294.4915,0.0,13.81
4440,PO-004440,VEND-0121,100,2026-06-07,2026-07-24,EMP-0560,Open,USD,10,RM-0067,584.9434,0.0,14.59
5749,PO-005749,VEND-0008,100,2026-06-18,2026-07-24,EMP-0609,Open,USD,10,RM-0139,213.2406,0.0,22.42
7058,PO-007058,VEND-0152,200,2026-06-29,2026-07-24,EMP-0598,Open,USD,10,PC-0067,408.0713,0.0,58.38
8405,PO-008405,VEND-0006,300,2026-06-02,2026-07-24,EMP-0565,Open,USD,10,PC-0009,40.8363,0.0,73.57
9714,PO-009714,VEND-0039,200,2026-06-13,2026-07-24,EMP-0614,Open,USD,10,PC-0086,52.3323,0.0,122.33
11023,PO-011023,VEND-0124,200,2026-06-24,2026-07-24,EMP-0603,Open,USD,10,RM-0051,874.7525,0.0,27.33
12370,PO-012370,VEND-0071,200,2026-05-28,2026-07-24,EMP-0570,Open,USD,10,RM-0004,478.7839,0.0,14.85
13679,PO-013679,VEND-0152,200,2026-06-08,2026-07-24,EMP-0619,Open,USD,10,RM-0067,522.3713,0.0,15.69
14988,PO-014988,VEND-0008,300,2026-06-19,2026-07-24,EMP-0608,Open,USD,10,RM-0139,58.3449,0.0,24.11
79,PO-000079,VEND-0061,100,2026-06-24,2026-07-25,EMP-0579,Open,USD,10,PC-0060,642.9783,0.0,143.6
1426,PO-001426,VEND-0151,200,2026-05-28,2026-07-25,EMP-0606,Open,USD,10,RM-0150,75.8671,0.0,34.54
2735,PO-002735,VEND-0096,100,2026-06-08,2026-07-25,EMP-0595,Open,USD,10,PC-0079,242.0542,0.0,106.8
4044,PO-004044,VEND-0033,200,2026-06-19,2026-07-25,EMP-0584,Open,USD,10,RM-0044,242.4213,0.0,23.22
5353,PO-005353,VEND-0004,100,2026-06-30,2026-07-25,EMP-0573,Open,USD,10,RM-0111,128.1103,0.0,27.57
6700,PO-006700,VEND-0161,100,2026-06-03,2026-07-25,EMP-0600,Open,USD,10,RM-0061,78.787,0.0,33.85
8009,PO-008009,VEND-0084,200,2026-06-14,2026-07-25,EMP-0589,Open,USD,10,RM-0131,137.5135,0.0,16.01
9318,PO-009318,VEND-0074,100,2026-06-25,2026-07-25,EMP-0578,Open,USD,10,PC-0061,549.1204,0.0,135.39
10665,PO-010665,VEND-0046,300,2026-05-29,2026-07-25,EMP-0605,Open,USD,10,RM-0150,138.9378,0.0,31.91
11974,PO-011974,VEND-0128,200,2026-06-09,2026-07-25,EMP-0594,Open,USD,10,PC-0079,151.3294,0.0,98.68
13283,PO-013283,VEND-0033,300,2026-06-20,2026-07-25,EMP-0583,Open,USD,10,RM-0044,278.0138,0.0,21.45
1030,PO-001030,VEND-0071,200,2026-06-09,2026-07-26,EMP-0570,Open,USD,10,RM-0123,169.4731,0.0,36.42
2339,PO-002339,VEND-0137,200,2026-06-20,2026-07-26,EMP-0619,Open,USD,10,PC-0052,282.9327,0.0,115.64
4995,PO-004995,VEND-0136,100,2026-06-04,2026-07-26,EMP-0575,Open,USD,10,PC-0072,522.3952,0.0,81.7
6304,PO-006304,VEND-0135,200,2026-06-15,2026-07-26,EMP-0564,Open,USD,10,RM-0038,332.3719,0.0,17.84
7613,PO-007613,VEND-0080,300,2026-06-26,2026-07-26,EMP-0613,Open,USD,10,RM-0103,377.8817,0.0,20.42
8960,PO-008960,VEND-0021,300,2026-05-30,2026-07-26,EMP-0580,Open,USD,10,RM-0054,227.3346,0.0,28.15
10269,PO-010269,VEND-0160,300,2026-06-10,2026-07-26,EMP-0569,Open,USD,10,RM-0123,144.7876,0.0,33.53
11578,PO-011578,VEND-0150,100,2026-06-21,2026-07-26,EMP-0618,Open,USD,10,PC-0053,212.8144,0.0,109.52
14234,PO-014234,VEND-0037,200,2026-06-05,2026-07-26,EMP-0574,Open,USD,10,PC-0072,207.5174,0.0,75.44
634,PO-000634,VEND-0156,100,2026-06-21,2026-07-27,EMP-0594,Open,USD,10,RM-0095,281.2527,0.0,12.48
3290,PO-003290,VEND-0111,100,2026-06-05,2026-07-27,EMP-0610,Open,USD,10,RM-0115,331.1719,0.0,29.48
4599,PO-004599,VEND-0020,300,2026-06-16,2026-07-27,EMP-0599,Open,USD,10,PC-0043,290.3023,0.0,84.83
5908,PO-005908,VEND-0016,300,2026-06-27,2026-07-27,EMP-0588,Open,USD,10,RM-0015,206.4002,0.0,23.69
7255,PO-007255,VEND-0176,200,2026-05-31,2026-07-27,EMP-0615,Open,USD,10,PC-0064,839.6821,0.0,53.6
8564,PO-008564,VEND-0057,100,2026-06-11,2026-07-27,EMP-0604,Open,USD,10,RM-0032,41.3805,0.0,12.54
9873,PO-009873,VEND-0156,300,2026-06-22,2026-07-27,EMP-0593,Open,USD,10,RM-0095,330.1353,0.0,13.4
12529,PO-012529,VEND-0056,200,2026-06-06,2026-07-27,EMP-0609,Open,USD,10,RM-0115,827.2848,0.0,27.12
13838,PO-013838,VEND-0033,100,2026-06-17,2026-07-27,EMP-0598,Open,USD,10,PC-0044,228.3211,0.0,81.09
1585,PO-001585,VEND-0086,300,2026-06-06,2026-07-28,EMP-0585,Open,USD,10,RM-0024,102.0985,0.0,29.75
2894,PO-002894,VEND-0065,100,2026-06-17,2026-07-28,EMP-0574,Open,USD,10,RM-0088,78.4546,0.0,31.33
4203,PO-004203,VEND-0003,300,2026-06-28,2026-07-28,EMP-0563,Open,USD,10,PC-0014,435.8337,0.0,87.38
5550,PO-005550,VEND-0151,200,2026-06-01,2026-07-28,EMP-0590,Open,USD,10,RM-0107,507.9276,0.0,22.66
6859,PO-006859,VEND-0122,100,2026-06-12,2026-07-28,EMP-0579,Open,USD,10,PC-0037,558.3625,0.0,64.41
8168,PO-008168,VEND-0105,300,2026-06-23,2026-07-28,EMP-0568,Open,USD,10,RM-0008,94.5588,0.0,17.75
10824,PO-010824,VEND-0146,100,2026-06-07,2026-07-28,EMP-0584,Open,USD,10,RM-0025,376.9929,0.0,32.81
12133,PO-012133,VEND-0065,300,2026-06-18,2026-07-28,EMP-0573,Open,USD,10,RM-0088,414.9308,0.0,33.66
13442,PO-013442,VEND-0016,100,2026-06-29,2026-07-28,EMP-0562,Open,USD,10,PC-0015,99.9227,0.0,97.29
14789,PO-014789,VEND-0132,300,2026-06-02,2026-07-28,EMP-0589,Open,USD,10,RM-0107,143.1404,0.0,24.28
1189,PO-001189,VEND-0014,300,2026-06-18,2026-07-29,EMP-0609,Open,USD,10,RM-0001,32.3304,0.0,12.87
2498,PO-002498,VEND-0126,100,2026-06-29,2026-07-29,EMP-0598,Open,USD,10,RM-0065,207.2683,0.0,14.62
3845,PO-003845,VEND-0126,300,2026-06-02,2026-07-29,EMP-0565,Open,USD,10,RM-0018,467.6659,0.0,24.78
5154,PO-005154,VEND-0154,200,2026-06-13,2026-07-29,EMP-0614,Open,USD,10,RM-0081,141.5387,0.0,25.56
6463,PO-006463,VEND-0092,100,2026-06-24,2026-07-29,EMP-0603,Open,USD,10,PC-0007,234.733,0.0,64.65
9119,PO-009119,VEND-0005,100,2026-06-08,2026-07-29,EMP-0619,Open,USD,10,PC-0028,254.0645,0.0,135.33
10428,PO-010428,VEND-0027,100,2026-06-19,2026-07-29,EMP-0608,Open,USD,10,RM-0002,606.3585,0.0,12.71
11737,PO-011737,VEND-0126,200,2026-06-30,2026-07-29,EMP-0597,Open,USD,10,RM-0065,139.3481,0.0,13.51
13084,PO-013084,VEND-0068,100,2026-06-03,2026-07-29,EMP-0564,Open,USD,10,RM-0019,214.193,0.0,27.48
14393,PO-014393,VEND-0154,300,2026-06-14,2026-07-29,EMP-0613,Open,USD,10,RM-0081,300.8737,0.0,27.48
793,PO-000793,VEND-0102,100,2026-06-30,2026-07-30,EMP-0573,Open,USD,10,PC-0077,206.0063,0.0,96.45
2140,PO-002140,VEND-0101,100,2026-06-03,2026-07-30,EMP-0600,Open,USD,10,PC-0019,201.7675,0.0,113.76
3449,PO-003449,VEND-0156,100,2026-06-14,2026-07-30,EMP-0589,Open,USD,10,PC-0095,275.2117,0.0,54.52
4758,PO-004758,VEND-0048,100,2026-06-25,2026-07-30,EMP-0578,Open,USD,10,RM-0059,108.1762,0.0,36.28
7414,PO-007414,VEND-0063,300,2026-06-09,2026-07-30,EMP-0594,Open,USD,10,RM-0074,53.3172,0.0,19.89
8723,PO-008723,VEND-0125,200,2026-06-20,2026-07-30,EMP-0583,Open,USD,10,RM-0148,271.7584,0.0,29.2
11379,PO-011379,VEND-0068,200,2026-06-04,2026-07-30,EMP-0599,Open,USD,10,PC-0019,99.5926,0.0,105.11
12688,PO-012688,VEND-0156,200,2026-06-15,2026-07-30,EMP-0588,Open,USD,10,PC-0095,306.8127,0.0,50.37
13997,PO-013997,VEND-0048,200,2026-06-26,2026-07-30,EMP-0577,Open,USD,10,RM-0059,77.6424,0.0,33.52
435,PO-000435,VEND-0076,100,2026-06-04,2026-07-31,EMP-0575,Open,USD,10,RM-0068,397.8418,0.0,16.39
1744,PO-001744,VEND-0021,200,2026-06-15,2026-07-31,EMP-0564,Open,USD,10,RM-0140,196.9716,0.0,24.74
3053,PO-003053,VEND-0178,100,2026-06-26,2026-07-31,EMP-0613,Open,USD,10,PC-0069,26.2014,0.0,68.9
5709,PO-005709,VEND-0052,200,2026-06-10,2026-07-31,EMP-0569,Open,USD,10,PC-0087,1043.2546,0.0,133.54
7018,PO-007018,VEND-0137,300,2026-06-21,2026-07-31,EMP-0618,Open,USD,10,RM-0052,155.2205,0.0,29.93
9674,PO-009674,VEND-0165,200,2026-06-05,2026-07-31,EMP-0574,Open,USD,10,RM-0068,73.1965,0.0,15.09
10983,PO-010983,VEND-0034,100,2026-06-16,2026-07-31,EMP-0563,Open,USD,10,RM-0141,355.8146,0.0,23.54
12292,PO-012292,VEND-0178,200,2026-06-27,2026-07-31,EMP-0612,Open,USD,10,PC-0069,306.7698,0.0,63.43
13639,PO-013639,VEND-0144,200,2026-05-31,2026-07-31,EMP-0579,Open,USD,10,PC-0011,52.7821,0.0,78.62
14948,PO-014948,VEND-0052,300,2026-06-11,2026-07-31,EMP-0568,Open,USD,10,PC-0087,258.0633,0.0,123.3
39,PO-000039,VEND-0046,200,2026-06-16,2026-08-01,EMP-0599,Open,USD,10,RM-0045,262.3029,0.0,22.04
1348,PO-001348,VEND-0017,200,2026-06-27,2026-08-01,EMP-0588,Open,USD,10,RM-0112,385.6646,0.0,26.04
4004,PO-004004,VEND-0110,100,2026-06-11,2026-08-01,EMP-0604,Open,USD,10,RM-0133,44.0244,0.0,18.72
5313,PO-005313,VEND-0087,100,2026-06-22,2026-08-01,EMP-0593,Open,USD,10,PC-0062,87.0385,0.0,45.13
7969,PO-007969,VEND-0154,100,2026-06-06,2026-08-01,EMP-0609,Open,USD,10,PC-0081,243.6058,0.0,111.84
9278,PO-009278,VEND-0046,300,2026-06-17,2026-08-01,EMP-0598,Open,USD,10,RM-0045,349.6021,0.0,23.67
10587,PO-010587,VEND-0017,300,2026-06-28,2026-08-01,EMP-0587,Open,USD,10,RM-0112,55.7771,0.0,27.97
11934,PO-011934,VEND-0087,200,2026-06-01,2026-08-01,EMP-0614,Open,USD,10,RM-0062,205.4528,0.0,10.38
13243,PO-013243,VEND-0110,200,2026-06-12,2026-08-01,EMP-0603,Open,USD,10,RM-0133,255.3326,0.0,17.22
14552,PO-014552,VEND-0087,200,2026-06-23,2026-08-01,EMP-0592,Open,USD,10,PC-0062,229.1128,0.0,41.52
2299,PO-002299,VEND-0148,200,2026-06-12,2026-08-02,EMP-0579,Open,USD,10,RM-0039,142.0835,0.0,17.11
3608,PO-003608,VEND-0093,300,2026-06-23,2026-08-02,EMP-0568,Open,USD,10,RM-0104,424.5584,0.0,19.47
6264,PO-006264,VEND-0173,300,2026-06-07,2026-08-02,EMP-0584,Open,USD,10,RM-0124,654.1671,0.0,11.18
7573,PO-007573,VEND-0163,200,2026-06-18,2026-08-02,EMP-0573,Open,USD,10,PC-0054,484.8344,0.0,120.15
8882,PO-008882,VEND-0120,100,2026-06-29,2026-08-02,EMP-0562,Open,USD,10,RM-0023,429.5773,0.0,30.04
10229,PO-010229,VEND-0063,100,2026-06-02,2026-08-02,EMP-0589,Open,USD,10,PC-0074,137.0968,0.0,87.1
11538,PO-011538,VEND-0148,300,2026-06-13,2026-08-02,EMP-0578,Open,USD,10,RM-0039,312.5582,0.0,18.38
12847,PO-012847,VEND-0106,100,2026-06-24,2026-08-02,EMP-0567,Open,USD,10,RM-0105,350.1442,0.0,21.78
594,PO-000594,VEND-0046,100,2026-06-13,2026-08-03,EMP-0614,Open,USD,10,PC-0045,318.4368,0.0,97.15
1903,PO-001903,VEND-0029,300,2026-06-24,2026-08-03,EMP-0603,Open,USD,10,RM-0016,442.2124,0.0,26.04
4559,PO-004559,VEND-0070,100,2026-06-08,2026-08-03,EMP-0619,Open,USD,10,RM-0033,298.0242,0.0,12.25
5868,PO-005868,VEND-0169,300,2026-06-19,2026-08-03,EMP-0608,Open,USD,10,RM-0096,607.6677,0.0,13.02
7177,PO-007177,VEND-0146,100,2026-06-30,2026-08-03,EMP-0597,Open,USD,10,PC-0025,247.3241,0.0,121.02
8524,PO-008524,VEND-0082,200,2026-06-03,2026-08-03,EMP-0564,Open,USD,10,RM-0117,289.5036,0.0,30.58
9833,PO-009833,VEND-0046,200,2026-06-14,2026-08-03,EMP-0613,Open,USD,10,PC-0045,94.8412,0.0,89.83
11142,PO-011142,VEND-0042,100,2026-06-25,2026-08-03,EMP-0602,Open,USD,10,RM-0017,391.619,0.0,24.89
13798,PO-013798,VEND-0070,200,2026-06-09,2026-08-03,EMP-0618,Open,USD,10,RM-0033,702.6288,0.0,13.17
198,PO-000198,VEND-0029,100,2026-06-25,2026-08-04,EMP-0578,Open,USD,10,PC-0016,340.4122,0.0,99.81
2854,PO-002854,VEND-0135,100,2026-06-09,2026-08-04,EMP-0594,Open,USD,10,PC-0038,257.1433,0.0,71.94
4163,PO-004163,VEND-0118,300,2026-06-20,2026-08-04,EMP-0583,Open,USD,10,RM-0009,947.6535,0.0,19.72
6819,PO-006819,VEND-0159,300,2026-06-04,2026-08-04,EMP-0599,Open,USD,10,RM-0026,766.5467,0.0,30.74
8128,PO-008128,VEND-0091,100,2026-06-15,2026-08-04,EMP-0588,Open,USD,10,RM-0090,722.7212,0.0,32.3
9437,PO-009437,VEND-0029,200,2026-06-26,2026-08-04,EMP-0577,Open,USD,10,PC-0016,289.1289,0.0,91.96
12093,PO-012093,VEND-0135,200,2026-06-10,2026-08-04,EMP-0593,Open,USD,10,PC-0038,101.8795,0.0,66.47
13402,PO-013402,VEND-0131,100,2026-06-21,2026-08-04,EMP-0582,Open,USD,10,RM-0010,722.3533,0.0,19.03
1149,PO-001149,VEND-0167,200,2026-06-10,2026-08-05,EMP-0569,Open,USD,10,RM-0082,146.206,0.0,28.07
2458,PO-002458,VEND-0105,300,2026-06-21,2026-08-05,EMP-0618,Open,USD,10,PC-0008,170.047,0.0,72.24
5114,PO-005114,VEND-0018,100,2026-06-05,2026-08-05,EMP-0574,Open,USD,10,PC-0029,200.7136,0.0,147.36
6423,PO-006423,VEND-0040,100,2026-06-16,2026-08-05,EMP-0563,Open,USD,10,RM-0003,529.8865,0.0,14.37
7732,PO-007732,VEND-0139,200,2026-06-27,2026-08-05,EMP-0612,Open,USD,10,RM-0066,713.268,0.0,15.24
10388,PO-010388,VEND-0167,300,2026-06-11,2026-08-05,EMP-0568,Open,USD,10,RM-0082,212.8347,0.0,25.84
11697,PO-011697,VEND-0118,100,2026-06-22,2026-08-05,EMP-0617,Open,USD,10,PC-0009,273.7997,0.0,69.57
14353,PO-014353,VEND-0031,100,2026-06-06,2026-08-05,EMP-0573,Open,USD,10,PC-0030,365.7906,0.0,139.25
753,PO-000753,VEND-0061,100,2026-06-22,2026-08-06,EMP-0593,Open,USD,10,RM-0060,186.802,0.0,34.02
3409,PO-003409,VEND-0089,100,2026-06-06,2026-08-06,EMP-0609,Open,USD,10,RM-0076,332.8573,0.0,22.86
4718,PO-004718,VEND-0138,300,2026-06-17,2026-08-06,EMP-0598,Open,USD,10,RM-0149,148.4109,0.0,31.96
6027,PO-006027,VEND-0115,200,2026-06-28,2026-08-06,EMP-0587,Open,USD,10,PC-0078,187.3751,0.0,98.07
8683,PO-008683,VEND-0169,200,2026-06-12,2026-08-06,EMP-0603,Open,USD,10,PC-0096,96.7014,0.0,57.02
9992,PO-009992,VEND-0061,200,2026-06-23,2026-08-06,EMP-0592,Open,USD,10,RM-0060,265.5478,0.0,36.53
12648,PO-012648,VEND-0089,200,2026-06-07,2026-08-06,EMP-0608,Open,USD,10,RM-0076,122.5279,0.0,21.03
13957,PO-013957,VEND-0151,100,2026-06-18,2026-08-06,EMP-0597,Open,USD,10,RM-0150,325.9986,0.0,30.16
1704,PO-001704,VEND-0078,100,2026-06-07,2026-08-07,EMP-0584,Open,USD,10,PC-0089,519.5689,0.0,128.48
3013,PO-003013,VEND-0150,300,2026-06-18,2026-08-07,EMP-0573,Open,USD,10,RM-0053,274.7644,0.0,28.17
4322,PO-004322,VEND-0147,200,2026-06-29,2026-08-07,EMP-0562,Open,USD,10,RM-0122,316.2248,0.0,33.7
6978,PO-006978,VEND-0047,300,2026-06-13,2026-08-07,EMP-0578,Open,USD,10,RM-0142,443.2546,0.0,25.94
8287,PO-008287,VEND-0024,100,2026-06-24,2026-08-07,EMP-0567,Open,USD,10,PC-0071,399.9775,0.0,74.24
10943,PO-010943,VEND-0078,200,2026-06-08,2026-08-07,EMP-0583,Open,USD,10,PC-0089,255.5024,0.0,138.05
12252,PO-012252,VEND-0163,100,2026-06-19,2026-08-07,EMP-0572,Open,USD,10,RM-0054,872.4878,0.0,31.12
13561,PO-013561,VEND-0160,100,2026-06-30,2026-08-07,EMP-0561,Open,USD,10,RM-0123,463.2093,0.0,37.07
1308,PO-001308,VEND-0100,200,2026-06-19,2026-08-08,EMP-0608,Open,USD,10,PC-0063,139.6938,0.0,51.46
2617,PO-002617,VEND-0044,100,2026-06-30,2026-08-08,EMP-0597,Open,USD,10,RM-0031,532.9517,0.0,11.99
5273,PO-005273,VEND-0059,300,2026-06-14,2026-08-08,EMP-0613,Open,USD,10,RM-0046,459.5762,0.0,22.42
6582,PO-006582,VEND-0030,300,2026-06-25,2026-08-08,EMP-0602,Open,USD,10,RM-0113,149.8283,0.0,26.34
9238,PO-009238,VEND-0123,300,2026-06-09,2026-08-08,EMP-0618,Open,USD,10,RM-0134,394.883,0.0,19.2
10547,PO-010547,VEND-0100,300,2026-06-20,2026-08-08,EMP-0607,Open,USD,10,PC-0063,211.5921,0.0,47.57
14512,PO-014512,VEND-0072,100,2026-06-15,2026-08-08,EMP-0612,Open,USD,10,RM-0047,305.0683,0.0,24.95
3568,PO-003568,VEND-0176,300,2026-06-15,2026-08-09,EMP-0588,Open,USD,10,PC-0055,150.0845,0.0,131.2
4877,PO-004877,VEND-0133,100,2026-06-26,2026-08-09,EMP-0577,Open,USD,10,RM-0024,440.25,0.0,32.8
7533,PO-007533,VEND-0161,300,2026-06-10,2026-08-09,EMP-0593,Open,USD,10,RM-0040,803.8461,0.0,17.56
8842,PO-008842,VEND-0119,300,2026-06-21,2026-08-09,EMP-0582,Open,USD,10,RM-0106,349.4156,0.0,20.67
12807,PO-012807,VEND-0009,100,2026-06-16,2026-08-09,EMP-0587,Open,USD,10,PC-0056,586.9088,0.0,124.44
14116,PO-014116,VEND-0133,200,2026-06-27,2026-08-09,EMP-0576,Open,USD,10,RM-0024,103.0032,0.0,30.31
1863,PO-001863,VEND-0015,300,2026-06-16,2026-08-10,EMP-0563,Open,USD,10,RM-0098,241.918,0.0,15.56
3172,PO-003172,VEND-0159,200,2026-06-27,2026-08-10,EMP-0612,Open,USD,10,PC-0026,360.3781,0.0,132.32
5828,PO-005828,VEND-0072,300,2026-06-11,2026-08-10,EMP-0568,Open,USD,10,PC-0047,417.5528,0.0,102.43
7137,PO-007137,VEND-0055,100,2026-06-22,2026-08-10,EMP-0617,Open,USD,10,RM-0018,767.1449,0.0,27.34
11102,PO-011102,VEND-0028,100,2026-06-17,2026-08-10,EMP-0562,Open,USD,10,RM-0099,426.5039,0.0,15.09
12411,PO-012411,VEND-0172,100,2026-06-28,2026-08-10,EMP-0611,Open,USD,10,PC-0027,498.9002,0.0,124.89
158,PO-000158,VEND-0131,300,2026-06-17,2026-08-11,EMP-0598,Open,USD,10,RM-0010,168.4085,0.0,18.86
1467,PO-001467,VEND-0050,300,2026-06-28,2026-08-11,EMP-0587,Open,USD,10,RM-0073,397.3136,0.0,19.66
4123,PO-004123,VEND-0104,100,2026-06-12,2026-08-11,EMP-0603,Open,USD,10,RM-0091,46.4985,0.0,35.27
5432,PO-005432,VEND-0042,200,2026-06-23,2026-08-11,EMP-0592,Open,USD,10,PC-0017,277.3005,0.0,101.38
9397,PO-009397,VEND-0144,100,2026-06-18,2026-08-11,EMP-0597,Open,USD,10,RM-0011,429.8981,0.0,21.11
10706,PO-010706,VEND-0063,100,2026-06-29,2026-08-11,EMP-0586,Open,USD,10,RM-0074,644.8966,0.0,21.97
13362,PO-013362,VEND-0104,200,2026-06-13,2026-08-11,EMP-0602,Open,USD,10,RM-0091,144.9798,0.0,32.45
14671,PO-014671,VEND-0055,200,2026-06-24,2026-08-11,EMP-0591,Open,USD,10,PC-0018,564.3004,0.0,96.3
2418,PO-002418,VEND-0053,200,2026-06-13,2026-08-12,EMP-0578,Open,USD,10,RM-0004,478.7839,0.0,13.94
3727,PO-003727,VEND-0152,200,2026-06-24,2026-08-12,EMP-0567,Open,USD,10,RM-0067,522.3713,0.0,14.73
7692,PO-007692,VEND-0131,100,2026-06-19,2026-08-12,EMP-0572,Open,USD,10,PC-0010,225.1026,0.0,77.52
9001,PO-009001,VEND-0039,300,2026-06-30,2026-08-12,EMP-0561,Open,USD,10,PC-0086,669.2136,0.0,123.44
11657,PO-011657,VEND-0053,300,2026-06-14,2026-08-12,EMP-0577,Open,USD,10,RM-0004,894.6533,0.0,14.98
12966,PO-012966,VEND-0152,300,2026-06-25,2026-08-12,EMP-0566,Open,USD,10,RM-0067,184.3143,0.0,15.83
713,PO-000713,VEND-0151,300,2026-06-14,2026-08-13,EMP-0613,Open,USD,10,RM-0150,138.9378,0.0,34.83
2022,PO-002022,VEND-0128,200,2026-06-25,2026-08-13,EMP-0602,Open,USD,10,PC-0079,151.3294,0.0,107.7
5987,PO-005987,VEND-0074,200,2026-06-20,2026-08-13,EMP-0607,Open,USD,10,RM-0061,305.5312,0.0,34.17
9952,PO-009952,VEND-0014,100,2026-06-15,2026-08-13,EMP-0612,Open,USD,10,PC-0001,311.1291,0.0,47.57
11261,PO-011261,VEND-0141,100,2026-06-26,2026-08-13,EMP-0601,Open,USD,10,PC-0080,296.5087,0.0,102.83
317,PO-000317,VEND-0160,300,2026-06-26,2026-08-14,EMP-0577,Open,USD,10,RM-0123,144.7876,0.0,36.75
4282,PO-004282,VEND-0037,200,2026-06-21,2026-08-14,EMP-0582,Open,USD,10,PC-0072,207.5174,0.0,82.4
8247,PO-008247,VEND-0176,100,2026-06-16,2026-08-14,EMP-0587,Open,USD,10,RM-0055,55.0222,0.0,29.2
9556,PO-009556,VEND-0173,100,2026-06-27,2026-08-14,EMP-0576,Open,USD,10,RM-0124,260.3893,0.0,10.58
13521,PO-013521,VEND-0050,100,2026-06-22,2026-08-14,EMP-0581,Open,USD,10,PC-0073,588.7639,0.0,79.35
2577,PO-002577,VEND-0056,200,2026-06-22,2026-08-15,EMP-0617,Open,USD,10,RM-0115,827.2848,0.0,29.74
6542,PO-006542,VEND-0113,300,2026-06-17,2026-08-15,EMP-0562,Open,USD,10,PC-0064,172.799,0.0,54.06
7851,PO-007851,VEND-0057,200,2026-06-28,2026-08-15,EMP-0611,Open,USD,10,RM-0032,508.733,0.0,12.65
11816,PO-011816,VEND-0069,100,2026-06-23,2026-08-15,EMP-0616,Open,USD,10,RM-0116,167.3566,0.0,28.15
872,PO-000872,VEND-0146,100,2026-06-23,2026-08-16,EMP-0592,Open,USD,10,RM-0025,376.9929,0.0,30.82
4837,PO-004837,VEND-0132,300,2026-06-18,2026-08-16,EMP-0597,Open,USD,10,RM-0107,143.1404,0.0,22.86
6146,PO-006146,VEND-0122,200,2026-06-29,2026-08-16,EMP-0586,Open,USD,10,PC-0037,144.9076,0.0,64.99
10111,PO-010111,VEND-0146,300,2026-06-24,2026-08-16,EMP-0591,Open,USD,10,RM-0025,98.3603,0.0,33.1
14076,PO-014076,VEND-0145,100,2026-06-19,2026-08-16,EMP-0596,Open,USD,10,RM-0108,439.4353,0.0,21.79
3132,PO-003132,VEND-0068,100,2026-06-19,2026-08-17,EMP-0572,Open,USD,10,RM-0019,214.193,0.0,25.8
4441,PO-004441,VEND-0154,300,2026-06-30,2026-08-17,EMP-0561,Open,USD,10,RM-0081,300.8737,0.0,25.8
8406,PO-008406,VEND-0005,200,2026-06-25,2026-08-17,EMP-0566,Open,USD,10,PC-0028,265.7926,0.0,136.55
12371,PO-012371,VEND-0068,200,2026-06-20,2026-08-17,EMP-0571,Open,USD,10,RM-0019,263.8094,0.0,27.72
1427,PO-001427,VEND-0068,200,2026-06-20,2026-08-18,EMP-0607,Open,USD,10,PC-0019,99.5926,0.0,114.72
6701,PO-006701,VEND-0076,100,2026-06-26,2026-08-18,EMP-0601,Open,USD,10,RM-0075,481.6373,0.0,20.86
10666,PO-010666,VEND-0068,300,2026-06-21,2026-08-18,EMP-0606,Open,USD,10,PC-0019,432.4263,0.0,106.07
4996,PO-004996,VEND-0052,300,2026-06-27,2026-08-19,EMP-0576,Open,USD,10,PC-0087,258.0633,0.0,134.68
8961,PO-008961,VEND-0165,300,2026-06-22,2026-08-19,EMP-0581,Open,USD,10,RM-0068,836.372,0.0,15.23
14235,PO-014235,VEND-0016,100,2026-06-28,2026-08-19,EMP-0575,Open,USD,10,PC-0088,598.3132,0.0,127.65
3291,PO-003291,VEND-0110,200,2026-06-28,2026-08-20,EMP-0611,Open,USD,10,RM-0133,255.3326,0.0,18.89
7256,PO-007256,VEND-0154,200,2026-06-23,2026-08-20,EMP-0616,Open,USD,10,PC-0081,211.819,0.0,112.8
12530,PO-012530,VEND-0171,300,2026-06-29,2026-08-20,EMP-0610,Open,USD,10,RM-0133,156.1591,0.0,17.39
1586,PO-001586,VEND-0148,300,2026-06-29,2026-08-21,EMP-0586,Open,USD,10,RM-0039,312.5582,0.0,17.27
5551,PO-005551,VEND-0006,100,2026-06-24,2026-08-21,EMP-0591,Open,USD,10,RM-0125,80.5641,0.0,12.11
10825,PO-010825,VEND-0146,100,2026-06-30,2026-08-21,EMP-0585,Open,USD,10,RM-0040,367.2486,0.0,19.39
14790,PO-014790,VEND-0031,200,2026-06-25,2026-08-21,EMP-0590,Open,USD,10,RM-0125,374.1331,0.0,11.14
3846,PO-003846,VEND-0070,200,2026-06-25,2026-08-22,EMP-0566,Open,USD,10,RM-0033,702.6288,0.0,12.36
13085,PO-013085,VEND-0006,300,2026-06-26,2026-08-22,EMP-0565,Open,USD,10,RM-0033,225.0211,0.0,13.29
2141,PO-002141,VEND-0135,200,2026-06-26,2026-08-23,EMP-0601,Open,USD,10,PC-0038,101.8795,0.0,72.55
11380,PO-011380,VEND-0161,300,2026-06-27,2026-08-23,EMP-0600,Open,USD,10,PC-0038,484.2462,0.0,67.08
436,PO-000436,VEND-0167,300,2026-06-27,2026-08-24,EMP-0576,Open,USD,10,RM-0082,212.8347,0.0,28.32
9675,PO-009675,VEND-0136,200,2026-06-28,2026-08-24,EMP-0575,Open,USD,10,RM-0083,453.5331,0.0,26.87
7970,PO-007970,VEND-0111,300,2026-06-29,2026-08-25,EMP-0610,Open,USD,10,PC-0096,336.6097,0.0,57.51
6265,PO-006265,VEND-0086,100,2026-06-30,2026-08-26,EMP-0585,Open,USD,10,RM-0143,79.331,0.0,27.0
14354,PO-014354,VEND-0085,300,2026-06-29,2026-08-29,EMP-0574,Open,USD,10,PC-0048,309.269,0.0,98.68
12649,PO-012649,VEND-0104,300,2026-06-30,2026-08-30,EMP-0609,Open,USD,10,RM-0091,325.2771,0.0,32.76
