id,invoice_number,vendor_id,po_id,invoice_date,due_date,status,amount,open_amount,match_status,journal_id
2631,VI-0002631,VEND-0033,2891,2026-05-20,2026-06-19,Open,16398.76,16398.76,Matched,22552
5226,VI-0005226,VEND-0039,5746,2026-05-20,2026-06-19,Open,19076.02,19076.02,Matched,27663
5620,VI-0005620,VEND-0018,6182,2026-05-20,2026-06-19,Open,16761.91,16761.91,Matched,28438
7820,VI-0007820,VEND-0162,8601,2026-05-20,2026-06-19,Open,1904.6,1904.6,Matched,32763
2270,VI-0002270,VEND-0036,2495,2026-05-21,2026-06-20,Open,7027.37,7027.37,Matched,21844
5262,VI-0005262,VEND-0066,5786,2026-05-21,2026-06-20,Open,2615.41,2615.41,Matched,27733
7063,VI-0007063,VEND-0057,7769,2026-05-21,2026-06-20,Open,14349.64,14349.64,Matched,31276
4108,VI-0004108,VEND-0054,4518,2026-05-22,2026-06-21,Open,3201.3,3201.3,Matched,25464
4505,VI-0004505,VEND-0174,4954,2026-05-22,2026-06-21,Open,4264.75,4264.75,Matched,26246
4900,VI-0004900,VEND-0051,5390,2026-05-22,2026-06-21,Open,21245.45,21245.45,Matched,27021
5440,VI-0005440,VEND-0027,5983,2026-05-22,2026-06-21,Open,742.95,742.95,Matched,28083
6703,VI-0006703,VEND-0027,7373,2026-05-22,2026-06-21,Open,12909.68,12909.68,Matched,30569
10230,VI-0010230,VEND-0105,11257,2026-05-22,2026-06-21,Open,23361.46,23361.46,Matched,37511
288,VI-0000288,VEND-0048,313,2026-05-23,2026-06-22,Open,2626.64,2626.64,Matched,17945
4684,VI-0004684,VEND-0135,5151,2026-05-23,2026-06-22,Open,7414.76,7414.76,Matched,26597
5080,VI-0005080,VEND-0102,5587,2026-05-23,2026-06-22,Open,10817.87,10817.87,Matched,27374
7278,VI-0007278,VEND-0141,8006,2026-05-23,2026-06-22,Open,16692.44,16692.44,Matched,31698
6918,VI-0006918,VEND-0111,7610,2026-05-24,2026-06-23,Open,6233.7,6233.7,Matched,30992
9114,VI-0009114,VEND-0120,10029,2026-05-24,2026-06-23,Open,28575.34,28575.34,Matched,35312
6164,VI-0006164,VEND-0117,6778,2026-05-25,2026-06-24,Open,4160.24,4160.24,Matched,29508
7495,VI-0007495,VEND-0156,8243,2026-05-25,2026-06-24,Open,13425.12,13425.12,Matched,32123
9692,VI-0009692,VEND-0015,10662,2026-05-25,2026-06-24,Open,12396.11,12396.11,Matched,36450
12280,VI-0012280,VEND-0138,13517,2026-05-25,2026-06-24,Open,6815.6,6815.6,Matched,41544
2342,VI-0002342,VEND-0150,2573,2026-05-26,2026-06-25,Open,5440.13,5440.13,Matched,21986
3604,VI-0003604,VEND-0126,3963,2026-05-26,2026-06-25,Open,9649.26,9649.26,Matched,24470
8935,VI-0008935,VEND-0171,9830,2026-05-26,2026-06-25,Open,4615.04,4615.04,Matched,34961
11920,VI-0011920,VEND-0147,13121,2026-05-26,2026-06-25,Open,3622.7,3622.7,Matched,40835
11166,VI-0011166,VEND-0003,12289,2026-05-27,2026-06-26,Open,41988.22,41988.22,Matched,39352
11559,VI-0011559,VEND-0006,12725,2026-05-27,2026-06-26,Open,7178.38,7178.38,Matched,40126
6414,VI-0006414,VEND-0096,7055,2026-05-28,2026-06-27,Open,38791.27,38791.27,Matched,30001
8215,VI-0008215,VEND-0039,9038,2026-05-28,2026-06-27,Open,7912.16,7912.16,Matched,33542
10410,VI-0010410,VEND-0048,11457,2026-05-28,2026-06-27,Open,71840.09,71840.09,Matched,37865
1261,VI-0001261,VEND-0006,1385,2026-05-29,2026-06-28,Open,25569.48,25569.48,Matched,19858
3998,VI-0003998,VEND-0132,4397,2026-05-29,2026-06-28,Open,4872.97,4872.97,Matched,25248
5263,VI-0005263,VEND-0081,5787,2026-05-29,2026-06-28,Open,11881.96,11881.96,Matched,27734
8252,VI-0008252,VEND-0066,9078,2026-05-29,2026-06-28,Open,5831.61,5831.61,Matched,33615
13578,VI-0013578,VEND-0066,14945,2026-05-29,2026-06-28,Open,34026.61,34026.61,Matched,44098
8430,VI-0008430,VEND-0156,9275,2026-05-30,2026-06-29,Open,395.08,395.08,Matched,33965
10625,VI-0010625,VEND-0093,11694,2026-05-30,2026-06-29,Open,9115.27,9115.27,Matched,38289
2884,VI-0002884,VEND-0147,3169,2026-05-31,2026-06-30,Open,3407.34,3407.34,Matched,23050
3277,VI-0003277,VEND-0066,3605,2026-05-31,2026-06-30,Open,23930.21,23930.21,Matched,23826
8071,VI-0008071,VEND-0102,8879,2026-05-31,2026-06-30,Open,18826.92,18826.92,Matched,33257
12856,VI-0012856,VEND-0045,14153,2026-05-31,2026-06-30,Open,3595.81,3595.81,Matched,42676
7316,VI-0007316,VEND-0003,8047,2026-06-01,2026-07-01,Open,10347.47,10347.47,Matched,31772
7713,VI-0007713,VEND-0111,8483,2026-06-01,2026-07-01,Open,47322.74,47322.74,Matched,32553
10303,VI-0010303,VEND-0015,11338,2026-06-01,2026-07-01,Open,43166.81,43166.81,Matched,37654
12496,VI-0012496,VEND-0054,13757,2026-06-01,2026-07-01,Open,4428.88,4428.88,Matched,41968
12640,VI-0012640,VEND-0072,13914,2026-06-01,2026-07-01,Open,40581.96,40581.96,Matched,42251
3099,VI-0003099,VEND-0057,3406,2026-06-02,2026-07-02,Open,17419.71,17419.71,Matched,23475
3495,VI-0003495,VEND-0024,3842,2026-06-02,2026-07-02,Open,15105.19,15105.19,Matched,24256
5297,VI-0005297,VEND-0126,5825,2026-06-02,2026-07-02,Open,11873.67,11873.67,Matched,27801
5692,VI-0005692,VEND-0063,6261,2026-06-02,2026-07-02,Open,10013.06,10013.06,Matched,28579
7352,VI-0007352,VEND-0081,8087,2026-06-02,2026-07-02,Open,20399.5,20399.5,Matched,31843
10087,VI-0010087,VEND-0150,11099,2026-06-02,2026-07-02,Open,8534.18,8534.18,Matched,37229
12281,VI-0012281,VEND-0042,13518,2026-06-02,2026-07-02,Open,26612.53,26612.53,Matched,41545
13073,VI-0013073,VEND-0051,14390,2026-06-02,2026-07-02,Open,5623.73,5623.73,Matched,43104
144,VI-0000144,VEND-0036,155,2026-06-03,2026-07-03,Open,11245.36,11245.36,Matched,17661
540,VI-0000540,VEND-0021,591,2026-06-03,2026-07-03,Open,5630.3,5630.3,Matched,18439
1803,VI-0001803,VEND-0072,1981,2026-06-03,2026-07-03,Open,6618.7,6618.7,Matched,20925
4936,VI-0004936,VEND-0030,5429,2026-06-03,2026-07-03,Open,2585.89,2585.89,Matched,27091
1983,VI-0001983,VEND-0033,2178,2026-06-04,2026-07-04,Open,5010.85,5010.85,Matched,21278
2776,VI-0002776,VEND-0051,3050,2026-06-04,2026-07-04,Open,6834.29,6834.29,Matched,22838
3028,VI-0003028,VEND-0013,3327,2026-05-20,2026-07-04,Open,70838.35,70838.35,Matched,23334
4827,VI-0004827,VEND-0091,5310,2026-05-20,2026-07-04,Open,5914.8,5914.8,Matched,26880
4972,VI-0004972,VEND-0018,5469,2026-06-04,2026-07-04,Open,9307.41,9307.41,Matched,27162
9763,VI-0009763,VEND-0174,10743,2026-06-04,2026-07-04,Open,18773.94,18773.94,Matched,36589
11957,VI-0011957,VEND-0111,13162,2026-06-04,2026-07-04,Open,4663.64,4663.64,Matched,40907
12208,VI-0012208,VEND-0004,13439,2026-05-20,2026-07-04,Open,3352.65,3352.65,Matched,41402
12604,VI-0012604,VEND-0016,13875,2026-05-20,2026-07-04,Open,12401.54,12401.54,Matched,42181
2019,VI-0002019,VEND-0048,2218,2026-06-05,2026-07-05,Open,49942.08,49942.08,Matched,21349
7460,VI-0007460,VEND-0106,8205,2026-05-21,2026-07-05,Open,11254.88,11254.88,Matched,32055
7748,VI-0007748,VEND-0165,8521,2026-06-05,2026-07-05,Open,6174.5,6174.5,Matched,32622
9009,VI-0009009,VEND-0180,9911,2026-06-05,2026-07-05,Open,47826.2,47826.2,Matched,35105
11849,VI-0011849,VEND-0013,13043,2026-05-21,2026-07-05,Open,2043.99,2043.99,Matched,40696
12244,VI-0012244,VEND-0172,13479,2026-05-21,2026-07-05,Open,10676.32,10676.32,Matched,41473
251,VI-0000251,VEND-0151,273,2026-05-22,2026-07-06,Open,9926.66,9926.66,Matched,17873
647,VI-0000647,VEND-0154,709,2026-05-22,2026-07-06,Open,8340.22,8340.22,Matched,18652
1262,VI-0001262,VEND-0015,1386,2026-06-06,2026-07-06,Open,40636.5,40636.5,Matched,19859
2306,VI-0002306,VEND-0016,2535,2026-05-22,2026-07-06,Open,49524.39,49524.39,Matched,21915
3857,VI-0003857,VEND-0174,4241,2026-06-06,2026-07-06,Open,5904.46,5904.46,Matched,24970
4791,VI-0004791,VEND-0111,5270,2026-06-06,2026-07-06,Open,492.54,492.54,Matched,26809
5044,VI-0005044,VEND-0061,5547,2026-05-22,2026-07-06,Open,11107.26,11107.26,Matched,27303
7243,VI-0007243,VEND-0172,7966,2026-05-22,2026-07-06,Open,21910.46,21910.46,Matched,31630
8649,VI-0008649,VEND-0036,9515,2026-06-06,2026-07-06,Open,18003.51,18003.51,Matched,34396
12172,VI-0012172,VEND-0087,13399,2026-06-06,2026-07-06,Open,3718.28,3718.28,Matched,41331
1839,VI-0001839,VEND-0159,2019,2026-06-07,2026-07-07,Open,27088.56,27088.56,Matched,20996
4036,VI-0004036,VEND-0135,4438,2026-06-07,2026-07-07,Open,5271.42,5271.42,Matched,25322
6630,VI-0006630,VEND-0141,7293,2026-06-07,2026-07-07,Open,6253.02,6253.02,Matched,30425
9475,VI-0009475,VEND-0166,10425,2026-05-23,2026-07-07,Open,30986.79,30986.79,Matched,36022
9871,VI-0009871,VEND-0058,10861,2026-05-23,2026-07-07,Open,5261.27,5261.27,Matched,36802
13615,VI-0013615,VEND-0093,14986,2026-06-07,2026-07-07,Open,4434.97,4434.97,Matched,44170
4324,VI-0004324,VEND-0076,4755,2026-05-24,2026-07-08,Open,8955.98,8955.98,Matched,25890
4720,VI-0004720,VEND-0124,5191,2026-05-24,2026-07-08,Open,16447.9,16447.9,Matched,26668
1118,VI-0001118,VEND-0108,1227,2026-06-09,2026-07-09,Open,15898.6,15898.6,Matched,19577
1514,VI-0001514,VEND-0009,1663,2026-06-09,2026-07-09,Open,25411.54,25411.54,Matched,20357
2701,VI-0002701,VEND-0076,2969,2026-05-25,2026-07-09,Open,10803.12,10803.12,Matched,22690
3963,VI-0003963,VEND-0091,4359,2026-05-25,2026-07-09,Open,25686.49,25686.49,Matched,25179
5912,VI-0005912,VEND-0096,6501,2026-06-09,2026-07-09,Open,8793.55,8793.55,Matched,29011
7098,VI-0007098,VEND-0163,7807,2026-05-25,2026-07-09,Open,12644.67,12644.67,Matched,31344
8756,VI-0008756,VEND-0073,9633,2026-05-25,2026-07-09,Open,5735.75,5735.75,Matched,34607
9044,VI-0009044,VEND-0015,9949,2026-06-09,2026-07-09,Open,3563.45,3563.45,Matched,35174
9439,VI-0009439,VEND-0006,10385,2026-06-09,2026-07-09,Open,2679.69,2679.69,Matched,35952
11489,VI-0011489,VEND-0046,12645,2026-05-25,2026-07-09,Open,4029.29,4029.29,Matched,39989
11885,VI-0011885,VEND-0037,13081,2026-05-25,2026-07-09,Open,40496.08,40496.08,Matched,40767
12894,VI-0012894,VEND-0009,14194,2026-06-09,2026-07-09,Open,12918.25,12918.25,Matched,42750
13289,VI-0013289,VEND-0111,14630,2026-06-09,2026-07-09,Open,14231.47,14231.47,Matched,43528
1946,VI-0001946,VEND-0043,2137,2026-05-26,2026-07-10,Open,16827.22,16827.22,Matched,21207
3351,VI-0003351,VEND-0060,3686,2026-06-10,2026-07-10,Open,20631.03,20631.03,Quality Hold,23971
3892,VI-0003892,VEND-0042,4279,2026-06-10,2026-07-10,Open,21062.77,21062.77,Matched,25039
5801,VI-0005801,VEND-0178,6382,2026-05-26,2026-07-10,Open,3708.23,3708.23,Matched,28793
6091,VI-0006091,VEND-0057,6698,2026-06-10,2026-07-10,Open,460.98,460.98,Matched,29364
6342,VI-0006342,VEND-0136,6975,2026-05-26,2026-07-10,Open,10339.77,10339.77,Matched,29858
11131,VI-0011131,VEND-0118,12249,2026-05-26,2026-07-10,Open,17740.07,17740.07,Matched,39283
13074,VI-0013074,VEND-0150,14391,2026-06-10,2026-07-10,Open,5589.93,5589.93,Matched,43105
1190,VI-0001190,VEND-0046,1305,2026-05-27,2026-07-11,Open,25560.76,25560.76,Matched,19719
1584,VI-0001584,VEND-0052,1741,2026-05-27,2026-07-11,Open,10905.46,10905.46,Matched,20495
1982,VI-0001982,VEND-0031,2177,2026-05-27,2026-07-11,Open,9533.03,9533.03,Matched,21277
3135,VI-0003135,VEND-0087,3447,2026-06-11,2026-07-11,Open,4068.18,4068.18,Matched,23545
5982,VI-0005982,VEND-0139,6579,2026-05-27,2026-07-11,Open,1018.26,1018.26,Matched,29149
6775,VI-0006775,VEND-0007,7451,2026-05-27,2026-07-11,Open,43180.82,43180.82,Matched,30710
8719,VI-0008719,VEND-0117,9593,2026-06-11,2026-07-11,Open,14370.86,14370.86,Matched,34534
8971,VI-0008971,VEND-0151,9870,2026-05-27,2026-07-11,Open,18181.31,18181.31,Matched,35031
13110,VI-0013110,VEND-0165,14431,2026-06-11,2026-07-11,Open,35243.16,35243.16,Matched,43176
13506,VI-0013506,VEND-0099,14867,2026-06-11,2026-07-11,Open,6526.81,6526.81,Matched,43956
827,VI-0000827,VEND-0058,909,2026-05-28,2026-07-12,Open,4950.26,4950.26,Matched,19005
3568,VI-0003568,VEND-0111,3923,2026-06-12,2026-07-12,Open,13570.85,13570.85,Matched,24399
6018,VI-0006018,VEND-0013,6619,2026-05-28,2026-07-12,Open,45963.63,45963.63,Matched,29220
11739,VI-0011739,VEND-0091,12922,2026-05-28,2026-07-12,Open,9161.7,9161.7,Matched,40481
13146,VI-0013146,VEND-0108,14471,2026-06-12,2026-07-12,Open,3370.78,3370.78,Matched,43247
468,VI-0000468,VEND-0067,513,2026-05-29,2026-07-13,Open,4622.57,4622.57,Matched,18298
863,VI-0000863,VEND-0007,949,2026-05-29,2026-07-13,Open,6827.68,6827.68,Matched,19076
5010,VI-0005010,VEND-0171,5510,2026-06-13,2026-07-13,Open,16835.16,16835.16,Matched,27236
6055,VI-0006055,VEND-0136,6659,2026-05-29,2026-07-13,Open,4609.87,4609.87,Matched,29293
7857,VI-0007857,VEND-0100,8642,2026-05-29,2026-07-13,Open,4092.27,4092.27,Matched,32836
8791,VI-0008791,VEND-0133,9671,2026-05-29,2026-07-13,Open,3348.83,3348.83,Matched,34675
10447,VI-0010447,VEND-0145,11497,2026-05-29,2026-07-13,Open,1588.28,1588.28,Matched,37938
10986,VI-0010986,VEND-0031,12090,2026-05-29,2026-07-13,Open,780.11,780.11,Matched,39000
13181,VI-0013181,VEND-0040,14509,2026-05-29,2026-07-13,Open,7227.65,7227.65,Matched,43316
1045,VI-0001045,VEND-0148,1146,2026-05-30,2026-07-14,Open,13936.41,13936.41,Matched,19435
1442,VI-0001442,VEND-0115,1582,2026-05-30,2026-07-14,Open,19021.45,19021.45,Matched,20216
3640,VI-0003640,VEND-0154,4001,2026-05-30,2026-07-14,Open,6259.98,6259.98,Matched,24541
5585,VI-0005585,VEND-0084,6143,2026-06-14,2026-07-14,Open,2285.47,2285.47,Matched,28369
7784,VI-0007784,VEND-0027,8562,2026-06-14,2026-07-14,Open,7985.74,7985.74,Matched,32692
8036,VI-0008036,VEND-0061,8839,2026-05-30,2026-07-14,Open,6999.47,6999.47,Matched,33188
10374,VI-0010374,VEND-0033,11417,2026-06-14,2026-07-14,Open,6183.03,6183.03,Matched,37794
12821,VI-0012821,VEND-0115,14113,2026-05-30,2026-07-14,Open,17394.03,17394.03,Matched,42607
684,VI-0000684,VEND-0031,750,2026-05-31,2026-07-15,Open,5648.01,5648.01,Matched,18724
7424,VI-0007424,VEND-0102,8166,2026-06-15,2026-07-15,Open,27077.83,27077.83,Matched,31984
10661,VI-0010661,VEND-0094,11734,2026-05-31,2026-07-15,Open,687.72,687.72,Matched,38359
12460,VI-0012460,VEND-0124,13717,2026-05-31,2026-07-15,Open,24260.97,24260.97,Matched,41897
72,VI-0000072,VEND-0120,77,2026-06-16,2026-07-16,Open,26900.05,26900.05,Matched,17519
2919,VI-0002919,VEND-0109,3209,2026-06-01,2026-07-16,Open,400.57,400.57,Matched,23119
9657,VI-0009657,VEND-0066,10625,2026-06-16,2026-07-16,Open,19636.24,19636.24,Matched,36381
10842,VI-0010842,VEND-0055,11931,2026-06-01,2026-07-16,Open,12785.99,12785.99,Quality Hold,38714
12388,VI-0012388,VEND-0006,13637,2026-06-16,2026-07-16,Open,923.26,923.26,Matched,41755
360,VI-0000360,VEND-0073,394,2026-06-02,2026-07-17,Open,7704.56,7704.56,Matched,18086
648,VI-0000648,VEND-0051,710,2026-06-17,2026-07-17,Open,13568.6,13568.6,Matched,18653
899,VI-0000899,VEND-0055,987,2026-06-02,2026-07-17,Open,54866.93,54866.93,Matched,19146
4109,VI-0004109,VEND-0108,4519,2026-06-17,2026-07-17,Open,3684.94,3684.94,Matched,25465
4506,VI-0004506,VEND-0156,4955,2026-06-17,2026-07-17,Open,14744.82,14744.82,Matched,26247
6704,VI-0006704,VEND-0081,7374,2026-06-17,2026-07-17,Open,60214.18,60214.18,Matched,30570
6956,VI-0006956,VEND-0091,7651,2026-06-02,2026-07-17,Open,46281.48,46281.48,Matched,31066
9837,VI-0009837,VEND-0156,10822,2026-06-17,2026-07-17,Open,16018.69,16018.69,Matched,36735
10231,VI-0010231,VEND-0159,11258,2026-06-17,2026-07-17,Open,45162.58,45162.58,Matched,37512
10482,VI-0010482,VEND-0016,11535,2026-06-02,2026-07-17,Open,14242.21,14242.21,Matched,38006
12424,VI-0012424,VEND-0135,13677,2026-06-17,2026-07-17,Open,5644.21,5644.21,Quality Hold,41826
12677,VI-0012677,VEND-0169,13954,2026-06-02,2026-07-17,Open,8732.18,8732.18,Matched,42324
7279,VI-0007279,VEND-0156,8007,2026-06-18,2026-07-18,Open,3928.61,3928.61,Matched,31699
10122,VI-0010122,VEND-0178,11139,2026-06-03,2026-07-18,Open,1709.64,1709.64,Matched,37298
11668,VI-0011668,VEND-0126,12845,2026-06-18,2026-07-18,Open,8543.58,8543.58,Matched,40341
12316,VI-0012316,VEND-0037,13558,2026-06-03,2026-07-18,Open,5803.57,5803.57,Matched,41614
12712,VI-0012712,VEND-0016,13994,2026-06-03,2026-07-18,Open,4627.49,4627.49,Matched,42393
179,VI-0000179,VEND-0016,195,2026-06-04,2026-07-19,Open,9294.84,9294.84,Matched,17730
2128,VI-0002128,VEND-0003,2337,2026-06-19,2026-07-19,Open,39503.97,39503.97,Matched,21563
4577,VI-0004577,VEND-0052,5033,2026-06-04,2026-07-19,Open,5895.43,5895.43,Matched,26387
6523,VI-0006523,VEND-0036,7175,2026-06-19,2026-07-19,Open,6939.44,6939.44,Matched,30215
6919,VI-0006919,VEND-0024,7611,2026-06-19,2026-07-19,Open,3537.81,3537.81,Matched,30993
11310,VI-0011310,VEND-0111,12449,2026-06-19,2026-07-19,Open,15059.28,15059.28,Matched,39636
11560,VI-0011560,VEND-0004,12726,2026-06-04,2026-07-19,Open,1950.36,1950.36,Matched,40127
1370,VI-0001370,VEND-0126,1505,2026-06-20,2026-07-20,Open,67628.64,67628.64,Matched,20074
1621,VI-0001621,VEND-0094,1782,2026-06-05,2026-07-20,Open,751.77,751.77,Matched,20566
2667,VI-0002667,VEND-0035,2931,2026-05-21,2026-07-20,Open,43082.04,43082.04,Matched,22623
4468,VI-0004468,VEND-0032,4914,2026-05-21,2026-07-20,Open,942.96,942.96,Matched,26174
4613,VI-0004613,VEND-0079,5073,2026-06-05,2026-07-20,Open,11616.22,11616.22,Matched,26458
4864,VI-0004864,VEND-0071,5350,2026-05-21,2026-07-20,Open,5439.04,5439.04,Matched,26952
5798,VI-0005798,VEND-0146,6379,2026-05-21,2026-07-20,Open,3003.92,3003.92,Matched,28788
6165,VI-0006165,VEND-0171,6779,2026-06-20,2026-07-20,Open,14380.63,14380.63,Matched,29509
7998,VI-0007998,VEND-0110,8798,2026-05-21,2026-07-20,Open,2923.3,2923.3,Matched,33115
9153,VI-0009153,VEND-0051,10070,2026-06-20,2026-07-20,Open,6889.28,6889.28,Matched,35387
9296,VI-0009296,VEND-0135,10227,2026-06-20,2026-07-20,Open,7019.5,7019.5,Matched,35671
9404,VI-0009404,VEND-0157,10347,2026-06-05,2026-07-20,Open,9302.84,9302.84,Matched,35883
10194,VI-0010194,VEND-0053,11217,2026-05-21,2026-07-20,Open,4488.05,4488.05,Matched,37441
10589,VI-0010589,VEND-0122,11653,2026-05-21,2026-07-20,Open,11142.4,11142.4,Matched,38219
11203,VI-0011203,VEND-0091,12330,2026-06-05,2026-07-20,Open,17947.91,17947.91,Matched,39423
11596,VI-0011596,VEND-0172,12766,2026-06-05,2026-07-20,Open,19682.83,19682.83,Matched,40198
1657,VI-0001657,VEND-0031,1822,2026-06-06,2026-07-21,Open,74791.5,74791.5,Matched,20637
1910,VI-0001910,VEND-0002,2099,2026-05-22,2026-07-21,Open,8394.63,8394.63,Matched,21136
2055,VI-0002055,VEND-0145,2258,2026-06-06,2026-07-21,Open,10871.63,10871.63,Matched,21420
2595,VI-0002595,VEND-0097,2851,2026-06-06,2026-07-21,Open,6958.81,6958.81,Matched,22481
4253,VI-0004253,VEND-0154,4677,2026-06-06,2026-07-21,Open,50587.44,50587.44,Matched,25749
7640,VI-0007640,VEND-0119,8402,2026-05-22,2026-07-21,Open,2093.71,2093.71,Matched,32410
9836,VI-0009836,VEND-0128,10821,2026-05-22,2026-07-21,Open,24539.45,24539.45,Matched,36734
11524,VI-0011524,VEND-0087,12686,2026-06-21,2026-07-21,Open,9879.34,9879.34,Matched,40057
11777,VI-0011777,VEND-0133,12963,2026-06-06,2026-07-21,Open,13709.39,13709.39,Matched,40554
901,VI-0000901,VEND-0091,990,2026-06-07,2026-07-22,Open,32361.36,32361.36,Matched,19149
1585,VI-0001585,VEND-0093,1742,2026-06-22,2026-07-22,Open,8576.08,8576.08,Matched,20496
4432,VI-0004432,VEND-0115,4874,2026-06-07,2026-07-22,Open,42547.27,42547.27,Matched,26103
6881,VI-0006881,VEND-0131,7570,2026-05-23,2026-07-22,Open,3847.5,3847.5,Matched,30920
8972,VI-0008972,VEND-0126,9871,2026-06-22,2026-07-22,Open,1950.87,1950.87,Matched,35032
11167,VI-0011167,VEND-0111,12290,2026-06-22,2026-07-22,Open,18434.17,18434.17,Matched,39353
13361,VI-0013361,VEND-0033,14709,2026-06-22,2026-07-22,Open,16871.42,16871.42,Matched,43671
1478,VI-0001478,VEND-0112,1623,2026-06-08,2026-07-23,Open,1617.2,1617.2,Matched,20286
3677,VI-0003677,VEND-0016,4042,2026-06-08,2026-07-23,Open,5063.0,5063.0,Matched,24614
3821,VI-0003821,VEND-0045,4201,2026-06-23,2026-07-23,Open,3371.53,3371.53,Matched,24899
4072,VI-0004072,VEND-0124,4478,2026-06-08,2026-07-23,Open,5909.76,5909.76,Matched,25393
6272,VI-0006272,VEND-0022,6897,2026-06-08,2026-07-23,Open,17008.99,17008.99,Matched,29720
6522,VI-0006522,VEND-0134,7174,2026-05-24,2026-07-23,Open,10238.73,10238.73,Matched,30214
6667,VI-0006667,VEND-0028,7333,2026-06-08,2026-07-23,Open,3734.62,3734.62,Matched,30498
11740,VI-0011740,VEND-0132,12923,2026-06-23,2026-07-23,Open,3097.56,3097.56,Matched,40482
12639,VI-0012639,VEND-0005,13913,2026-05-24,2026-07-23,Open,36943.76,36943.76,Matched,42250
864,VI-0000864,VEND-0111,950,2026-06-24,2026-07-24,Open,1906.82,1906.82,Matched,19077
3713,VI-0003713,VEND-0094,4082,2026-06-09,2026-07-24,Open,37747.12,37747.12,Matched,24685
4360,VI-0004360,VEND-0056,4795,2026-05-25,2026-07-24,Open,30059.99,30059.99,Matched,25961
6308,VI-0006308,VEND-0076,6937,2026-06-09,2026-07-24,Open,30626.54,30626.54,Matched,29791
6449,VI-0006449,VEND-0163,7094,2026-06-09,2026-07-24,Open,6644.99,6644.99,Matched,30070
6559,VI-0006559,VEND-0083,7214,2026-05-25,2026-07-24,Open,8455.97,8455.97,Matched,30286
6846,VI-0006846,VEND-0151,7530,2026-06-09,2026-07-24,Open,24233.06,24233.06,Matched,30851
8253,VI-0008253,VEND-0081,9079,2026-06-24,2026-07-24,Open,5779.45,5779.45,Matched,33616
9152,VI-0009152,VEND-0089,10069,2026-05-25,2026-07-24,Open,2399.74,2399.74,Matched,35386
9295,VI-0009295,VEND-0068,10226,2026-05-25,2026-07-24,Open,21790.89,21790.89,Matched,35670
10699,VI-0010699,VEND-0076,11775,2026-06-09,2026-07-24,Open,35415.25,35415.25,Matched,38433
11096,VI-0011096,VEND-0019,12211,2026-06-09,2026-07-24,Open,8782.8,8782.8,Matched,39214
13434,VI-0013434,VEND-0076,14787,2026-06-09,2026-07-24,Open,11087.29,11087.29,Matched,43814
13542,VI-0013542,VEND-0176,14907,2026-05-25,2026-07-24,Open,15671.75,15671.75,Matched,44027
1046,VI-0001046,VEND-0150,1147,2026-06-25,2026-07-25,Open,8028.62,8028.62,Matched,19436
1154,VI-0001154,VEND-0070,1267,2026-06-10,2026-07-25,Open,2911.77,2911.77,Matched,19648
1443,VI-0001443,VEND-0156,1583,2026-06-25,2026-07-25,Open,13356.02,13356.02,Matched,20217
1549,VI-0001549,VEND-0122,1701,2026-05-26,2026-07-25,Open,10441.79,10441.79,Matched,20426
3496,VI-0003496,VEND-0052,3843,2026-06-10,2026-07-25,Open,123886.48,123886.48,Matched,24257
5550,VI-0005550,VEND-0166,6105,2026-06-10,2026-07-25,Open,16414.28,16414.28,Matched,28300
5838,VI-0005838,VEND-0024,6421,2026-06-25,2026-07-25,Open,30762.27,30762.27,Matched,28865
6738,VI-0006738,VEND-0044,7411,2026-05-26,2026-07-25,Open,1913.17,1913.17,Matched,30637
7134,VI-0007134,VEND-0011,7847,2026-05-26,2026-07-25,Open,39947.98,39947.98,Matched,31414
8288,VI-0008288,VEND-0034,9117,2026-06-10,2026-07-25,Open,8696.11,8696.11,Matched,33685
9330,VI-0009330,VEND-0050,10266,2026-05-26,2026-07-25,Open,4056.62,4056.62,Matched,35738
11023,VI-0011023,VEND-0048,12131,2026-06-25,2026-07-25,Open,2698.07,2698.07,Matched,39071
11523,VI-0011523,VEND-0026,12685,2026-05-26,2026-07-25,Open,23311.27,23311.27,Matched,40056
3928,VI-0003928,VEND-0037,4319,2026-06-11,2026-07-26,Open,14182.77,14182.77,Matched,25110
6127,VI-0006127,VEND-0007,6738,2026-06-11,2026-07-26,Open,12680.58,12680.58,Matched,29435
8324,VI-0008324,VEND-0124,9157,2026-06-11,2026-07-26,Open,24772.99,24772.99,Matched,33756
8574,VI-0008574,VEND-0017,9434,2026-05-27,2026-07-26,Open,11064.72,11064.72,Matched,34251
10662,VI-0010662,VEND-0096,11735,2026-06-26,2026-07-26,Open,7972.14,7972.14,Matched,38360
10770,VI-0010770,VEND-0026,11853,2026-05-27,2026-07-26,Open,32641.15,32641.15,Matched,38573
12713,VI-0012713,VEND-0136,13995,2026-06-11,2026-07-26,Open,9808.81,9808.81,Matched,42394
12857,VI-0012857,VEND-0099,14154,2026-06-26,2026-07-26,Open,8853.72,8853.72,Matched,42677
720,VI-0000720,VEND-0174,791,2026-06-27,2026-07-27,Open,17671.45,17671.45,Matched,18794
1225,VI-0001225,VEND-0026,1345,2026-05-28,2026-07-27,Open,5319.42,5319.42,Matched,19788
1620,VI-0001620,VEND-0092,1781,2026-05-28,2026-07-27,Open,7891.65,7891.65,Matched,20565
3171,VI-0003171,VEND-0004,3487,2026-06-12,2026-07-27,Open,3143.83,3143.83,Matched,23616
5370,VI-0005370,VEND-0013,5906,2026-06-12,2026-07-27,Open,24859.52,24859.52,Matched,27945
5514,VI-0005514,VEND-0006,6065,2026-06-27,2026-07-27,Open,1660.88,1660.88,Matched,28230
5621,VI-0005621,VEND-0020,6183,2026-05-28,2026-07-27,Open,13438.96,13438.96,Matched,28439
7568,VI-0007568,VEND-0046,8325,2026-06-12,2026-07-27,Open,8403.1,8403.1,Matched,32268
8361,VI-0008361,VEND-0139,9197,2026-06-12,2026-07-27,Open,9049.1,9049.1,Matched,33829
8611,VI-0008611,VEND-0005,9474,2026-05-28,2026-07-27,Open,16081.98,16081.98,Matched,34323
10806,VI-0010806,VEND-0149,11893,2026-05-28,2026-07-27,Open,3472.03,3472.03,Matched,38644
11202,VI-0011202,VEND-0011,12329,2026-05-28,2026-07-27,Open,7507.47,7507.47,Matched,39422
12497,VI-0012497,VEND-0108,13758,2026-06-27,2026-07-27,Open,1678.62,1678.62,Matched,41969
13038,VI-0013038,VEND-0060,14351,2026-06-27,2026-07-27,Open,2027.7,2027.7,Matched,43035
361,VI-0000361,VEND-0096,395,2026-06-28,2026-07-28,Open,8733.94,8733.94,Matched,18087
2415,VI-0002415,VEND-0136,2655,2026-06-13,2026-07-28,Open,22816.27,22816.27,Matched,22128
2813,VI-0002813,VEND-0013,3091,2026-06-13,2026-07-28,Open,2234.1,2234.1,Matched,22910
3207,VI-0003207,VEND-0172,3527,2026-06-13,2026-07-28,Open,10046.17,10046.17,Matched,23687
5406,VI-0005406,VEND-0136,5946,2026-06-13,2026-07-28,Open,6100.45,6100.45,Matched,28016
5549,VI-0005549,VEND-0154,6103,2026-06-13,2026-07-28,Open,24199.8,24199.8,Matched,28299
5657,VI-0005657,VEND-0035,6223,2026-05-29,2026-07-28,Open,34952.98,34952.98,Matched,28510
5947,VI-0005947,VEND-0118,6539,2026-06-13,2026-07-28,Open,3113.36,3113.36,Matched,29080
7209,VI-0007209,VEND-0100,7929,2026-06-13,2026-07-28,Open,5115.44,5115.44,Matched,31563
8001,VI-0008001,VEND-0148,8801,2026-06-13,2026-07-28,Open,15273.83,15273.83,Matched,33119
8395,VI-0008395,VEND-0176,9235,2026-05-29,2026-07-28,Open,3886.16,3886.16,Matched,33896
8539,VI-0008539,VEND-0100,9394,2026-06-13,2026-07-28,Open,6826.84,6826.84,Matched,34182
10052,VI-0010052,VEND-0044,11061,2026-05-29,2026-07-28,Open,18578.96,18578.96,Matched,37160
11382,VI-0011382,VEND-0152,12526,2026-05-29,2026-07-28,Open,9417.59,9417.59,Matched,39779
108,VI-0000108,VEND-0089,117,2026-05-30,2026-07-29,Open,2621.86,2621.86,Matched,17590
397,VI-0000397,VEND-0148,433,2026-06-14,2026-07-29,Open,2521.98,2521.98,Matched,18158
504,VI-0000504,VEND-0068,553,2026-05-30,2026-07-29,Open,7122.85,7122.85,Matched,18369
2056,VI-0002056,VEND-0019,2259,2026-06-14,2026-07-29,Open,9592.11,9592.11,Matched,21421
4901,VI-0004901,VEND-0002,5391,2026-05-30,2026-07-29,Open,18963.27,18963.27,Matched,27022
5190,VI-0005190,VEND-0163,5707,2026-06-14,2026-07-29,Open,60347.34,60347.34,Matched,27592
8179,VI-0008179,VEND-0109,8998,2026-06-14,2026-07-29,Open,11532.71,11532.71,Matched,33471
9979,VI-0009979,VEND-0106,10981,2026-06-14,2026-07-29,Open,7888.75,7888.75,Matched,37016
11022,VI-0011022,VEND-0011,12130,2026-05-30,2026-07-29,Open,5342.97,5342.97,Matched,39070
13216,VI-0013216,VEND-0092,14549,2026-05-30,2026-07-29,Open,16743.5,16743.5,Matched,43385
1081,VI-0001081,VEND-0137,1186,2026-05-31,2026-07-30,Open,55651.53,55651.53,Matched,19505
7027,VI-0007027,VEND-0051,7730,2026-06-30,2026-07-30,Open,3528.33,3528.33,Matched,31205
7676,VI-0007676,VEND-0122,8443,2026-05-31,2026-07-30,Open,1910.41,1910.41,Matched,32480
10266,VI-0010266,VEND-0128,11298,2026-05-31,2026-07-30,Open,16649.73,16649.73,Matched,37581
324,VI-0000324,VEND-0104,354,2026-06-01,2026-07-31,Open,28555.85,28555.85,Matched,18015
719,VI-0000719,VEND-0011,790,2026-06-01,2026-07-31,Open,3688.0,3688.0,Matched,18793
2523,VI-0002523,VEND-0143,2773,2026-06-01,2026-07-31,Open,6733.81,6733.81,Matched,22340
4865,VI-0004865,VEND-0115,5351,2026-06-16,2026-07-31,Open,3401.97,3401.97,Matched,26953
7064,VI-0007064,VEND-0031,7770,2026-06-16,2026-07-31,Open,26423.48,26423.48,Matched,31277
7999,VI-0007999,VEND-0151,8799,2026-06-16,2026-07-31,Open,4596.06,4596.06,Matched,33116
12102,VI-0012102,VEND-0107,13321,2026-06-01,2026-07-31,Open,48464.93,48464.93,Matched,41193
13037,VI-0013037,VEND-0071,14350,2026-06-01,2026-07-31,Open,6921.09,6921.09,Matched,43034
13433,VI-0013433,VEND-0074,14786,2026-06-01,2026-07-31,Open,2945.85,2945.85,Matched,43813
2164,VI-0002164,VEND-0011,2377,2026-06-02,2026-08-01,Open,8205.12,8205.12,Matched,21634
2450,VI-0002450,VEND-0070,2693,2026-06-17,2026-08-01,Open,3787.89,3787.89,Matched,22197
2559,VI-0002559,VEND-0170,2813,2026-06-02,2026-08-01,Open,9672.57,9672.57,Quality Hold,22411
2848,VI-0002848,VEND-0037,3129,2026-06-17,2026-08-01,Open,37952.01,37952.01,Matched,22979
7244,VI-0007244,VEND-0046,7967,2026-06-17,2026-08-01,Open,8827.82,8827.82,Matched,31631
7641,VI-0007641,VEND-0160,8403,2026-06-17,2026-08-01,Open,5041.5,5041.5,Matched,32411
9440,VI-0009440,VEND-0163,10386,2026-06-17,2026-08-01,Open,28094.11,28094.11,Matched,35953
9549,VI-0009549,VEND-0083,10506,2026-06-02,2026-08-01,Open,10898.48,10898.48,Matched,36167
11741,VI-0011741,VEND-0086,12925,2026-06-02,2026-08-01,Open,6803.29,6803.29,Matched,40483
2092,VI-0002092,VEND-0118,2297,2026-06-18,2026-08-02,Open,16640.8,16640.8,Matched,21492
2343,VI-0002343,VEND-0152,2574,2026-06-03,2026-08-02,Open,8856.04,8856.04,Matched,21987
2740,VI-0002740,VEND-0071,3010,2026-06-03,2026-08-02,Open,2753.48,2753.48,Matched,22767
3134,VI-0003134,VEND-0020,3446,2026-06-03,2026-08-02,Open,3661.74,3661.74,Matched,23544
9476,VI-0009476,VEND-0178,10426,2026-06-18,2026-08-02,Open,20203.86,20203.86,Matched,36023
9728,VI-0009728,VEND-0044,10703,2026-06-03,2026-08-02,Open,6064.99,6064.99,Matched,36520
9872,VI-0009872,VEND-0112,10862,2026-06-18,2026-08-02,Open,4673.5,4673.5,Matched,36803
11921,VI-0011921,VEND-0008,13122,2026-06-03,2026-08-02,Open,1455.71,1455.71,Matched,40836
2379,VI-0002379,VEND-0026,2614,2026-06-04,2026-08-03,Open,26568.4,26568.4,Matched,22058
9367,VI-0009367,VEND-0092,10307,2026-06-04,2026-08-03,Open,7713.91,7713.91,Matched,35810
9512,VI-0009512,VEND-0121,10466,2026-06-19,2026-08-03,Open,859.28,859.28,Matched,36094
11704,VI-0011704,VEND-0106,12885,2026-06-19,2026-08-03,Open,34168.4,34168.4,Matched,40412
12351,VI-0012351,VEND-0104,13598,2026-06-04,2026-08-03,Open,26619.61,26619.61,Matched,41683
2414,VI-0002414,VEND-0149,2654,2026-06-05,2026-08-04,Open,7997.65,7997.65,Matched,22127
4217,VI-0004217,VEND-0113,4637,2026-06-05,2026-08-04,Open,5432.05,5432.05,Matched,25678
6560,VI-0006560,VEND-0016,7215,2026-06-20,2026-08-04,Open,17300.42,17300.42,Matched,30287
11886,VI-0011886,VEND-0052,13082,2026-06-20,2026-08-04,Open,32993.39,32993.39,Matched,40768
12137,VI-0012137,VEND-0059,13359,2026-06-05,2026-08-04,Open,11369.92,11369.92,Matched,41262
12532,VI-0012532,VEND-0056,13795,2026-06-05,2026-08-04,Open,132190.79,132190.79,Matched,42038
1407,VI-0001407,VEND-0106,1545,2026-06-21,2026-08-05,Open,1735.01,1735.01,Matched,20147
4144,VI-0004144,VEND-0040,4557,2026-06-21,2026-08-05,Open,6771.95,6771.95,Matched,25534
4396,VI-0004396,VEND-0074,4834,2026-06-06,2026-08-05,Open,2768.58,2768.58,Matched,26032
5802,VI-0005802,VEND-0013,6383,2026-06-21,2026-08-05,Open,8837.87,8837.87,Matched,28794
6991,VI-0006991,VEND-0119,7689,2026-06-06,2026-08-05,Open,6073.8,6073.8,Matched,31135
7387,VI-0007387,VEND-0146,8125,2026-06-06,2026-08-05,Open,6368.71,6368.71,Matched,31912
8936,VI-0008936,VEND-0118,9831,2026-06-21,2026-08-05,Open,19779.29,19779.29,Matched,34962
2234,VI-0002234,VEND-0056,2455,2026-06-07,2026-08-06,Open,4292.81,4292.81,Matched,21773
3784,VI-0003784,VEND-0115,4161,2026-06-22,2026-08-06,Open,19029.82,19029.82,Matched,24826
7026,VI-0007026,VEND-0107,7729,2026-06-07,2026-08-06,Open,18407.83,18407.83,Matched,31204
8575,VI-0008575,VEND-0076,9435,2026-06-22,2026-08-06,Open,3044.19,3044.19,Matched,34252
11418,VI-0011418,VEND-0041,12567,2026-06-07,2026-08-06,Open,30895.74,30895.74,Matched,39849
11812,VI-0011812,VEND-0083,13003,2026-06-07,2026-08-06,Open,1457.75,1457.75,Matched,40623
1874,VI-0001874,VEND-0128,2059,2026-06-08,2026-08-07,Open,8313.84,8313.84,Matched,21065
3424,VI-0003424,VEND-0166,3765,2026-06-23,2026-08-07,Open,22824.97,22824.97,Matched,24116
11059,VI-0011059,VEND-0089,12171,2026-06-08,2026-08-07,Open,19371.7,19371.7,Matched,39142
11454,VI-0011454,VEND-0053,12607,2026-06-08,2026-08-07,Open,24315.33,24315.33,Matched,39920
13002,VI-0013002,VEND-0094,14313,2026-06-23,2026-08-07,Open,7209.74,7209.74,Matched,42965
13253,VI-0013253,VEND-0131,14590,2026-06-08,2026-08-07,Open,23490.64,23490.64,Matched,43457
1801,VI-0001801,VEND-0055,1979,2026-06-24,2026-08-08,Open,12023.69,12023.69,Matched,20922
3314,VI-0003314,VEND-0104,3646,2026-06-09,2026-08-08,Open,25045.22,25045.22,Matched,23898
4648,VI-0004648,VEND-0173,5111,2026-06-09,2026-08-08,Open,868.28,868.28,Matched,26526
6200,VI-0006200,VEND-0169,6817,2026-06-24,2026-08-08,Open,4897.93,4897.93,Matched,29578
8648,VI-0008648,VEND-0068,9513,2026-06-09,2026-08-08,Open,10851.61,10851.61,Matched,34395
10448,VI-0010448,VEND-0019,11498,2026-06-24,2026-08-08,Open,1727.49,1727.49,Matched,37939
10987,VI-0010987,VEND-0151,12091,2026-06-24,2026-08-08,Open,10213.54,10213.54,Matched,39001
11383,VI-0011383,VEND-0154,12527,2026-06-24,2026-08-08,Open,8559.86,8559.86,Matched,39780
13579,VI-0013579,VEND-0163,14946,2026-06-24,2026-08-08,Open,6485.02,6485.02,Matched,44099
756,VI-0000756,VEND-0104,831,2026-06-10,2026-08-09,Open,12087.3,12087.3,Matched,18865
2957,VI-0002957,VEND-0131,3250,2026-06-10,2026-08-09,Open,11397.84,11397.84,Matched,23193
6486,VI-0006486,VEND-0011,7134,2026-06-10,2026-08-09,Open,22395.84,22395.84,Matched,30143
8684,VI-0008684,VEND-0050,9553,2026-06-10,2026-08-09,Open,8601.84,8601.84,Matched,34465
9079,VI-0009079,VEND-0029,9989,2026-06-10,2026-08-09,Open,10940.33,10940.33,Matched,35243
13217,VI-0013217,VEND-0151,14550,2026-06-25,2026-08-09,Open,60429.41,60429.41,Quality Hold,43386
13470,VI-0013470,VEND-0143,14827,2026-06-10,2026-08-09,Open,4530.98,4530.98,Matched,43885
1082,VI-0001082,VEND-0178,1187,2026-06-26,2026-08-10,Open,1868.95,1868.95,Matched,19506
3278,VI-0003278,VEND-0037,3606,2026-06-26,2026-08-10,Open,5441.4,5441.4,Matched,23827
3532,VI-0003532,VEND-0008,3883,2026-06-11,2026-08-10,Open,4962.11,4962.11,Matched,24328
7927,VI-0007927,VEND-0017,8721,2026-06-11,2026-08-10,Open,1385.5,1385.5,Matched,32975
2777,VI-0002777,VEND-0083,3051,2026-06-12,2026-08-11,Open,1371.54,1371.54,Matched,22839
2920,VI-0002920,VEND-0151,3210,2026-06-27,2026-08-11,Open,5099.28,5099.28,Matched,23120
5765,VI-0005765,VEND-0170,6342,2026-06-12,2026-08-11,Open,10632.84,10632.84,Matched,28723
7964,VI-0007964,VEND-0005,8761,2026-06-12,2026-08-11,Open,9054.12,9054.12,Matched,33048
11094,VI-0011094,VEND-0104,12209,2026-06-12,2026-08-11,Open,1552.58,1552.58,Matched,39211
12352,VI-0012352,VEND-0092,13599,2026-06-12,2026-08-11,Open,8096.97,8096.97,Matched,41684
12749,VI-0012749,VEND-0116,14035,2026-06-12,2026-08-11,Open,5557.61,5557.61,Matched,42465
2560,VI-0002560,VEND-0172,2814,2026-06-28,2026-08-12,Open,18530.85,18530.85,Matched,22412
5155,VI-0005155,VEND-0178,5669,2026-06-28,2026-08-12,Open,8903.87,8903.87,Matched,27523
5693,VI-0005693,VEND-0091,6262,2026-06-28,2026-08-12,Open,24225.61,24225.61,Matched,28580
7606,VI-0007606,VEND-0026,8365,2026-06-13,2026-08-12,Open,7881.11,7881.11,Matched,32343
8144,VI-0008144,VEND-0146,8958,2026-06-13,2026-08-12,Open,12798.91,12798.91,Matched,33402
10339,VI-0010339,VEND-0110,11377,2026-06-13,2026-08-12,Open,4567.9,4567.9,Matched,37725
10735,VI-0010735,VEND-0152,11813,2026-06-13,2026-08-12,Open,8483.31,8483.31,Matched,38504
11994,VI-0011994,VEND-0167,13203,2026-06-13,2026-08-12,Open,26257.92,26257.92,Matched,40980
792,VI-0000792,VEND-0128,869,2026-06-14,2026-08-13,Open,23012.09,23012.09,Matched,18936
2451,VI-0002451,VEND-0116,2695,2026-06-14,2026-08-13,Open,7313.49,7313.49,Matched,22198
5333,VI-0005333,VEND-0139,5866,2026-06-29,2026-08-13,Open,9664.78,9664.78,Matched,27872
36,VI-0000036,VEND-0029,37,2026-06-15,2026-08-14,Open,10263.75,10263.75,Matched,17448
432,VI-0000432,VEND-0137,473,2026-06-15,2026-08-14,Open,33872.7,33872.7,Matched,18227
4614,VI-0004614,VEND-0094,5074,2026-06-30,2026-08-14,Open,10834.49,10834.49,Matched,26459
4828,VI-0004828,VEND-0146,5311,2026-06-15,2026-08-14,Open,31056.49,31056.49,Matched,26881
5227,VI-0005227,VEND-0080,5747,2026-06-15,2026-08-14,Open,6862.33,6862.33,Matched,27664
7388,VI-0007388,VEND-0061,8126,2026-06-30,2026-08-14,Open,8617.03,8617.03,Matched,31913
9620,VI-0009620,VEND-0086,10585,2026-06-15,2026-08-14,Open,2654.27,2654.27,Matched,36308
10015,VI-0010015,VEND-0107,11021,2026-06-15,2026-08-14,Open,4813.84,4813.84,Matched,37087
4469,VI-0004469,VEND-0176,4915,2026-06-16,2026-08-15,Open,6119.44,6119.44,Matched,26175
7461,VI-0007461,VEND-0032,8206,2026-06-16,2026-08-15,Open,3045.74,3045.74,Matched,32056
10195,VI-0010195,VEND-0068,11218,2026-06-16,2026-08-15,Open,6093.79,6093.79,Matched,37442
10590,VI-0010590,VEND-0176,11654,2026-06-16,2026-08-15,Open,18693.02,18693.02,Matched,38220
12785,VI-0012785,VEND-0074,14073,2026-06-16,2026-08-15,Open,11521.58,11521.58,Matched,42536
252,VI-0000252,VEND-0068,274,2026-06-17,2026-08-16,Open,20432.99,20432.99,Matched,17874
7100,VI-0007100,VEND-0011,7810,2026-06-17,2026-08-16,Open,15133.13,15133.13,Matched,31347
8901,VI-0008901,VEND-0083,9793,2026-06-17,2026-08-16,Open,1707.46,1707.46,Matched,34894
12030,VI-0012030,VEND-0002,13241,2026-06-17,2026-08-16,Open,8699.54,8699.54,Matched,41051
289,VI-0000289,VEND-0050,314,2026-06-18,2026-08-17,Open,3816.66,3816.66,Matched,17946
2487,VI-0002487,VEND-0020,2733,2026-06-18,2026-08-17,Open,25503.06,25503.06,Matched,22269
6882,VI-0006882,VEND-0029,7571,2026-06-18,2026-08-17,Open,27597.35,27597.35,Matched,30921
12066,VI-0012066,VEND-0029,13281,2026-06-18,2026-08-17,Open,17356.6,17356.6,Matched,41122
1730,VI-0001730,VEND-0026,1901,2026-06-19,2026-08-18,Open,35681.79,35681.79,Matched,20782
9115,VI-0009115,VEND-0071,10030,2026-06-19,2026-08-18,Open,36672.12,36672.12,Matched,35313
1766,VI-0001766,VEND-0149,1941,2026-06-20,2026-08-19,Open,3257.87,3257.87,Matched,20853
4899,VI-0004899,VEND-0113,5389,2026-06-20,2026-08-19,Open,39977.26,39977.26,Matched,27020
8757,VI-0008757,VEND-0170,9634,2026-06-20,2026-08-19,Open,23503.0,23503.0,Matched,34608
9693,VI-0009693,VEND-0056,10663,2026-06-20,2026-08-19,Open,23304.61,23304.61,Matched,36451
10951,VI-0010951,VEND-0005,12053,2026-06-20,2026-08-19,Open,23810.46,23810.46,Matched,38931
1010,VI-0001010,VEND-0044,1109,2026-06-21,2026-08-20,Open,17442.29,17442.29,Matched,19366
1947,VI-0001947,VEND-0110,2138,2026-06-21,2026-08-20,Open,853.63,853.63,Matched,21208
4541,VI-0004541,VEND-0122,4993,2026-06-21,2026-08-20,Open,37253.95,37253.95,Matched,26316
9331,VI-0009331,VEND-0065,10267,2026-06-21,2026-08-20,Open,14452.04,14452.04,Matched,35739
4181,VI-0004181,VEND-0092,4597,2026-06-22,2026-08-21,Open,15745.89,15745.89,Matched,25607
1226,VI-0001226,VEND-0128,1346,2026-06-23,2026-08-22,Open,15620.92,15620.92,Matched,19789
8612,VI-0008612,VEND-0056,9475,2026-06-23,2026-08-22,Open,6915.47,6915.47,Matched,34324
10807,VI-0010807,VEND-0053,11894,2026-06-23,2026-08-22,Open,3426.58,3426.58,Matched,38645
13398,VI-0013398,VEND-0035,14749,2026-06-23,2026-08-22,Open,44253.12,44253.12,Matched,43744
3461,VI-0003461,VEND-0146,3805,2026-06-24,2026-08-23,Open,4840.44,4840.44,Matched,24189
3999,VI-0003999,VEND-0173,4398,2026-06-24,2026-08-23,Open,7575.26,7575.26,Matched,25249
6595,VI-0006595,VEND-0005,7253,2026-06-24,2026-08-23,Open,35627.46,35627.46,Matched,30356
505,VI-0000505,VEND-0083,554,2026-06-25,2026-08-24,Open,11948.73,11948.73,Matched,18370
6235,VI-0006235,VEND-0125,6857,2026-06-25,2026-08-24,Open,8237.0,8237.0,Matched,29647
10626,VI-0010626,VEND-0116,11695,2026-06-25,2026-08-24,Open,17764.08,17764.08,Matched,38290
5875,VI-0005875,VEND-0134,6461,2026-06-26,2026-08-25,Open,4226.9,4226.9,Matched,28938
4973,VI-0004973,VEND-0011,5470,2026-06-30,2026-08-29,Open,6915.4,6915.4,Matched,27163
7749,VI-0007749,VEND-0167,8522,2026-06-30,2026-08-29,Open,5710.36,5710.36,Matched,32623
