id,order_number,item_id,site_code,bom_id,routing_id,source_type,source_reference,created_date,scheduled_start,scheduled_finish,actual_start,actual_finish,order_quantity,completed_quantity,scrapped_quantity,status,standard_unit_cost,actual_material_cost,actual_labor_cost,actual_variable_overhead,actual_fixed_overhead,actual_outside_processing
1231,MO-001231,SA-0048,100,48,48,Master Planning,,2026-05-21,2026-05-23,2026-06-18,2026-05-24,,35.0,12.25,0.175,Started,402.94,7192.4,472.75,177.82,270.07,0.0
3587,MO-003587,SA-0070,200,70,70,Master Planning,,2026-06-10,2026-06-12,2026-06-18,2026-06-13,2026-06-21,8.0,6.24,0.04,Reported Finished,500.15,3307.75,285.37,97.93,148.34,0.0
5943,MO-005943,SA-0092,300,92,92,Master Planning,,2026-06-08,2026-06-10,2026-06-18,,,35.0,0.0,0.0,Released,244.64,0.0,0.0,0.0,0.0,0.0
8299,MO-008299,DRV-0014,200,114,114,Master Planning,,2026-06-06,2026-06-08,2026-06-18,2026-06-09,,8.0,2.8,0.04,Started,976.84,7199.14,147.75,54.72,83.09,0.0
10655,MO-010655,DRV-0036,200,136,136,Master Planning,,2026-06-04,2026-06-06,2026-06-18,2026-06-07,2026-06-21,35.0,27.3,0.175,Reported Finished,1497.19,47850.89,810.97,311.19,472.66,0.0
13011,MO-013011,DRV-0058,200,158,158,Master Planning,,2026-06-02,2026-06-04,2026-06-18,,,8.0,0.0,0.0,Released,2026.68,0.0,0.0,0.0,0.0,0.0
15367,MO-015367,ACT-0020,200,180,180,Master Planning,,2026-05-31,2026-06-02,2026-06-18,2026-06-03,,35.0,12.25,0.175,Started,626.2,20586.45,264.43,96.89,147.19,0.0
17723,MO-017723,ACT-0042,200,202,202,Master Planning,,2026-05-29,2026-05-31,2026-06-18,2026-06-01,2026-06-21,8.0,6.24,0.04,Reported Finished,643.47,2730.23,444.76,155.56,235.9,0.0
20079,MO-020079,CTL-0004,300,224,224,Master Planning,,2026-05-27,2026-05-29,2026-06-18,,,35.0,0.0,0.0,Released,1388.27,0.0,0.0,0.0,0.0,0.0
22435,MO-022435,CTL-0026,300,246,246,Master Planning,,2026-05-25,2026-05-27,2026-06-18,2026-05-28,,8.0,2.8,0.04,Started,1044.37,8224.82,83.49,29.36,44.49,0.0
24791,MO-024791,SYS-0008,300,268,268,Master Planning,,2026-05-23,2026-05-25,2026-06-18,2026-05-26,2026-06-21,35.0,27.3,0.175,Reported Finished,218.01,5466.08,920.63,306.63,464.53,0.0
27147,MO-027147,SYS-0030,300,290,290,Master Planning,,2026-05-21,2026-05-23,2026-06-18,,,8.0,0.0,0.0,Released,3308.84,0.0,0.0,0.0,0.0,0.0
29503,MO-029503,AFT-0022,100,312,312,Master Planning,,2026-06-10,2026-06-12,2026-06-18,2026-06-13,,35.0,12.25,0.175,Started,225.37,7020.98,176.38,66.34,100.78,0.0
642,MO-000642,AFT-0015,300,305,305,Master Planning,,2026-06-07,2026-06-09,2026-06-19,,,7.0,0.0,0.0,Released,1124.21,0.0,0.0,0.0,0.0,0.0
2998,MO-002998,AFT-0037,100,327,327,Master Planning,,2026-06-05,2026-06-07,2026-06-19,2026-06-08,,28.0,9.8,0.14,Started,3077.36,80802.27,514.78,183.63,278.62,159.7
5354,MO-005354,AFT-0059,100,349,349,Master Planning,,2026-06-03,2026-06-05,2026-06-19,2026-06-06,2026-06-21,7.0,5.46,0.035,Reported Finished,270.09,1472.86,202.42,80.42,122.29,104.74
7710,MO-007710,SA-0021,100,21,21,Master Planning,,2026-06-01,2026-06-03,2026-06-19,,,28.0,0.0,0.0,Released,945.03,0.0,0.0,0.0,0.0,0.0
10066,MO-010066,SA-0043,200,43,43,Master Planning,,2026-05-30,2026-06-01,2026-06-19,2026-06-02,,7.0,2.45,0.035,Started,446.73,2085.06,178.66,67.71,102.93,83.0
12422,MO-012422,SA-0065,300,65,65,Master Planning,,2026-05-28,2026-05-30,2026-06-19,2026-05-31,2026-06-21,28.0,21.84,0.14,Reported Finished,702.54,18649.57,389.68,141.55,214.91,319.93
14778,MO-014778,SA-0087,100,87,87,Master Planning,,2026-05-26,2026-05-28,2026-06-19,,,7.0,0.0,0.0,Released,445.45,0.0,0.0,0.0,0.0,0.0
17134,MO-017134,DRV-0009,100,109,109,Master Planning,,2026-05-24,2026-05-26,2026-06-19,2026-05-27,,28.0,9.8,0.14,Started,304.81,6114.56,408.01,151.86,230.56,158.5
19490,MO-019490,DRV-0031,100,131,131,Master Planning,,2026-05-22,2026-05-24,2026-06-19,2026-05-25,2026-06-21,7.0,5.46,0.035,Reported Finished,1392.99,9038.13,304.56,116.18,176.6,168.18
21846,MO-021846,DRV-0053,100,153,153,Master Planning,,2026-06-11,2026-06-13,2026-06-19,,,28.0,0.0,0.0,Released,2495.93,0.0,0.0,0.0,0.0,0.0
24202,MO-024202,ACT-0015,100,175,175,Master Planning,,2026-06-09,2026-06-11,2026-06-19,2026-06-12,,7.0,2.45,0.035,Started,1074.85,6673.83,183.63,65.2,98.92,43.9
26558,MO-026558,ACT-0037,100,197,197,Master Planning,,2026-06-07,2026-06-09,2026-06-19,2026-06-10,2026-06-21,28.0,21.84,0.14,Reported Finished,3791.35,104827.4,532.57,200.96,305.12,319.11
28914,MO-028914,ACT-0059,100,219,219,Master Planning,,2026-06-05,2026-06-07,2026-06-19,,,7.0,0.0,0.0,Released,860.79,0.0,0.0,0.0,0.0,0.0
53,MO-000053,ACT-0052,200,212,212,Master Planning,,2026-06-02,2026-06-04,2026-06-20,2026-06-05,2026-06-21,18.0,14.04,0.09,Reported Finished,646.55,11126.51,297.83,106.98,162.1,0.0
535,MO-000535,ACT-0036,200,196,196,Master Planning,,2026-06-06,2026-06-08,2026-06-20,2026-06-09,,35.0,12.25,0.175,Started,207.2,5553.67,180.18,60.03,90.91,0.0
2409,MO-002409,CTL-0014,300,234,234,Master Planning,,2026-05-31,2026-06-02,2026-06-20,,,4.0,0.0,0.0,Released,376.33,0.0,0.0,0.0,0.0,0.0
2891,MO-002891,ACT-0058,200,218,218,Master Planning,,2026-06-04,2026-06-06,2026-06-20,2026-06-07,2026-06-23,8.0,6.24,0.04,Reported Finished,360.6,2385.43,239.98,88.91,135.06,0.0
4765,MO-004765,CTL-0036,300,256,256,Master Planning,,2026-05-29,2026-05-31,2026-06-20,2026-06-01,,18.0,6.3,0.09,Started,3755.26,64919.31,280.72,101.35,153.93,0.0
5247,MO-005247,CTL-0020,300,240,240,Master Planning,,2026-06-02,2026-06-04,2026-06-20,,,35.0,0.0,0.0,Released,687.11,0.0,0.0,0.0,0.0,0.0
7121,MO-007121,SYS-0018,300,278,278,Master Planning,,2026-05-27,2026-05-29,2026-06-20,2026-05-30,2026-06-21,4.0,3.12,0.02,Reported Finished,631.39,1537.47,229.31,77.49,117.37,0.0
7603,MO-007603,SYS-0002,300,262,262,Master Planning,,2026-05-31,2026-06-02,2026-06-20,2026-06-03,,8.0,2.8,0.04,Started,1223.7,9255.96,145.94,50.92,77.12,0.0
9477,MO-009477,AFT-0010,100,300,300,Master Planning,,2026-05-25,2026-05-27,2026-06-20,,,18.0,0.0,0.0,Released,221.84,0.0,0.0,0.0,0.0,0.0
9959,MO-009959,SYS-0024,300,284,284,Master Planning,,2026-05-29,2026-05-31,2026-06-20,2026-06-01,2026-06-23,35.0,27.3,0.175,Reported Finished,5743.43,201378.27,540.92,198.71,302.0,0.0
11833,MO-011833,AFT-0032,100,322,322,Master Planning,,2026-05-23,2026-05-25,2026-06-20,2026-05-26,,4.0,1.4,0.02,Started,665.09,2475.32,71.99,26.83,40.75,0.0
12315,MO-012315,AFT-0016,100,306,306,Master Planning,,2026-05-27,2026-05-29,2026-06-20,,,8.0,0.0,0.0,Released,1691.61,0.0,0.0,0.0,0.0,0.0
14189,MO-014189,AFT-0054,300,344,344,Master Planning,,2026-05-21,2026-05-23,2026-06-20,2026-05-24,2026-06-21,18.0,14.04,0.09,Reported Finished,278.71,3130.52,394.35,141.01,214.17,0.0
14671,MO-014671,AFT-0038,100,328,328,Master Planning,,2026-05-25,2026-05-27,2026-06-20,2026-05-28,,35.0,12.25,0.175,Started,1359.57,44542.53,303.55,113.37,172.18,0.0
16545,MO-016545,SA-0016,200,16,16,Master Planning,,2026-06-10,2026-06-12,2026-06-20,,,4.0,0.0,0.0,Released,205.71,0.0,0.0,0.0,0.0,0.0
17027,MO-017027,AFT-0060,300,350,350,Master Planning,,2026-05-23,2026-05-25,2026-06-20,2026-05-26,2026-06-23,8.0,6.24,0.04,Reported Finished,381.83,2495.49,118.5,41.59,63.01,0.0
18901,MO-018901,SA-0038,300,38,38,Master Planning,,2026-06-08,2026-06-10,2026-06-20,2026-06-11,,18.0,6.3,0.09,Started,1035.96,17741.58,173.79,59.52,90.16,0.0
19383,MO-019383,SA-0022,200,22,22,Master Planning,,2026-06-12,2026-06-14,2026-06-20,,,35.0,0.0,0.0,Released,935.46,0.0,0.0,0.0,0.0,0.0
21257,MO-021257,SA-0060,100,60,60,Master Planning,,2026-06-06,2026-06-08,2026-06-20,2026-06-09,2026-06-21,4.0,3.12,0.02,Reported Finished,347.63,826.95,140.29,50.13,75.95,0.0
21739,MO-021739,SA-0044,300,44,44,Master Planning,,2026-06-10,2026-06-12,2026-06-20,2026-06-13,,8.0,2.8,0.04,Started,239.64,1593.67,98.05,32.97,49.95,0.0
23613,MO-023613,SA-0082,200,82,82,Master Planning,,2026-06-04,2026-06-06,2026-06-20,,,18.0,0.0,0.0,Released,995.11,0.0,0.0,0.0,0.0,0.0
24095,MO-024095,SA-0066,100,66,66,Master Planning,,2026-06-08,2026-06-10,2026-06-20,2026-06-11,2026-06-23,35.0,27.3,0.175,Reported Finished,1091.36,31483.22,817.16,284.09,430.77,0.0
25969,MO-025969,DRV-0004,200,104,104,Master Planning,,2026-06-02,2026-06-04,2026-06-20,2026-06-05,,4.0,1.4,0.02,Started,766.25,2933.95,81.13,29.23,44.39,0.0
26451,MO-026451,SA-0088,200,88,88,Master Planning,,2026-06-06,2026-06-08,2026-06-20,,,8.0,0.0,0.0,Released,228.01,0.0,0.0,0.0,0.0,0.0
28325,MO-028325,DRV-0026,200,126,126,Master Planning,,2026-05-31,2026-06-02,2026-06-20,2026-06-03,2026-06-21,18.0,14.04,0.09,Reported Finished,638.78,10411.49,516.45,173.32,262.37,0.0
28807,MO-028807,DRV-0010,200,110,110,Master Planning,,2026-06-04,2026-06-06,2026-06-20,2026-06-07,,35.0,12.25,0.175,Started,364.42,9717.51,641.91,222.83,337.47,0.0
1820,MO-001820,DRV-0041,100,141,141,Sales Order,SO-000606,2026-05-26,2026-05-28,2026-06-21,2026-05-29,2026-06-21,14.0,10.92,0.07,Reported Finished,271.46,2927.77,274.37,107.24,163.16,205.87
2195,MO-002195,SA-0016,200,16,16,Master Planning,,2026-05-28,2026-05-30,2026-06-21,2026-05-31,2026-06-24,8.0,6.24,0.04,Reported Finished,205.71,1387.45,151.47,58.17,88.36,0.0
2302,MO-002302,DRV-0025,100,125,125,Master Planning,,2026-05-30,2026-06-01,2026-06-21,2026-06-02,,28.0,9.8,0.14,Started,2240.86,59739.37,538.25,200.79,304.89,169.34
4176,MO-004176,ACT-0003,100,163,163,Sales Order,SO-001392,2026-05-24,2026-05-26,2026-06-21,,,3.0,0.0,0.0,Released,1998.3,0.0,0.0,0.0,0.0,0.0
4551,MO-004551,SA-0038,300,38,38,Master Planning,,2026-05-26,2026-05-28,2026-06-21,,,35.0,0.0,0.0,Released,1035.96,0.0,0.0,0.0,0.0,0.0
4658,MO-004658,DRV-0047,100,147,147,Master Planning,,2026-05-28,2026-05-30,2026-06-21,2026-05-31,2026-06-23,7.0,5.46,0.035,Reported Finished,3735.12,25481.46,324.26,123.27,187.36,182.73
6532,MO-006532,ACT-0025,100,185,185,Sales Order,SO-002177,2026-05-22,2026-05-24,2026-06-21,2026-05-25,,14.0,4.9,0.07,Started,2796.19,38437.83,179.75,67.11,101.89,77.14
6907,MO-006907,SA-0060,100,60,60,Master Planning,,2026-05-24,2026-05-26,2026-06-21,2026-05-27,,8.0,2.8,0.04,Started,347.63,1679.65,131.64,44.35,67.19,0.0
7014,MO-007014,ACT-0009,100,169,169,Master Planning,,2026-05-26,2026-05-28,2026-06-21,,,28.0,0.0,0.0,Released,364.09,0.0,0.0,0.0,0.0,0.0
8888,MO-008888,ACT-0047,100,207,207,Sales Order,SO-002962,2026-06-11,2026-06-13,2026-06-21,2026-06-14,2026-06-21,3.0,2.34,0.015,Reported Finished,766.27,2189.85,143.86,51.78,78.56,34.1
9263,MO-009263,SA-0082,200,82,82,Master Planning,,2026-06-13,2026-06-15,2026-06-21,2026-06-16,2026-06-24,35.0,27.3,0.175,Reported Finished,995.11,32669.2,1167.62,407.29,617.62,0.0
9370,MO-009370,ACT-0031,100,191,191,Master Planning,,2026-05-24,2026-05-26,2026-06-21,2026-05-27,,7.0,2.45,0.035,Started,2523.06,17570.45,161.95,57.44,87.1,32.33
11244,MO-011244,CTL-0009,300,229,229,Sales Order,SO-003748,2026-06-09,2026-06-11,2026-06-21,,,14.0,0.0,0.0,Released,1465.61,0.0,0.0,0.0,0.0,0.0
11619,MO-011619,DRV-0004,200,104,104,Master Planning,,2026-06-11,2026-06-13,2026-06-21,,,8.0,0.0,0.0,Released,766.25,0.0,0.0,0.0,0.0,0.0
11726,MO-011726,ACT-0053,100,213,213,Master Planning,,2026-06-13,2026-06-15,2026-06-21,2026-06-16,2026-06-23,28.0,21.84,0.14,Reported Finished,457.7,10531.62,749.98,283.51,430.49,343.81
13600,MO-013600,CTL-0031,300,251,251,Sales Order,SO-004533,2026-06-07,2026-06-09,2026-06-21,2026-06-10,,3.0,1.05,0.015,Started,1954.36,5259.67,190.02,71.46,108.61,36.06
13975,MO-013975,DRV-0026,200,126,126,Master Planning,,2026-06-09,2026-06-11,2026-06-21,2026-06-12,,35.0,12.25,0.175,Started,638.78,19873.19,484.3,166.08,251.4,0.0
14082,MO-014082,CTL-0015,300,235,235,Master Planning,,2026-06-11,2026-06-13,2026-06-21,,,7.0,0.0,0.0,Released,505.32,0.0,0.0,0.0,0.0,0.0
15956,MO-015956,SYS-0013,100,273,273,Sales Order,SO-005318,2026-06-05,2026-06-07,2026-06-21,2026-06-08,2026-06-21,14.0,10.92,0.07,Reported Finished,871.78,11422.08,194.77,73.31,111.31,161.18
16331,MO-016331,DRV-0048,200,148,148,Master Planning,,2026-06-07,2026-06-09,2026-06-21,2026-06-10,2026-06-24,8.0,6.24,0.04,Reported Finished,916.04,6703.36,181.94,60.37,91.45,0.0
16438,MO-016438,CTL-0037,300,257,257,Master Planning,,2026-06-09,2026-06-11,2026-06-21,2026-06-12,,28.0,9.8,0.14,Started,4331.49,116441.25,376.52,135.25,205.37,129.95
18312,MO-018312,AFT-0005,100,295,295,Sales Order,SO-006104,2026-06-03,2026-06-05,2026-06-21,,,3.0,0.0,0.0,Released,2334.93,0.0,0.0,0.0,0.0,0.0
18687,MO-018687,ACT-0010,200,170,170,Master Planning,,2026-06-05,2026-06-07,2026-06-21,,,35.0,0.0,0.0,Released,2233.37,0.0,0.0,0.0,0.0,0.0
18794,MO-018794,SYS-0019,100,279,279,Master Planning,,2026-06-07,2026-06-09,2026-06-21,2026-06-10,2026-06-23,7.0,5.46,0.035,Reported Finished,1798.13,11250.63,475.47,167.64,254.35,99.89
20668,MO-020668,AFT-0027,300,317,317,Sales Order,SO-006889,2026-06-01,2026-06-03,2026-06-21,2026-06-04,,14.0,4.9,0.07,Started,328.06,3442.98,209.02,74.55,113.2,76.83
21043,MO-021043,ACT-0032,200,192,192,Master Planning,,2026-06-03,2026-06-05,2026-06-21,2026-06-06,,8.0,2.8,0.04,Started,232.68,1435.27,107.44,39.31,59.65,0.0
21150,MO-021150,AFT-0011,100,301,301,Master Planning,,2026-06-05,2026-06-07,2026-06-21,,,28.0,0.0,0.0,Released,459.76,0.0,0.0,0.0,0.0,0.0
23024,MO-023024,AFT-0049,100,339,339,Sales Order,SO-007674,2026-05-30,2026-06-01,2026-06-21,2026-06-02,2026-06-21,3.0,2.34,0.015,Reported Finished,719.95,1769.59,166.79,61.96,94.17,72.83
23399,MO-023399,ACT-0054,200,214,214,Master Planning,,2026-06-01,2026-06-03,2026-06-21,2026-06-04,2026-06-24,35.0,27.3,0.175,Reported Finished,3824.58,127004.74,1336.59,468.23,709.23,0.0
23506,MO-023506,AFT-0033,300,323,323,Master Planning,,2026-06-03,2026-06-05,2026-06-21,2026-06-06,,7.0,2.45,0.035,Started,997.67,6505.33,121.47,46.18,70.21,69.22
25380,MO-025380,SA-0011,300,11,11,Sales Order,SO-008460,2026-05-28,2026-05-30,2026-06-21,,,14.0,0.0,0.0,Released,827.45,0.0,0.0,0.0,0.0,0.0
25755,MO-025755,CTL-0016,300,236,236,Master Planning,,2026-05-30,2026-06-01,2026-06-21,,,8.0,0.0,0.0,Released,273.05,0.0,0.0,0.0,0.0,0.0
25862,MO-025862,AFT-0055,100,345,345,Master Planning,,2026-06-01,2026-06-03,2026-06-21,2026-06-04,2026-06-23,28.0,21.84,0.14,Reported Finished,281.39,4726.15,944.94,342.04,519.35,387.23
27736,MO-027736,SA-0033,100,33,33,Sales Order,SO-009245,2026-05-26,2026-05-28,2026-06-21,2026-05-29,,3.0,1.05,0.015,Started,412.13,946.1,117.62,44.04,66.87,19.01
28111,MO-028111,CTL-0038,300,258,258,Master Planning,,2026-05-28,2026-05-30,2026-06-21,2026-05-31,,35.0,12.25,0.175,Started,1627.95,57302.97,425.36,150.6,228.46,0.0
28218,MO-028218,SA-0017,300,17,17,Master Planning,,2026-05-30,2026-06-01,2026-06-21,,,7.0,0.0,0.0,Released,320.23,0.0,0.0,0.0,0.0,0.0
1606,MO-001606,SYS-0013,100,273,273,Master Planning,,2026-06-14,2026-06-16,2026-06-22,2026-06-17,,28.0,9.8,0.14,Started,871.78,23097.32,172.53,61.25,92.99,142.46
1713,MO-001713,SA-0032,300,32,32,Master Planning,,2026-05-25,2026-05-27,2026-06-22,,,4.0,0.0,0.0,Released,238.83,0.0,0.0,0.0,0.0,0.0
3962,MO-003962,AFT-0005,100,295,295,Master Planning,,2026-06-12,2026-06-14,2026-06-22,2026-06-15,2026-06-24,7.0,5.46,0.035,Reported Finished,2334.93,15641.71,273.65,96.17,145.85,72.33
4069,MO-004069,SA-0054,100,54,54,Master Planning,,2026-05-23,2026-05-25,2026-06-22,2026-05-26,,18.0,6.3,0.09,Started,861.19,11586.6,273.95,93.72,141.95,0.0
6318,MO-006318,AFT-0027,300,317,317,Master Planning,,2026-06-10,2026-06-12,2026-06-22,,,28.0,0.0,0.0,Released,328.06,0.0,0.0,0.0,0.0,0.0
6425,MO-006425,SA-0076,200,76,76,Master Planning,,2026-06-12,2026-06-14,2026-06-22,2026-06-15,2026-06-23,4.0,3.12,0.02,Reported Finished,236.37,811.59,108.77,40.99,62.21,0.0
8674,MO-008674,AFT-0049,100,339,339,Master Planning,,2026-06-08,2026-06-10,2026-06-22,2026-06-11,,7.0,2.45,0.035,Started,719.95,4194.91,169.31,64.88,98.62,75.69
8781,MO-008781,SA-0098,300,98,98,Master Planning,,2026-06-10,2026-06-12,2026-06-22,,,18.0,0.0,0.0,Released,1021.43,0.0,0.0,0.0,0.0,0.0
11030,MO-011030,SA-0011,300,11,11,Master Planning,,2026-06-06,2026-06-08,2026-06-22,2026-06-09,2026-06-24,28.0,21.84,0.14,Reported Finished,827.45,20692.45,787.11,300.17,456.36,617.61
11137,MO-011137,DRV-0020,200,120,120,Master Planning,,2026-06-08,2026-06-10,2026-06-22,2026-06-11,,4.0,1.4,0.02,Started,956.79,3707.25,52.27,18.88,28.67,0.0
13386,MO-013386,SA-0033,100,33,33,Master Planning,,2026-06-04,2026-06-06,2026-06-22,,,7.0,0.0,0.0,Released,412.13,0.0,0.0,0.0,0.0,0.0
13493,MO-013493,DRV-0042,200,142,142,Master Planning,,2026-06-06,2026-06-08,2026-06-22,2026-06-09,2026-06-23,18.0,14.04,0.09,Reported Finished,409.54,5001.45,280.89,95.23,144.27,0.0
15742,MO-015742,SA-0055,200,55,55,Master Planning,,2026-06-02,2026-06-04,2026-06-22,2026-06-05,,28.0,9.8,0.14,Started,1052.07,25282.35,583.48,207.14,314.25,161.18
15849,MO-015849,ACT-0004,200,164,164,Master Planning,,2026-06-04,2026-06-06,2026-06-22,,,4.0,0.0,0.0,Released,202.91,0.0,0.0,0.0,0.0,0.0
18098,MO-018098,SA-0077,300,77,77,Master Planning,,2026-05-31,2026-06-02,2026-06-22,2026-06-03,2026-06-24,7.0,5.46,0.035,Reported Finished,361.5,2293.67,83.02,31.23,47.42,72.19
18205,MO-018205,ACT-0026,200,186,186,Master Planning,,2026-06-02,2026-06-04,2026-06-22,2026-06-05,,18.0,6.3,0.09,Started,1654.15,29525.54,318.78,114.69,173.92,0.0
20454,MO-020454,SA-0099,100,99,99,Master Planning,,2026-05-29,2026-05-31,2026-06-22,,,28.0,0.0,0.0,Released,1046.67,0.0,0.0,0.0,0.0,0.0
20561,MO-020561,ACT-0048,200,208,208,Master Planning,,2026-05-31,2026-06-02,2026-06-22,2026-06-03,2026-06-23,4.0,3.12,0.02,Reported Finished,383.41,993.31,91.92,32.85,49.89,0.0
22810,MO-022810,DRV-0021,100,121,121,Master Planning,,2026-05-27,2026-05-29,2026-06-22,2026-05-30,,7.0,2.45,0.035,Started,1026.04,6647.56,123.96,44.44,67.49,41.15
22917,MO-022917,CTL-0010,300,230,230,Master Planning,,2026-05-29,2026-05-31,2026-06-22,,,18.0,0.0,0.0,Released,2841.5,0.0,0.0,0.0,0.0,0.0
25166,MO-025166,DRV-0043,100,143,143,Master Planning,,2026-05-25,2026-05-27,2026-06-22,2026-05-28,2026-06-24,28.0,21.84,0.14,Reported Finished,581.67,13411.14,693.43,242.82,368.37,326.17
25273,MO-025273,CTL-0032,300,252,252,Master Planning,,2026-05-27,2026-05-29,2026-06-22,2026-05-30,,4.0,1.4,0.02,Started,1947.93,7467.95,47.71,16.62,25.17,0.0
27522,MO-027522,ACT-0005,100,165,165,Master Planning,,2026-06-14,2026-06-16,2026-06-22,,,7.0,0.0,0.0,Released,789.17,0.0,0.0,0.0,0.0,0.0
27629,MO-027629,SYS-0014,300,274,274,Master Planning,,2026-05-25,2026-05-27,2026-06-22,2026-05-28,2026-06-23,18.0,14.04,0.09,Reported Finished,847.07,14641.69,381.15,138.17,209.55,0.0
29878,MO-029878,ACT-0027,100,187,187,Master Planning,,2026-06-12,2026-06-14,2026-06-22,2026-06-15,,28.0,9.8,0.14,Started,2777.78,76980.24,702.85,269.89,410.23,342.68
29985,MO-029985,AFT-0006,300,296,296,Master Planning,,2026-05-23,2026-05-25,2026-06-22,,,4.0,0.0,0.0,Released,5754.99,0.0,0.0,0.0,0.0,0.0
1017,MO-001017,ACT-0020,200,180,180,Master Planning,,2026-06-09,2026-06-11,2026-06-23,,,4.0,0.0,0.0,Released,626.2,0.0,0.0,0.0,0.0,0.0
1124,MO-001124,SYS-0029,100,289,289,Sales Order,SO-000374,2026-06-11,2026-06-13,2026-06-23,2026-06-14,2026-06-23,14.0,10.92,0.07,Reported Finished,1160.41,14780.83,324.3,122.5,186.0,174.59
1499,MO-001499,ACT-0004,200,164,164,Master Planning,,2026-06-13,2026-06-15,2026-06-23,2026-06-16,2026-06-26,8.0,6.24,0.04,Reported Finished,202.91,1211.56,240.19,79.87,121.0,0.0
3373,MO-003373,ACT-0042,200,202,202,Master Planning,,2026-06-07,2026-06-09,2026-06-23,2026-06-10,,18.0,6.3,0.09,Started,643.47,6020.66,441.18,158.81,240.84,0.0
3480,MO-003480,AFT-0021,300,311,311,Sales Order,SO-001160,2026-06-09,2026-06-11,2026-06-23,,,3.0,0.0,0.0,Released,395.22,0.0,0.0,0.0,0.0,0.0
3855,MO-003855,ACT-0026,200,186,186,Master Planning,,2026-06-11,2026-06-13,2026-06-23,,,35.0,0.0,0.0,Released,1654.15,0.0,0.0,0.0,0.0,0.0
5729,MO-005729,CTL-0004,300,224,224,Master Planning,,2026-06-05,2026-06-07,2026-06-23,2026-06-08,2026-06-24,4.0,3.12,0.02,Reported Finished,1388.27,5569.63,74.33,26.51,40.25,0.0
5836,MO-005836,AFT-0043,100,333,333,Sales Order,SO-001945,2026-06-07,2026-06-09,2026-06-23,2026-06-10,,14.0,4.9,0.07,Started,701.73,7949.03,314.87,112.39,170.66,85.93
6211,MO-006211,ACT-0048,200,208,208,Master Planning,,2026-06-09,2026-06-11,2026-06-23,2026-06-12,,8.0,2.8,0.04,Started,383.41,2018.44,90.03,33.7,51.18,0.0
8085,MO-008085,CTL-0026,300,246,246,Master Planning,,2026-06-03,2026-06-05,2026-06-23,,,18.0,0.0,0.0,Released,1044.37,0.0,0.0,0.0,0.0,0.0
8192,MO-008192,SA-0005,300,5,5,Sales Order,SO-002730,2026-06-05,2026-06-07,2026-06-23,2026-06-08,2026-06-23,3.0,2.34,0.015,Reported Finished,624.02,1634.63,153.83,56.24,85.39,37.99
8567,MO-008567,CTL-0010,300,230,230,Master Planning,,2026-06-07,2026-06-09,2026-06-23,2026-06-10,2026-06-26,35.0,27.3,0.175,Reported Finished,2841.5,98472.35,1045.76,362.08,548.0,0.0
10441,MO-010441,SYS-0008,300,268,268,Master Planning,,2026-06-01,2026-06-03,2026-06-23,2026-06-04,,4.0,1.4,0.02,Started,218.01,634.71,71.88,25.09,38.01,0.0
10548,MO-010548,SA-0027,100,27,27,Sales Order,SO-003516,2026-06-03,2026-06-05,2026-06-23,,,14.0,0.0,0.0,Released,642.8,0.0,0.0,0.0,0.0,0.0
10923,MO-010923,CTL-0032,300,252,252,Master Planning,,2026-06-05,2026-06-07,2026-06-23,,,8.0,0.0,0.0,Released,1947.93,0.0,0.0,0.0,0.0,0.0
12797,MO-012797,SYS-0030,300,290,290,Master Planning,,2026-05-30,2026-06-01,2026-06-23,2026-06-02,2026-06-24,18.0,14.04,0.09,Reported Finished,3308.84,58811.42,624.73,225.84,342.47,0.0
12904,MO-012904,SA-0049,200,49,49,Sales Order,SO-004301,2026-06-01,2026-06-03,2026-06-23,2026-06-04,,3.0,1.05,0.015,Started,496.88,1271.13,48.3,17.96,27.27,13.88
13279,MO-013279,SYS-0014,300,274,274,Master Planning,,2026-06-03,2026-06-05,2026-06-23,2026-06-06,,35.0,12.25,0.175,Started,847.07,27619.83,358.72,125.51,190.31,0.0
15153,MO-015153,AFT-0022,100,312,312,Master Planning,,2026-05-28,2026-05-30,2026-06-23,,,4.0,0.0,0.0,Released,225.37,0.0,0.0,0.0,0.0,0.0
15260,MO-015260,SA-0071,300,71,71,Sales Order,SO-005086,2026-05-30,2026-06-01,2026-06-23,2026-06-02,2026-06-23,14.0,10.92,0.07,Reported Finished,577.59,6217.79,730.63,263.11,399.15,196.69
15635,MO-015635,AFT-0006,300,296,296,Master Planning,,2026-06-01,2026-06-03,2026-06-23,2026-06-04,2026-06-26,8.0,6.24,0.04,Reported Finished,5754.99,44438.2,192.14,69.02,104.7,0.0
17509,MO-017509,AFT-0044,100,334,334,Master Planning,,2026-05-26,2026-05-28,2026-06-23,2026-05-29,,18.0,6.3,0.09,Started,1002.17,16377.79,336.22,111.03,168.06,0.0
17616,MO-017616,SA-0093,100,93,93,Sales Order,SO-005872,2026-05-28,2026-05-30,2026-06-23,,,3.0,0.0,0.0,Released,674.19,0.0,0.0,0.0,0.0,0.0
17991,MO-017991,AFT-0028,100,318,318,Master Planning,,2026-05-30,2026-06-01,2026-06-23,,,35.0,0.0,0.0,Released,349.76,0.0,0.0,0.0,0.0,0.0
19865,MO-019865,SA-0006,100,6,6,Master Planning,,2026-05-24,2026-05-26,2026-06-23,2026-05-27,2026-06-24,4.0,3.12,0.02,Reported Finished,1007.79,2946.15,243.78,82.37,124.76,0.0
19972,MO-019972,DRV-0015,100,115,115,Sales Order,SO-006657,2026-05-26,2026-05-28,2026-06-23,2026-05-29,,14.0,4.9,0.07,Started,1233.73,15891.58,240.42,91.32,138.81,138.28
20347,MO-020347,AFT-0050,100,340,340,Master Planning,,2026-05-28,2026-05-30,2026-06-23,2026-05-31,,8.0,2.8,0.04,Started,2471.31,19335.89,89.76,31.22,47.29,0.0
22221,MO-022221,SA-0028,200,28,28,Master Planning,,2026-06-13,2026-06-15,2026-06-23,,,18.0,0.0,0.0,Released,370.5,0.0,0.0,0.0,0.0,0.0
22328,MO-022328,DRV-0037,100,137,137,Sales Order,SO-007442,2026-05-24,2026-05-26,2026-06-23,2026-05-27,2026-06-23,3.0,2.34,0.015,Reported Finished,4469.49,13290.07,152.09,57.57,87.41,40.83
22703,MO-022703,SA-0012,100,12,12,Master Planning,,2026-05-26,2026-05-28,2026-06-23,2026-05-29,2026-06-26,35.0,27.3,0.175,Reported Finished,416.54,10580.75,243.92,79.81,120.85,0.0
24577,MO-024577,SA-0050,300,50,50,Master Planning,,2026-06-11,2026-06-13,2026-06-23,2026-06-14,,4.0,1.4,0.02,Started,895.06,3338.09,71.98,25.75,39.06,0.0
24684,MO-024684,DRV-0059,100,159,159,Sales Order,SO-008228,2026-06-13,2026-06-15,2026-06-23,,,14.0,0.0,0.0,Released,4086.28,0.0,0.0,0.0,0.0,0.0
25059,MO-025059,SA-0034,200,34,34,Master Planning,,2026-06-15,2026-06-17,2026-06-23,,,8.0,0.0,0.0,Released,752.56,0.0,0.0,0.0,0.0,0.0
26933,MO-026933,SA-0072,100,72,72,Master Planning,,2026-06-09,2026-06-11,2026-06-23,2026-06-12,2026-06-24,18.0,14.04,0.09,Reported Finished,372.62,4576.9,487.84,174.34,264.79,0.0
27040,MO-027040,ACT-0021,100,181,181,Sales Order,SO-009013,2026-06-11,2026-06-13,2026-06-23,2026-06-14,,3.0,1.05,0.015,Started,928.12,2655.0,99.94,35.72,54.23,13.87
27415,MO-027415,SA-0056,300,56,56,Master Planning,,2026-06-13,2026-06-15,2026-06-23,2026-06-16,,35.0,12.25,0.175,Started,586.12,19164.99,278.65,104.51,158.74,0.0
29289,MO-029289,SA-0094,200,94,94,Master Planning,,2026-06-07,2026-06-09,2026-06-23,,,4.0,0.0,0.0,Released,814.4,0.0,0.0,0.0,0.0,0.0
29396,MO-029396,ACT-0043,100,203,203,Sales Order,SO-009798,2026-06-09,2026-06-11,2026-06-23,2026-06-12,2026-06-23,14.0,10.92,0.07,Reported Finished,499.76,5187.65,596.02,218.08,331.2,346.35
29771,MO-029771,SA-0078,100,78,78,Master Planning,,2026-06-11,2026-06-13,2026-06-23,2026-06-14,2026-06-26,8.0,6.24,0.04,Reported Finished,818.18,5749.08,170.35,59.75,90.51,0.0
428,MO-000428,SA-0087,100,87,87,Sales Order,SO-000142,2026-06-04,2026-06-06,2026-06-24,2026-06-07,2026-06-24,14.0,10.92,0.07,Reported Finished,445.45,4781.68,518.11,180.22,273.31,144.24
803,MO-000803,AFT-0022,100,312,312,Master Planning,,2026-06-06,2026-06-08,2026-06-24,2026-06-09,2026-06-27,8.0,6.24,0.04,Reported Finished,225.37,1657.04,112.39,41.69,63.33,0.0
910,MO-000910,SA-0071,300,71,71,Master Planning,,2026-06-08,2026-06-10,2026-06-24,2026-06-11,,28.0,9.8,0.14,Started,577.59,12540.24,638.53,226.29,343.26,171.0
2784,MO-002784,DRV-0009,100,109,109,Sales Order,SO-000928,2026-06-02,2026-06-04,2026-06-24,,,3.0,0.0,0.0,Released,304.81,0.0,0.0,0.0,0.0,0.0
3159,MO-003159,AFT-0044,100,334,334,Master Planning,,2026-06-04,2026-06-06,2026-06-24,,,35.0,0.0,0.0,Released,1002.17,0.0,0.0,0.0,0.0,0.0
3266,MO-003266,SA-0093,100,93,93,Master Planning,,2026-06-06,2026-06-08,2026-06-24,2026-06-09,2026-06-26,7.0,5.46,0.035,Reported Finished,674.19,4333.3,156.51,59.13,89.79,78.76
5140,MO-005140,DRV-0031,100,131,131,Sales Order,SO-001713,2026-05-31,2026-06-02,2026-06-24,2026-06-03,,14.0,4.9,0.07,Started,1392.99,18205.74,308.19,115.79,176.01,153.55
5515,MO-005515,SA-0006,100,6,6,Master Planning,,2026-06-02,2026-06-04,2026-06-24,2026-06-05,,8.0,2.8,0.04,Started,1007.79,5984.98,239.16,83.3,126.17,0.0
5622,MO-005622,DRV-0015,100,115,115,Master Planning,,2026-06-04,2026-06-06,2026-06-24,,,28.0,0.0,0.0,Released,1233.73,0.0,0.0,0.0,0.0,0.0
7496,MO-007496,DRV-0053,100,153,153,Sales Order,SO-002498,2026-05-29,2026-05-31,2026-06-24,2026-06-01,2026-06-24,3.0,2.34,0.015,Reported Finished,2495.93,7515.77,148.31,56.43,85.69,31.06
7871,MO-007871,SA-0028,200,28,28,Master Planning,,2026-05-31,2026-06-02,2026-06-24,2026-06-03,2026-06-27,35.0,27.3,0.175,Reported Finished,370.5,11779.06,457.36,150.92,228.57,0.0
7978,MO-007978,DRV-0037,100,137,137,Master Planning,,2026-06-02,2026-06-04,2026-06-24,2026-06-05,,7.0,2.45,0.035,Started,4469.49,31497.12,174.47,62.3,94.59,43.9
9852,MO-009852,ACT-0015,100,175,175,Sales Order,SO-003284,2026-05-27,2026-05-29,2026-06-24,,,14.0,0.0,0.0,Released,1074.85,0.0,0.0,0.0,0.0,0.0
10227,MO-010227,SA-0050,300,50,50,Master Planning,,2026-05-29,2026-05-31,2026-06-24,,,8.0,0.0,0.0,Released,895.06,0.0,0.0,0.0,0.0,0.0
10334,MO-010334,DRV-0059,100,159,159,Master Planning,,2026-05-31,2026-06-02,2026-06-24,2026-06-03,2026-06-26,28.0,21.84,0.14,Reported Finished,4086.28,107721.32,1143.88,401.94,609.8,365.3
12208,MO-012208,ACT-0037,100,197,197,Sales Order,SO-004069,2026-05-25,2026-05-27,2026-06-24,2026-05-28,,3.0,1.05,0.015,Started,3791.35,11410.17,55.68,19.92,30.25,15.54
12583,MO-012583,SA-0072,100,72,72,Master Planning,,2026-05-27,2026-05-29,2026-06-24,2026-05-30,,35.0,12.25,0.175,Started,372.62,8768.1,374.13,140.07,212.74,0.0
12690,MO-012690,ACT-0021,100,181,181,Master Planning,,2026-05-29,2026-05-31,2026-06-24,,,7.0,0.0,0.0,Released,928.12,0.0,0.0,0.0,0.0,0.0
14564,MO-014564,ACT-0059,100,219,219,Sales Order,SO-004854,2026-06-14,2026-06-16,2026-06-24,2026-06-17,2026-06-24,14.0,10.92,0.07,Reported Finished,860.79,11091.95,399.18,150.18,228.31,309.16
14939,MO-014939,SA-0094,200,94,94,Master Planning,,2026-06-16,2026-06-18,2026-06-24,2026-06-19,2026-06-27,8.0,6.24,0.04,Reported Finished,814.4,6107.65,267.08,93.57,141.74,0.0
15046,MO-015046,ACT-0043,100,203,203,Master Planning,,2026-05-27,2026-05-29,2026-06-24,2026-05-30,,28.0,9.8,0.14,Started,499.76,10194.79,496.51,186.31,282.97,304.06
16920,MO-016920,CTL-0021,300,241,241,Sales Order,SO-005640,2026-06-12,2026-06-14,2026-06-24,,,3.0,0.0,0.0,Released,849.25,0.0,0.0,0.0,0.0,0.0
17295,MO-017295,DRV-0016,200,116,116,Master Planning,,2026-06-14,2026-06-16,2026-06-24,,,35.0,0.0,0.0,Released,381.81,0.0,0.0,0.0,0.0,0.0
17402,MO-017402,CTL-0005,300,225,225,Master Planning,,2026-06-16,2026-06-18,2026-06-24,2026-06-19,2026-06-26,7.0,5.46,0.035,Reported Finished,1064.96,7131.96,193.58,70.07,106.39,89.04
19276,MO-019276,SYS-0003,100,263,263,Sales Order,SO-006425,2026-06-10,2026-06-12,2026-06-24,2026-06-13,,14.0,4.9,0.07,Started,789.98,9618.69,326.38,118.6,179.92,81.62
19651,MO-019651,DRV-0038,200,138,138,Master Planning,,2026-06-12,2026-06-14,2026-06-24,2026-06-15,,8.0,2.8,0.04,Started,544.33,3525.14,233.14,80.44,121.96,0.0
19758,MO-019758,CTL-0027,300,247,247,Master Planning,,2026-06-14,2026-06-16,2026-06-24,,,28.0,0.0,0.0,Released,1052.17,0.0,0.0,0.0,0.0,0.0
21632,MO-021632,SYS-0025,100,285,285,Sales Order,SO-007210,2026-06-08,2026-06-10,2026-06-24,2026-06-11,2026-06-24,3.0,2.34,0.015,Reported Finished,523.8,1377.32,104.11,37.86,57.49,31.03
22007,MO-022007,DRV-0060,200,160,160,Master Planning,,2026-06-10,2026-06-12,2026-06-24,2026-06-13,2026-06-27,35.0,27.3,0.175,Reported Finished,373.77,7311.21,705.42,261.36,396.98,0.0
22114,MO-022114,SYS-0009,100,269,269,Master Planning,,2026-06-12,2026-06-14,2026-06-24,2026-06-15,,7.0,2.45,0.035,Started,550.07,3200.55,144.74,53.22,80.78,43.67
23988,MO-023988,AFT-0017,100,307,307,Sales Order,SO-007996,2026-06-06,2026-06-08,2026-06-24,,,14.0,0.0,0.0,Released,1705.89,0.0,0.0,0.0,0.0,0.0
24363,MO-024363,ACT-0022,200,182,182,Master Planning,,2026-06-08,2026-06-10,2026-06-24,,,8.0,0.0,0.0,Released,990.4,0.0,0.0,0.0,0.0,0.0
24470,MO-024470,AFT-0001,100,291,291,Master Planning,,2026-06-10,2026-06-12,2026-06-24,2026-06-13,2026-06-26,28.0,21.84,0.14,Reported Finished,1725.18,44813.72,1368.36,525.26,798.3,754.17
26344,MO-026344,AFT-0039,300,329,329,Sales Order,SO-008781,2026-06-04,2026-06-06,2026-06-24,2026-06-07,,3.0,1.05,0.015,Started,8553.41,25379.33,49.81,18.4,27.95,17.05
26719,MO-026719,ACT-0044,200,204,204,Master Planning,,2026-06-06,2026-06-08,2026-06-24,2026-06-09,,35.0,12.25,0.175,Started,191.13,4563.92,408.88,142.2,215.42,0.0
26826,MO-026826,AFT-0023,100,313,313,Master Planning,,2026-06-08,2026-06-10,2026-06-24,,,7.0,0.0,0.0,Released,273.18,0.0,0.0,0.0,0.0,0.0
28700,MO-028700,SA-0001,200,1,1,Sales Order,SO-009566,2026-06-02,2026-06-04,2026-06-24,2026-06-05,2026-06-24,14.0,10.92,0.07,Reported Finished,287.79,3155.15,230.62,86.96,132.04,164.07
29075,MO-029075,CTL-0006,300,226,226,Master Planning,,2026-06-04,2026-06-06,2026-06-24,2026-06-07,2026-06-27,8.0,6.24,0.04,Reported Finished,1608.41,11405.77,326.09,115.41,175.02,0.0
29182,MO-029182,AFT-0045,300,335,335,Master Planning,,2026-06-06,2026-06-08,2026-06-24,2026-06-09,,28.0,9.8,0.14,Started,1273.82,34135.64,461.56,159.42,241.6,133.78
214,MO-000214,ACT-0059,100,219,219,Master Planning,,2026-06-01,2026-06-03,2026-06-25,2026-06-04,,28.0,9.8,0.14,Started,860.79,21377.96,381.78,144.4,219.51,275.42
321,MO-000321,AFT-0038,100,328,328,Master Planning,,2026-06-03,2026-06-05,2026-06-25,,,4.0,0.0,0.0,Released,1359.57,0.0,0.0,0.0,0.0,0.0
2570,MO-002570,CTL-0021,300,241,241,Master Planning,,2026-05-30,2026-06-01,2026-06-25,2026-06-02,2026-06-27,7.0,5.46,0.035,Reported Finished,849.25,5321.34,294.11,106.79,162.18,99.89
2677,MO-002677,AFT-0060,300,350,350,Master Planning,,2026-06-01,2026-06-03,2026-06-25,2026-06-04,,18.0,6.3,0.09,Started,381.83,5457.38,133.44,45.41,68.79,0.0
4926,MO-004926,SYS-0003,100,263,263,Master Planning,,2026-05-28,2026-05-30,2026-06-25,,,28.0,0.0,0.0,Released,789.98,0.0,0.0,0.0,0.0,0.0
5033,MO-005033,SA-0022,200,22,22,Master Planning,,2026-05-30,2026-06-01,2026-06-25,2026-06-02,2026-06-26,4.0,3.12,0.02,Reported Finished,935.46,3521.02,157.3,52.91,80.1,0.0
7282,MO-007282,SYS-0025,100,285,285,Master Planning,,2026-06-17,2026-06-19,2026-06-25,2026-06-20,,7.0,2.45,0.035,Started,523.8,3265.04,104.88,38.75,58.84,32.3
7389,MO-007389,SA-0044,300,44,44,Master Planning,,2026-05-28,2026-05-30,2026-06-25,,,18.0,0.0,0.0,Released,239.64,0.0,0.0,0.0,0.0,0.0
9638,MO-009638,AFT-0017,100,307,307,Master Planning,,2026-06-15,2026-06-17,2026-06-25,2026-06-18,2026-06-27,28.0,21.84,0.14,Reported Finished,1705.89,44176.35,1194.9,453.57,688.87,687.68
9745,MO-009745,SA-0066,100,66,66,Master Planning,,2026-05-26,2026-05-28,2026-06-25,2026-05-29,,4.0,1.4,0.02,Started,1091.36,3656.65,97.57,35.12,53.26,0.0
11994,MO-011994,AFT-0039,300,329,329,Master Planning,,2026-06-13,2026-06-15,2026-06-25,,,7.0,0.0,0.0,Released,8553.41,0.0,0.0,0.0,0.0,0.0
12101,MO-012101,SA-0088,200,88,88,Master Planning,,2026-06-15,2026-06-17,2026-06-25,2026-06-18,2026-06-26,18.0,14.04,0.09,Reported Finished,228.01,3322.0,405.24,140.42,213.0,0.0
14350,MO-014350,SA-0001,200,1,1,Master Planning,,2026-06-11,2026-06-13,2026-06-25,2026-06-14,,28.0,9.8,0.14,Started,287.79,6348.15,241.82,85.99,130.56,149.47
14457,MO-014457,DRV-0010,200,110,110,Master Planning,,2026-06-13,2026-06-15,2026-06-25,,,4.0,0.0,0.0,Released,364.42,0.0,0.0,0.0,0.0,0.0
16706,MO-016706,SA-0023,300,23,23,Master Planning,,2026-06-09,2026-06-11,2026-06-25,2026-06-12,2026-06-27,7.0,5.46,0.035,Reported Finished,1440.41,9591.37,258.84,88.86,134.65,74.31
16813,MO-016813,DRV-0032,200,132,132,Master Planning,,2026-06-11,2026-06-13,2026-06-25,2026-06-14,,18.0,6.3,0.09,Started,242.87,3798.08,163.0,56.66,85.84,0.0
19062,MO-019062,SA-0045,100,45,45,Master Planning,,2026-06-07,2026-06-09,2026-06-25,,,28.0,0.0,0.0,Released,283.66,0.0,0.0,0.0,0.0,0.0
19169,MO-019169,DRV-0054,200,154,154,Master Planning,,2026-06-09,2026-06-11,2026-06-25,2026-06-12,2026-06-26,4.0,3.12,0.02,Reported Finished,2389.08,9367.79,97.53,36.06,54.7,0.0
21418,MO-021418,SA-0067,200,67,67,Master Planning,,2026-06-05,2026-06-07,2026-06-25,2026-06-08,,7.0,2.45,0.035,Started,1238.25,7574.17,200.65,77.01,117.06,78.5
21525,MO-021525,ACT-0016,200,176,176,Master Planning,,2026-06-07,2026-06-09,2026-06-25,,,18.0,0.0,0.0,Released,217.25,0.0,0.0,0.0,0.0,0.0
23774,MO-023774,SA-0089,300,89,89,Master Planning,,2026-06-03,2026-06-05,2026-06-25,2026-06-06,2026-06-27,28.0,21.84,0.14,Reported Finished,343.44,8459.54,518.34,182.98,277.61,299.52
23881,MO-023881,ACT-0038,200,198,198,Master Planning,,2026-06-05,2026-06-07,2026-06-25,2026-06-08,,4.0,1.4,0.02,Started,422.97,1423.55,97.23,32.8,49.67,0.0
26130,MO-026130,DRV-0011,100,111,111,Master Planning,,2026-06-01,2026-06-03,2026-06-25,,,7.0,0.0,0.0,Released,823.39,0.0,0.0,0.0,0.0,0.0
26237,MO-026237,ACT-0060,200,220,220,Master Planning,,2026-06-03,2026-06-05,2026-06-25,2026-06-06,2026-06-26,18.0,14.04,0.09,Reported Finished,218.01,2405.21,136.4,46.27,70.07,0.0
28486,MO-028486,DRV-0033,100,133,133,Master Planning,,2026-05-30,2026-06-01,2026-06-25,2026-06-02,,28.0,9.8,0.14,Started,1124.91,30560.63,287.04,105.67,160.43,149.02
28593,MO-028593,CTL-0022,300,242,242,Master Planning,,2026-06-01,2026-06-03,2026-06-25,,,4.0,0.0,0.0,Released,2070.12,0.0,0.0,0.0,0.0,0.0
107,MO-000107,DRV-0010,200,110,110,Master Planning,,2026-05-31,2026-06-02,2026-06-26,2026-06-03,2026-06-29,8.0,6.24,0.04,Reported Finished,364.42,2291.97,370.01,129.21,195.69,0.0
1981,MO-001981,DRV-0048,200,148,148,Master Planning,,2026-06-16,2026-06-18,2026-06-26,2026-06-19,,18.0,6.3,0.09,Started,916.04,15143.05,161.3,56.08,84.95,0.0
2088,MO-002088,CTL-0037,300,257,257,Sales Order,SO-000696,2026-05-27,2026-05-29,2026-06-26,,,3.0,0.0,0.0,Released,4331.49,0.0,0.0,0.0,0.0,0.0
2463,MO-002463,DRV-0032,200,132,132,Master Planning,,2026-05-29,2026-05-31,2026-06-26,,,35.0,0.0,0.0,Released,242.87,0.0,0.0,0.0,0.0,0.0
4337,MO-004337,ACT-0010,200,170,170,Master Planning,,2026-06-14,2026-06-16,2026-06-26,2026-06-17,2026-06-27,4.0,3.12,0.02,Reported Finished,2233.37,8565.52,129.72,46.89,71.11,0.0
4444,MO-004444,SYS-0019,100,279,279,Sales Order,SO-001481,2026-06-16,2026-06-18,2026-06-26,2026-06-19,,14.0,4.9,0.07,Started,1798.13,22687.01,422.9,153.57,232.98,86.88
4819,MO-004819,DRV-0054,200,154,154,Master Planning,,2026-06-18,2026-06-20,2026-06-26,2026-06-21,,8.0,2.8,0.04,Started,2389.08,19029.34,92.01,32.64,49.52,0.0
6693,MO-006693,ACT-0032,200,192,192,Master Planning,,2026-06-12,2026-06-14,2026-06-26,,,18.0,0.0,0.0,Released,232.68,0.0,0.0,0.0,0.0,0.0
6800,MO-006800,AFT-0011,100,301,301,Sales Order,SO-002266,2026-06-14,2026-06-16,2026-06-26,2026-06-17,2026-06-26,3.0,2.34,0.015,Reported Finished,459.76,1221.1,73.86,26.87,40.8,34.02
7175,MO-007175,ACT-0016,200,176,176,Master Planning,,2026-06-16,2026-06-18,2026-06-26,2026-06-19,2026-06-29,35.0,27.3,0.175,Reported Finished,217.25,5648.49,845.83,313.02,475.43,0.0
9049,MO-009049,ACT-0054,200,214,214,Master Planning,,2026-06-10,2026-06-12,2026-06-26,2026-06-13,,4.0,1.4,0.02,Started,3824.58,14744.72,143.98,48.45,73.38,0.0
9156,MO-009156,AFT-0033,300,323,323,Sales Order,SO-003052,2026-06-12,2026-06-14,2026-06-26,,,14.0,0.0,0.0,Released,997.67,0.0,0.0,0.0,0.0,0.0
9531,MO-009531,ACT-0038,200,198,198,Master Planning,,2026-06-14,2026-06-16,2026-06-26,,,8.0,0.0,0.0,Released,422.97,0.0,0.0,0.0,0.0,0.0
11405,MO-011405,CTL-0016,300,236,236,Master Planning,,2026-06-08,2026-06-10,2026-06-26,2026-06-11,2026-06-27,18.0,14.04,0.09,Reported Finished,273.05,4585.24,261.5,90.34,136.87,0.0
11512,MO-011512,AFT-0055,100,345,345,Sales Order,SO-003837,2026-06-10,2026-06-12,2026-06-26,2026-06-13,,3.0,1.05,0.015,Started,281.39,509.08,87.58,32.39,49.19,19.11
11887,MO-011887,ACT-0060,200,220,220,Master Planning,,2026-06-12,2026-06-14,2026-06-26,2026-06-15,,35.0,12.25,0.175,Started,218.01,4652.68,131.48,45.42,68.78,0.0
13761,MO-013761,CTL-0038,300,258,258,Master Planning,,2026-06-06,2026-06-08,2026-06-26,,,4.0,0.0,0.0,Released,1627.95,0.0,0.0,0.0,0.0,0.0
13868,MO-013868,SA-0017,300,17,17,Sales Order,SO-004622,2026-06-08,2026-06-10,2026-06-26,2026-06-11,2026-06-26,14.0,10.92,0.07,Reported Finished,320.23,3566.79,373.93,141.53,214.9,175.8
14243,MO-014243,CTL-0022,300,242,242,Master Planning,,2026-06-10,2026-06-12,2026-06-26,2026-06-13,2026-06-29,8.0,6.24,0.04,Reported Finished,2070.12,15806.81,356.16,124.14,188.21,0.0
16117,MO-016117,SYS-0020,300,280,280,Master Planning,,2026-06-04,2026-06-06,2026-06-26,2026-06-07,,18.0,6.3,0.09,Started,3950.66,69597.5,199.07,75.0,113.91,0.0
16224,MO-016224,SA-0039,100,39,39,Sales Order,SO-005408,2026-06-06,2026-06-08,2026-06-26,,,3.0,0.0,0.0,Released,1037.22,0.0,0.0,0.0,0.0,0.0
16599,MO-016599,SYS-0004,300,264,264,Master Planning,,2026-06-08,2026-06-10,2026-06-26,,,35.0,0.0,0.0,Released,271.87,0.0,0.0,0.0,0.0,0.0
18473,MO-018473,AFT-0012,300,302,302,Master Planning,,2026-06-02,2026-06-04,2026-06-26,2026-06-05,2026-06-27,4.0,3.12,0.02,Reported Finished,1004.49,3529.23,145.86,50.05,75.82,0.0
18580,MO-018580,SA-0061,200,61,61,Sales Order,SO-006193,2026-06-04,2026-06-06,2026-06-26,2026-06-07,,14.0,4.9,0.07,Started,377.21,3747.98,260.66,92.47,140.35,85.96
18955,MO-018955,SYS-0026,300,286,286,Master Planning,,2026-06-06,2026-06-08,2026-06-26,2026-06-09,,8.0,2.8,0.04,Started,1401.71,10963.77,165.36,56.54,85.64,0.0
20829,MO-020829,AFT-0034,100,324,324,Master Planning,,2026-05-31,2026-06-02,2026-06-26,,,18.0,0.0,0.0,Released,501.15,0.0,0.0,0.0,0.0,0.0
20936,MO-020936,SA-0083,300,83,83,Sales Order,SO-006978,2026-06-02,2026-06-04,2026-06-26,2026-06-05,2026-06-26,3.0,2.34,0.015,Reported Finished,1042.38,2662.8,276.78,102.85,156.33,82.23
21311,MO-021311,AFT-0018,300,308,308,Master Planning,,2026-06-04,2026-06-06,2026-06-26,2026-06-07,2026-06-29,35.0,27.3,0.175,Reported Finished,583.68,18014.52,910.37,324.7,491.89,0.0
23185,MO-023185,AFT-0056,100,346,346,Master Planning,,2026-05-29,2026-05-31,2026-06-26,2026-06-01,,4.0,1.4,0.02,Started,386.11,1169.04,127.65,45.36,68.79,0.0
23292,MO-023292,DRV-0005,100,105,105,Sales Order,SO-007764,2026-05-31,2026-06-02,2026-06-26,,,14.0,0.0,0.0,Released,1162.73,0.0,0.0,0.0,0.0,0.0
23667,MO-023667,AFT-0040,100,330,330,Master Planning,,2026-06-02,2026-06-04,2026-06-26,,,8.0,0.0,0.0,Released,567.45,0.0,0.0,0.0,0.0,0.0
25541,MO-025541,SA-0018,100,18,18,Master Planning,,2026-05-27,2026-05-29,2026-06-26,2026-05-30,2026-06-27,18.0,14.04,0.09,Reported Finished,879.96,11637.09,650.92,235.48,357.09,0.0
25648,MO-025648,DRV-0027,100,127,127,Sales Order,SO-008549,2026-05-29,2026-05-31,2026-06-26,2026-06-01,,3.0,1.05,0.015,Started,1168.75,3238.8,81.07,28.77,43.62,14.27
26023,MO-026023,SA-0002,300,2,2,Master Planning,,2026-05-31,2026-06-02,2026-06-26,2026-06-03,,35.0,12.25,0.175,Started,409.36,12237.21,422.22,148.46,225.16,0.0
27897,MO-027897,SA-0040,200,40,40,Master Planning,,2026-06-16,2026-06-18,2026-06-26,,,4.0,0.0,0.0,Released,823.26,0.0,0.0,0.0,0.0,0.0
28004,MO-028004,DRV-0049,100,149,149,Sales Order,SO-009334,2026-05-27,2026-05-29,2026-06-26,2026-05-30,2026-06-26,14.0,10.92,0.07,Reported Finished,1199.79,15344.0,450.0,164.4,249.67,183.41
28379,MO-028379,SA-0024,100,24,24,Master Planning,,2026-05-29,2026-05-31,2026-06-26,2026-06-01,2026-06-29,8.0,6.24,0.04,Reported Finished,871.97,6085.57,132.92,47.36,71.82,0.0
1392,MO-001392,SA-0055,200,55,55,Sales Order,SO-000464,2026-06-11,2026-06-13,2026-06-27,,,3.0,0.0,0.0,Released,1052.07,0.0,0.0,0.0,0.0,0.0
1874,MO-001874,SA-0039,100,39,39,Master Planning,,2026-06-15,2026-06-17,2026-06-27,2026-06-18,2026-06-29,7.0,5.46,0.035,Reported Finished,1037.22,6752.32,264.32,92.73,140.68,83.03
3748,MO-003748,SA-0077,300,77,77,Sales Order,SO-001249,2026-06-09,2026-06-11,2026-06-27,2026-06-12,,14.0,4.9,0.07,Started,361.5,4660.45,79.92,28.35,43.04,65.1
4230,MO-004230,SA-0061,200,61,61,Master Planning,,2026-06-13,2026-06-15,2026-06-27,,,28.0,0.0,0.0,Released,377.21,0.0,0.0,0.0,0.0,0.0
6104,MO-006104,SA-0099,100,99,99,Sales Order,SO-002034,2026-06-07,2026-06-09,2026-06-27,2026-06-10,2026-06-27,3.0,2.34,0.015,Reported Finished,1046.67,2758.23,158.51,58.24,88.47,72.87
6586,MO-006586,SA-0083,300,83,83,Master Planning,,2026-06-11,2026-06-13,2026-06-27,2026-06-14,,7.0,2.45,0.035,Started,1042.38,6313.39,274.5,105.42,160.24,85.44
8460,MO-008460,DRV-0021,100,121,121,Sales Order,SO-002820,2026-06-05,2026-06-07,2026-06-27,,,14.0,0.0,0.0,Released,1026.04,0.0,0.0,0.0,0.0,0.0
8942,MO-008942,DRV-0005,100,105,105,Master Planning,,2026-06-09,2026-06-11,2026-06-27,2026-06-12,2026-06-29,28.0,21.84,0.14,Reported Finished,1162.73,31526.83,419.66,151.89,230.61,326.17
10816,MO-010816,DRV-0043,100,143,143,Sales Order,SO-003605,2026-06-03,2026-06-05,2026-06-27,2026-06-06,,3.0,1.05,0.015,Started,581.67,1452.2,105.82,38.41,58.28,15.92
11298,MO-011298,DRV-0027,100,127,127,Master Planning,,2026-06-07,2026-06-09,2026-06-27,,,7.0,0.0,0.0,Released,1168.75,0.0,0.0,0.0,0.0,0.0
13172,MO-013172,ACT-0005,100,165,165,Sales Order,SO-004390,2026-06-01,2026-06-03,2026-06-27,2026-06-04,2026-06-27,14.0,10.92,0.07,Reported Finished,789.17,10011.37,495.04,174.57,264.96,195.67
13654,MO-013654,DRV-0049,100,149,149,Master Planning,,2026-06-05,2026-06-07,2026-06-27,2026-06-08,,28.0,9.8,0.14,Started,1199.79,31178.8,420.0,155.09,235.5,160.5
15528,MO-015528,ACT-0027,100,187,187,Sales Order,SO-005176,2026-05-30,2026-06-01,2026-06-27,,,3.0,0.0,0.0,Released,2777.78,0.0,0.0,0.0,0.0,0.0
16010,MO-016010,ACT-0011,100,171,171,Master Planning,,2026-06-03,2026-06-05,2026-06-27,2026-06-06,2026-06-29,7.0,5.46,0.035,Reported Finished,416.58,2153.43,309.45,118.8,180.56,172.97
17884,MO-017884,ACT-0049,100,209,209,Sales Order,SO-005961,2026-05-28,2026-05-30,2026-06-27,2026-05-31,,14.0,4.9,0.07,Started,830.29,10711.12,182.37,67.31,102.21,72.96
18366,MO-018366,ACT-0033,100,193,193,Master Planning,,2026-06-01,2026-06-03,2026-06-27,,,28.0,0.0,0.0,Released,1322.17,0.0,0.0,0.0,0.0,0.0
20240,MO-020240,CTL-0011,300,231,231,Sales Order,SO-006746,2026-06-17,2026-06-19,2026-06-27,2026-06-20,2026-06-27,3.0,2.34,0.015,Reported Finished,2846.92,8050.91,103.21,36.79,55.75,31.99
20722,MO-020722,ACT-0055,100,215,215,Master Planning,,2026-05-30,2026-06-01,2026-06-27,2026-06-02,,7.0,2.45,0.035,Started,2134.85,13978.99,245.45,86.95,131.9,44.04
22596,MO-022596,CTL-0033,300,253,253,Sales Order,SO-007532,2026-06-15,2026-06-17,2026-06-27,,,14.0,0.0,0.0,Released,3676.55,0.0,0.0,0.0,0.0,0.0
23078,MO-023078,CTL-0017,300,237,237,Master Planning,,2026-06-19,2026-06-21,2026-06-27,2026-06-22,2026-06-29,28.0,21.84,0.14,Reported Finished,246.27,5086.39,658.17,239.93,364.3,325.17
24952,MO-024952,SYS-0015,100,275,275,Sales Order,SO-008317,2026-06-13,2026-06-15,2026-06-27,2026-06-16,,3.0,1.05,0.015,Started,5502.56,16345.75,109.77,41.54,63.14,34.03
25434,MO-025434,CTL-0039,300,259,259,Master Planning,,2026-06-17,2026-06-19,2026-06-27,,,7.0,0.0,0.0,Released,1883.78,0.0,0.0,0.0,0.0,0.0
27308,MO-027308,AFT-0007,100,297,297,Sales Order,SO-009102,2026-06-11,2026-06-13,2026-06-27,2026-06-14,2026-06-27,14.0,10.92,0.07,Reported Finished,295.97,3196.09,281.22,101.1,153.39,150.45
27790,MO-027790,SYS-0021,100,281,281,Master Planning,,2026-06-15,2026-06-17,2026-06-27,2026-06-18,,28.0,9.8,0.14,Started,1935.92,50658.85,482.03,180.47,274.03,181.18
29664,MO-029664,AFT-0029,100,319,319,Sales Order,SO-009888,2026-06-09,2026-06-11,2026-06-27,,,3.0,0.0,0.0,Released,438.33,0.0,0.0,0.0,0.0,0.0
1285,MO-001285,AFT-0006,300,296,296,Master Planning,,2026-06-10,2026-06-12,2026-06-28,2026-06-13,,18.0,6.3,0.09,Started,5754.99,101611.38,191.74,68.66,104.14,0.0
3641,MO-003641,AFT-0028,100,318,318,Master Planning,,2026-06-08,2026-06-10,2026-06-28,2026-06-11,2026-06-29,4.0,3.12,0.02,Reported Finished,349.76,1071.55,204.31,69.93,105.93,0.0
5997,MO-005997,AFT-0050,100,340,340,Master Planning,,2026-06-06,2026-06-08,2026-06-28,,,18.0,0.0,0.0,Released,2471.31,0.0,0.0,0.0,0.0,0.0
8353,MO-008353,SA-0012,100,12,12,Master Planning,,2026-06-04,2026-06-06,2026-06-28,2026-06-07,,4.0,1.4,0.02,Started,416.54,1165.14,63.1,22.02,33.36,0.0
10709,MO-010709,SA-0034,200,34,34,Master Planning,,2026-06-02,2026-06-04,2026-06-28,2026-06-05,2026-06-29,18.0,14.04,0.09,Reported Finished,752.56,12490.69,759.94,274.11,415.54,0.0
13065,MO-013065,SA-0056,300,56,56,Master Planning,,2026-05-31,2026-06-02,2026-06-28,,,4.0,0.0,0.0,Released,586.12,0.0,0.0,0.0,0.0,0.0
15421,MO-015421,SA-0078,100,78,78,Master Planning,,2026-05-29,2026-05-31,2026-06-28,2026-06-01,,18.0,6.3,0.09,Started,818.18,13139.49,165.68,56.2,85.14,0.0
17777,MO-017777,SA-0100,200,100,100,Master Planning,,2026-06-18,2026-06-20,2026-06-28,2026-06-21,2026-06-29,4.0,3.12,0.02,Reported Finished,569.89,2004.96,130.91,45.11,68.34,0.0
20133,MO-020133,DRV-0022,200,122,122,Master Planning,,2026-06-16,2026-06-18,2026-06-28,,,18.0,0.0,0.0,Released,4199.01,0.0,0.0,0.0,0.0,0.0
22489,MO-022489,DRV-0044,200,144,144,Master Planning,,2026-06-14,2026-06-16,2026-06-28,2026-06-17,,4.0,1.4,0.02,Started,219.04,733.79,66.74,25.07,38.07,0.0
24845,MO-024845,ACT-0006,200,166,166,Master Planning,,2026-06-12,2026-06-14,2026-06-28,2026-06-15,2026-06-29,18.0,14.04,0.09,Reported Finished,521.36,5424.11,523.66,168.51,254.78,0.0
27201,MO-027201,ACT-0028,200,188,188,Master Planning,,2026-06-10,2026-06-12,2026-06-28,,,4.0,0.0,0.0,Released,213.59,0.0,0.0,0.0,0.0,0.0
29557,MO-029557,ACT-0050,200,210,210,Master Planning,,2026-06-08,2026-06-10,2026-06-28,2026-06-11,,18.0,6.3,0.09,Started,1066.65,18117.08,210.15,74.05,112.29,0.0
696,MO-000696,ACT-0043,100,203,203,Sales Order,SO-000232,2026-06-05,2026-06-07,2026-06-29,,,3.0,0.0,0.0,Released,499.76,0.0,0.0,0.0,0.0,0.0
3052,MO-003052,CTL-0005,300,225,225,Sales Order,SO-001017,2026-06-03,2026-06-05,2026-06-29,2026-06-06,,14.0,4.9,0.07,Started,1064.96,14486.04,188.4,69.54,105.58,81.62
5408,MO-005408,CTL-0027,300,247,247,Sales Order,SO-001802,2026-06-01,2026-06-03,2026-06-29,2026-06-04,2026-06-29,3.0,2.34,0.015,Reported Finished,1052.17,2944.77,123.45,44.9,68.12,34.73
7764,MO-007764,SYS-0009,100,269,269,Sales Order,SO-002588,2026-05-30,2026-06-01,2026-06-29,,,14.0,0.0,0.0,Released,550.07,0.0,0.0,0.0,0.0,0.0
10120,MO-010120,AFT-0001,100,291,291,Sales Order,SO-003373,2026-06-19,2026-06-21,2026-06-29,2026-06-22,,3.0,1.05,0.015,Started,1725.18,4468.84,157.8,59.64,90.65,36.36
12476,MO-012476,AFT-0023,100,313,313,Sales Order,SO-004158,2026-06-17,2026-06-19,2026-06-29,2026-06-20,2026-06-29,14.0,10.92,0.07,Reported Finished,273.18,3122.99,290.81,105.93,160.84,164.57
14832,MO-014832,AFT-0045,300,335,335,Sales Order,SO-004944,2026-06-15,2026-06-17,2026-06-29,,,3.0,0.0,0.0,Released,1273.82,0.0,0.0,0.0,0.0,0.0
17188,MO-017188,SA-0007,200,7,7,Sales Order,SO-005729,2026-06-13,2026-06-15,2026-06-29,2026-06-16,,14.0,4.9,0.07,Started,1089.95,13837.87,302.8,111.23,168.78,92.09
19544,MO-019544,SA-0029,300,29,29,Sales Order,SO-006514,2026-06-11,2026-06-13,2026-06-29,2026-06-14,2026-06-29,3.0,2.34,0.015,Reported Finished,315.74,769.46,93.34,33.9,51.47,35.69
21900,MO-021900,SA-0051,100,51,51,Sales Order,SO-007300,2026-06-09,2026-06-11,2026-06-29,,,14.0,0.0,0.0,Released,1088.71,0.0,0.0,0.0,0.0,0.0
24256,MO-024256,SA-0073,200,73,73,Sales Order,SO-008085,2026-06-07,2026-06-09,2026-06-29,2026-06-10,,3.0,1.05,0.015,Started,389.09,802.76,98.28,36.36,55.22,19.09
26612,MO-026612,SA-0095,300,95,95,Sales Order,SO-008870,2026-06-05,2026-06-07,2026-06-29,2026-06-08,2026-06-29,14.0,10.92,0.07,Reported Finished,1274.81,16264.99,654.86,238.04,361.12,186.32
28968,MO-028968,DRV-0017,100,117,117,Sales Order,SO-009656,2026-06-03,2026-06-05,2026-06-29,,,3.0,0.0,0.0,Released,777.04,0.0,0.0,0.0,0.0,0.0
