id,routing_id,operation_number,work_center_code,setup_hours,run_hours_per_unit,queue_hours,outside_processing,yield_percent
1,1,10,WC-200-04,0.23,0.09,3.0,0,0.982
2,1,20,WC-200-06,0.23,0.115,5.0,0,0.979
3,1,30,WC-200-08,0.23,0.14,1.0,1,0.985
4,1,40,WC-200-02,0.23,0.165,3.0,0,0.982
5,2,10,WC-300-05,0.31,0.115,3.0,0,0.982
6,2,20,WC-300-07,0.31,0.14,5.0,0,0.979
7,2,30,WC-300-01,0.31,0.165,1.0,0,0.985
8,2,40,WC-300-03,0.31,0.19,3.0,0,0.982
9,2,50,WC-300-05,0.31,0.215,5.0,0,0.979
10,3,10,WC-100-06,0.39,0.14,3.0,0,0.982
11,3,20,WC-100-08,0.39,0.165,5.0,1,0.979
12,3,30,WC-100-02,0.39,0.19,1.0,0,0.985
13,3,40,WC-100-04,0.39,0.215,3.0,0,0.982
14,3,50,WC-100-06,0.39,0.24,5.0,0,0.979
15,3,60,WC-100-08,0.39,0.265,1.0,1,0.985
16,4,10,WC-200-07,0.47,0.165,3.0,0,0.982
17,4,20,WC-200-01,0.47,0.19,5.0,0,0.979
18,4,30,WC-200-03,0.47,0.215,1.0,0,0.985
19,5,10,WC-300-08,0.55,0.19,3.0,1,0.982
20,5,20,WC-300-02,0.55,0.215,5.0,0,0.979
21,5,30,WC-300-04,0.55,0.24,1.0,0,0.985
22,5,40,WC-300-06,0.55,0.265,3.0,0,0.982
23,6,10,WC-100-01,0.63,0.215,3.0,0,0.982
24,6,20,WC-100-03,0.63,0.24,5.0,0,0.979
25,6,30,WC-100-05,0.63,0.265,1.0,0,0.985
26,6,40,WC-100-07,0.63,0.29,3.0,0,0.982
27,6,50,WC-100-01,0.63,0.315,5.0,0,0.979
28,7,10,WC-200-02,0.15,0.24,3.0,0,0.982
29,7,20,WC-200-04,0.15,0.265,5.0,0,0.979
30,7,30,WC-200-06,0.15,0.29,1.0,0,0.985
31,7,40,WC-200-08,0.15,0.315,3.0,1,0.982
32,7,50,WC-200-02,0.15,0.34,5.0,0,0.979
33,7,60,WC-200-04,0.15,0.04,1.0,0,0.985
34,8,10,WC-300-03,0.23,0.265,3.0,0,0.982
35,8,20,WC-300-05,0.23,0.29,5.0,0,0.979
36,8,30,WC-300-07,0.23,0.315,1.0,0,0.985
37,9,10,WC-100-04,0.31,0.29,3.0,0,0.982
38,9,20,WC-100-06,0.31,0.315,5.0,0,0.979
39,9,30,WC-100-08,0.31,0.34,1.0,1,0.985
40,9,40,WC-100-02,0.31,0.04,3.0,0,0.982
41,10,10,WC-200-05,0.39,0.315,3.0,0,0.982
42,10,20,WC-200-07,0.39,0.34,5.0,0,0.979
43,10,30,WC-200-01,0.39,0.04,1.0,0,0.985
44,10,40,WC-200-03,0.39,0.065,3.0,0,0.982
45,10,50,WC-200-05,0.39,0.09,5.0,0,0.979
46,11,10,WC-300-06,0.47,0.34,3.0,0,0.982
47,11,20,WC-300-08,0.47,0.04,5.0,1,0.979
48,11,30,WC-300-02,0.47,0.065,1.0,0,0.985
49,11,40,WC-300-04,0.47,0.09,3.0,0,0.982
50,11,50,WC-300-06,0.47,0.115,5.0,0,0.979
51,11,60,WC-300-08,0.47,0.14,1.0,1,0.985
52,12,10,WC-100-07,0.55,0.04,3.0,0,0.982
53,12,20,WC-100-01,0.55,0.065,5.0,0,0.979
54,12,30,WC-100-03,0.55,0.09,1.0,0,0.985
55,13,10,WC-200-08,0.63,0.065,3.0,1,0.982
56,13,20,WC-200-02,0.63,0.09,5.0,0,0.979
57,13,30,WC-200-04,0.63,0.115,1.0,0,0.985
58,13,40,WC-200-06,0.63,0.14,3.0,0,0.982
59,14,10,WC-300-01,0.15,0.09,3.0,0,0.982
60,14,20,WC-300-03,0.15,0.115,5.0,0,0.979
61,14,30,WC-300-05,0.15,0.14,1.0,0,0.985
62,14,40,WC-300-07,0.15,0.165,3.0,0,0.982
63,14,50,WC-300-01,0.15,0.19,5.0,0,0.979
64,15,10,WC-100-02,0.23,0.115,3.0,0,0.982
65,15,20,WC-100-04,0.23,0.14,5.0,0,0.979
66,15,30,WC-100-06,0.23,0.165,1.0,0,0.985
67,15,40,WC-100-08,0.23,0.19,3.0,1,0.982
68,15,50,WC-100-02,0.23,0.215,5.0,0,0.979
69,15,60,WC-100-04,0.23,0.24,1.0,0,0.985
70,16,10,WC-200-03,0.31,0.14,3.0,0,0.982
71,16,20,WC-200-05,0.31,0.165,5.0,0,0.979
72,16,30,WC-200-07,0.31,0.19,1.0,0,0.985
73,17,10,WC-300-04,0.39,0.165,3.0,0,0.982
74,17,20,WC-300-06,0.39,0.19,5.0,0,0.979
75,17,30,WC-300-08,0.39,0.215,1.0,1,0.985
76,17,40,WC-300-02,0.39,0.24,3.0,0,0.982
77,18,10,WC-100-05,0.47,0.19,3.0,0,0.982
78,18,20,WC-100-07,0.47,0.215,5.0,0,0.979
79,18,30,WC-100-01,0.47,0.24,1.0,0,0.985
80,18,40,WC-100-03,0.47,0.265,3.0,0,0.982
81,18,50,WC-100-05,0.47,0.29,5.0,0,0.979
82,19,10,WC-200-06,0.55,0.215,3.0,0,0.982
83,19,20,WC-200-08,0.55,0.24,5.0,1,0.979
84,19,30,WC-200-02,0.55,0.265,1.0,0,0.985
85,19,40,WC-200-04,0.55,0.29,3.0,0,0.982
86,19,50,WC-200-06,0.55,0.315,5.0,0,0.979
87,19,60,WC-200-08,0.55,0.34,1.0,1,0.985
88,20,10,WC-300-07,0.63,0.24,3.0,0,0.982
89,20,20,WC-300-01,0.63,0.265,5.0,0,0.979
90,20,30,WC-300-03,0.63,0.29,1.0,0,0.985
91,21,10,WC-100-08,0.15,0.265,3.0,1,0.982
92,21,20,WC-100-02,0.15,0.29,5.0,0,0.979
93,21,30,WC-100-04,0.15,0.315,1.0,0,0.985
94,21,40,WC-100-06,0.15,0.34,3.0,0,0.982
95,22,10,WC-200-01,0.23,0.29,3.0,0,0.982
96,22,20,WC-200-03,0.23,0.315,5.0,0,0.979
97,22,30,WC-200-05,0.23,0.34,1.0,0,0.985
98,22,40,WC-200-07,0.23,0.04,3.0,0,0.982
99,22,50,WC-200-01,0.23,0.065,5.0,0,0.979
100,23,10,WC-300-02,0.31,0.315,3.0,0,0.982
101,23,20,WC-300-04,0.31,0.34,5.0,0,0.979
102,23,30,WC-300-06,0.31,0.04,1.0,0,0.985
103,23,40,WC-300-08,0.31,0.065,3.0,1,0.982
104,23,50,WC-300-02,0.31,0.09,5.0,0,0.979
105,23,60,WC-300-04,0.31,0.115,1.0,0,0.985
106,24,10,WC-100-03,0.39,0.34,3.0,0,0.982
107,24,20,WC-100-05,0.39,0.04,5.0,0,0.979
108,24,30,WC-100-07,0.39,0.065,1.0,0,0.985
109,25,10,WC-200-04,0.47,0.04,3.0,0,0.982
110,25,20,WC-200-06,0.47,0.065,5.0,0,0.979
111,25,30,WC-200-08,0.47,0.09,1.0,1,0.985
112,25,40,WC-200-02,0.47,0.115,3.0,0,0.982
113,26,10,WC-300-05,0.55,0.065,3.0,0,0.982
114,26,20,WC-300-07,0.55,0.09,5.0,0,0.979
115,26,30,WC-300-01,0.55,0.115,1.0,0,0.985
116,26,40,WC-300-03,0.55,0.14,3.0,0,0.982
117,26,50,WC-300-05,0.55,0.165,5.0,0,0.979
118,27,10,WC-100-06,0.63,0.09,3.0,0,0.982
119,27,20,WC-100-08,0.63,0.115,5.0,1,0.979
120,27,30,WC-100-02,0.63,0.14,1.0,0,0.985
121,27,40,WC-100-04,0.63,0.165,3.0,0,0.982
122,27,50,WC-100-06,0.63,0.19,5.0,0,0.979
123,27,60,WC-100-08,0.63,0.215,1.0,1,0.985
124,28,10,WC-200-07,0.15,0.115,3.0,0,0.982
125,28,20,WC-200-01,0.15,0.14,5.0,0,0.979
126,28,30,WC-200-03,0.15,0.165,1.0,0,0.985
127,29,10,WC-300-08,0.23,0.14,3.0,1,0.982
128,29,20,WC-300-02,0.23,0.165,5.0,0,0.979
129,29,30,WC-300-04,0.23,0.19,1.0,0,0.985
130,29,40,WC-300-06,0.23,0.215,3.0,0,0.982
131,30,10,WC-100-01,0.31,0.165,3.0,0,0.982
132,30,20,WC-100-03,0.31,0.19,5.0,0,0.979
133,30,30,WC-100-05,0.31,0.215,1.0,0,0.985
134,30,40,WC-100-07,0.31,0.24,3.0,0,0.982
135,30,50,WC-100-01,0.31,0.265,5.0,0,0.979
136,31,10,WC-200-02,0.39,0.19,3.0,0,0.982
137,31,20,WC-200-04,0.39,0.215,5.0,0,0.979
138,31,30,WC-200-06,0.39,0.24,1.0,0,0.985
139,31,40,WC-200-08,0.39,0.265,3.0,1,0.982
140,31,50,WC-200-02,0.39,0.29,5.0,0,0.979
141,31,60,WC-200-04,0.39,0.315,1.0,0,0.985
142,32,10,WC-300-03,0.47,0.215,3.0,0,0.982
143,32,20,WC-300-05,0.47,0.24,5.0,0,0.979
144,32,30,WC-300-07,0.47,0.265,1.0,0,0.985
145,33,10,WC-100-04,0.55,0.24,3.0,0,0.982
146,33,20,WC-100-06,0.55,0.265,5.0,0,0.979
147,33,30,WC-100-08,0.55,0.29,1.0,1,0.985
148,33,40,WC-100-02,0.55,0.315,3.0,0,0.982
149,34,10,WC-200-05,0.63,0.265,3.0,0,0.982
150,34,20,WC-200-07,0.63,0.29,5.0,0,0.979
151,34,30,WC-200-01,0.63,0.315,1.0,0,0.985
152,34,40,WC-200-03,0.63,0.34,3.0,0,0.982
153,34,50,WC-200-05,0.63,0.04,5.0,0,0.979
154,35,10,WC-300-06,0.15,0.29,3.0,0,0.982
155,35,20,WC-300-08,0.15,0.315,5.0,1,0.979
156,35,30,WC-300-02,0.15,0.34,1.0,0,0.985
157,35,40,WC-300-04,0.15,0.04,3.0,0,0.982
158,35,50,WC-300-06,0.15,0.065,5.0,0,0.979
159,35,60,WC-300-08,0.15,0.09,1.0,1,0.985
160,36,10,WC-100-07,0.23,0.315,3.0,0,0.982
161,36,20,WC-100-01,0.23,0.34,5.0,0,0.979
162,36,30,WC-100-03,0.23,0.04,1.0,0,0.985
163,37,10,WC-200-08,0.31,0.34,3.0,1,0.982
164,37,20,WC-200-02,0.31,0.04,5.0,0,0.979
165,37,30,WC-200-04,0.31,0.065,1.0,0,0.985
166,37,40,WC-200-06,0.31,0.09,3.0,0,0.982
167,38,10,WC-300-01,0.39,0.04,3.0,0,0.982
168,38,20,WC-300-03,0.39,0.065,5.0,0,0.979
169,38,30,WC-300-05,0.39,0.09,1.0,0,0.985
170,38,40,WC-300-07,0.39,0.115,3.0,0,0.982
171,38,50,WC-300-01,0.39,0.14,5.0,0,0.979
172,39,10,WC-100-02,0.47,0.065,3.0,0,0.982
173,39,20,WC-100-04,0.47,0.09,5.0,0,0.979
174,39,30,WC-100-06,0.47,0.115,1.0,0,0.985
175,39,40,WC-100-08,0.47,0.14,3.0,1,0.982
176,39,50,WC-100-02,0.47,0.165,5.0,0,0.979
177,39,60,WC-100-04,0.47,0.19,1.0,0,0.985
178,40,10,WC-200-03,0.55,0.09,3.0,0,0.982
179,40,20,WC-200-05,0.55,0.115,5.0,0,0.979
180,40,30,WC-200-07,0.55,0.14,1.0,0,0.985
181,41,10,WC-300-04,0.63,0.115,3.0,0,0.982
182,41,20,WC-300-06,0.63,0.14,5.0,0,0.979
183,41,30,WC-300-08,0.63,0.165,1.0,1,0.985
184,41,40,WC-300-02,0.63,0.19,3.0,0,0.982
185,42,10,WC-100-05,0.15,0.14,3.0,0,0.982
186,42,20,WC-100-07,0.15,0.165,5.0,0,0.979
187,42,30,WC-100-01,0.15,0.19,1.0,0,0.985
188,42,40,WC-100-03,0.15,0.215,3.0,0,0.982
189,42,50,WC-100-05,0.15,0.24,5.0,0,0.979
190,43,10,WC-200-06,0.23,0.165,3.0,0,0.982
191,43,20,WC-200-08,0.23,0.19,5.0,1,0.979
192,43,30,WC-200-02,0.23,0.215,1.0,0,0.985
193,43,40,WC-200-04,0.23,0.24,3.0,0,0.982
194,43,50,WC-200-06,0.23,0.265,5.0,0,0.979
195,43,60,WC-200-08,0.23,0.29,1.0,1,0.985
196,44,10,WC-300-07,0.31,0.19,3.0,0,0.982
197,44,20,WC-300-01,0.31,0.215,5.0,0,0.979
198,44,30,WC-300-03,0.31,0.24,1.0,0,0.985
199,45,10,WC-100-08,0.39,0.215,3.0,1,0.982
200,45,20,WC-100-02,0.39,0.24,5.0,0,0.979
201,45,30,WC-100-04,0.39,0.265,1.0,0,0.985
202,45,40,WC-100-06,0.39,0.29,3.0,0,0.982
203,46,10,WC-200-01,0.47,0.24,3.0,0,0.982
204,46,20,WC-200-03,0.47,0.265,5.0,0,0.979
205,46,30,WC-200-05,0.47,0.29,1.0,0,0.985
206,46,40,WC-200-07,0.47,0.315,3.0,0,0.982
207,46,50,WC-200-01,0.47,0.34,5.0,0,0.979
208,47,10,WC-300-02,0.55,0.265,3.0,0,0.982
209,47,20,WC-300-04,0.55,0.29,5.0,0,0.979
210,47,30,WC-300-06,0.55,0.315,1.0,0,0.985
211,47,40,WC-300-08,0.55,0.34,3.0,1,0.982
212,47,50,WC-300-02,0.55,0.04,5.0,0,0.979
213,47,60,WC-300-04,0.55,0.065,1.0,0,0.985
214,48,10,WC-100-03,0.63,0.29,3.0,0,0.982
215,48,20,WC-100-05,0.63,0.315,5.0,0,0.979
216,48,30,WC-100-07,0.63,0.34,1.0,0,0.985
217,49,10,WC-200-04,0.15,0.315,3.0,0,0.982
218,49,20,WC-200-06,0.15,0.34,5.0,0,0.979
219,49,30,WC-200-08,0.15,0.04,1.0,1,0.985
220,49,40,WC-200-02,0.15,0.065,3.0,0,0.982
221,50,10,WC-300-05,0.23,0.34,3.0,0,0.982
222,50,20,WC-300-07,0.23,0.04,5.0,0,0.979
223,50,30,WC-300-01,0.23,0.065,1.0,0,0.985
224,50,40,WC-300-03,0.23,0.09,3.0,0,0.982
225,50,50,WC-300-05,0.23,0.115,5.0,0,0.979
226,51,10,WC-100-06,0.31,0.04,3.0,0,0.982
227,51,20,WC-100-08,0.31,0.065,5.0,1,0.979
228,51,30,WC-100-02,0.31,0.09,1.0,0,0.985
229,51,40,WC-100-04,0.31,0.115,3.0,0,0.982
230,51,50,WC-100-06,0.31,0.14,5.0,0,0.979
231,51,60,WC-100-08,0.31,0.165,1.0,1,0.985
232,52,10,WC-200-07,0.39,0.065,3.0,0,0.982
233,52,20,WC-200-01,0.39,0.09,5.0,0,0.979
234,52,30,WC-200-03,0.39,0.115,1.0,0,0.985
235,53,10,WC-300-08,0.47,0.09,3.0,1,0.982
236,53,20,WC-300-02,0.47,0.115,5.0,0,0.979
237,53,30,WC-300-04,0.47,0.14,1.0,0,0.985
238,53,40,WC-300-06,0.47,0.165,3.0,0,0.982
239,54,10,WC-100-01,0.55,0.115,3.0,0,0.982
240,54,20,WC-100-03,0.55,0.14,5.0,0,0.979
241,54,30,WC-100-05,0.55,0.165,1.0,0,0.985
242,54,40,WC-100-07,0.55,0.19,3.0,0,0.982
243,54,50,WC-100-01,0.55,0.215,5.0,0,0.979
244,55,10,WC-200-02,0.63,0.14,3.0,0,0.982
245,55,20,WC-200-04,0.63,0.165,5.0,0,0.979
246,55,30,WC-200-06,0.63,0.19,1.0,0,0.985
247,55,40,WC-200-08,0.63,0.215,3.0,1,0.982
248,55,50,WC-200-02,0.63,0.24,5.0,0,0.979
249,55,60,WC-200-04,0.63,0.265,1.0,0,0.985
250,56,10,WC-300-03,0.15,0.165,3.0,0,0.982
251,56,20,WC-300-05,0.15,0.19,5.0,0,0.979
252,56,30,WC-300-07,0.15,0.215,1.0,0,0.985
253,57,10,WC-100-04,0.23,0.19,3.0,0,0.982
254,57,20,WC-100-06,0.23,0.215,5.0,0,0.979
255,57,30,WC-100-08,0.23,0.24,1.0,1,0.985
256,57,40,WC-100-02,0.23,0.265,3.0,0,0.982
257,58,10,WC-200-05,0.31,0.215,3.0,0,0.982
258,58,20,WC-200-07,0.31,0.24,5.0,0,0.979
259,58,30,WC-200-01,0.31,0.265,1.0,0,0.985
260,58,40,WC-200-03,0.31,0.29,3.0,0,0.982
261,58,50,WC-200-05,0.31,0.315,5.0,0,0.979
262,59,10,WC-300-06,0.39,0.24,3.0,0,0.982
263,59,20,WC-300-08,0.39,0.265,5.0,1,0.979
264,59,30,WC-300-02,0.39,0.29,1.0,0,0.985
265,59,40,WC-300-04,0.39,0.315,3.0,0,0.982
266,59,50,WC-300-06,0.39,0.34,5.0,0,0.979
267,59,60,WC-300-08,0.39,0.04,1.0,1,0.985
268,60,10,WC-100-07,0.47,0.265,3.0,0,0.982
269,60,20,WC-100-01,0.47,0.29,5.0,0,0.979
270,60,30,WC-100-03,0.47,0.315,1.0,0,0.985
271,61,10,WC-200-08,0.55,0.29,3.0,1,0.982
272,61,20,WC-200-02,0.55,0.315,5.0,0,0.979
273,61,30,WC-200-04,0.55,0.34,1.0,0,0.985
274,61,40,WC-200-06,0.55,0.04,3.0,0,0.982
275,62,10,WC-300-01,0.63,0.315,3.0,0,0.982
276,62,20,WC-300-03,0.63,0.34,5.0,0,0.979
277,62,30,WC-300-05,0.63,0.04,1.0,0,0.985
278,62,40,WC-300-07,0.63,0.065,3.0,0,0.982
279,62,50,WC-300-01,0.63,0.09,5.0,0,0.979
280,63,10,WC-100-02,0.15,0.34,3.0,0,0.982
281,63,20,WC-100-04,0.15,0.04,5.0,0,0.979
282,63,30,WC-100-06,0.15,0.065,1.0,0,0.985
283,63,40,WC-100-08,0.15,0.09,3.0,1,0.982
284,63,50,WC-100-02,0.15,0.115,5.0,0,0.979
285,63,60,WC-100-04,0.15,0.14,1.0,0,0.985
286,64,10,WC-200-03,0.23,0.04,3.0,0,0.982
287,64,20,WC-200-05,0.23,0.065,5.0,0,0.979
288,64,30,WC-200-07,0.23,0.09,1.0,0,0.985
289,65,10,WC-300-04,0.31,0.065,3.0,0,0.982
290,65,20,WC-300-06,0.31,0.09,5.0,0,0.979
291,65,30,WC-300-08,0.31,0.115,1.0,1,0.985
292,65,40,WC-300-02,0.31,0.14,3.0,0,0.982
293,66,10,WC-100-05,0.39,0.09,3.0,0,0.982
294,66,20,WC-100-07,0.39,0.115,5.0,0,0.979
295,66,30,WC-100-01,0.39,0.14,1.0,0,0.985
296,66,40,WC-100-03,0.39,0.165,3.0,0,0.982
297,66,50,WC-100-05,0.39,0.19,5.0,0,0.979
298,67,10,WC-200-06,0.47,0.115,3.0,0,0.982
299,67,20,WC-200-08,0.47,0.14,5.0,1,0.979
300,67,30,WC-200-02,0.47,0.165,1.0,0,0.985
301,67,40,WC-200-04,0.47,0.19,3.0,0,0.982
302,67,50,WC-200-06,0.47,0.215,5.0,0,0.979
303,67,60,WC-200-08,0.47,0.24,1.0,1,0.985
304,68,10,WC-300-07,0.55,0.14,3.0,0,0.982
305,68,20,WC-300-01,0.55,0.165,5.0,0,0.979
306,68,30,WC-300-03,0.55,0.19,1.0,0,0.985
307,69,10,WC-100-08,0.63,0.165,3.0,1,0.982
308,69,20,WC-100-02,0.63,0.19,5.0,0,0.979
309,69,30,WC-100-04,0.63,0.215,1.0,0,0.985
310,69,40,WC-100-06,0.63,0.24,3.0,0,0.982
311,70,10,WC-200-01,0.15,0.19,3.0,0,0.982
312,70,20,WC-200-03,0.15,0.215,5.0,0,0.979
313,70,30,WC-200-05,0.15,0.24,1.0,0,0.985
314,70,40,WC-200-07,0.15,0.265,3.0,0,0.982
315,70,50,WC-200-01,0.15,0.29,5.0,0,0.979
316,71,10,WC-300-02,0.23,0.215,3.0,0,0.982
317,71,20,WC-300-04,0.23,0.24,5.0,0,0.979
318,71,30,WC-300-06,0.23,0.265,1.0,0,0.985
319,71,40,WC-300-08,0.23,0.29,3.0,1,0.982
320,71,50,WC-300-02,0.23,0.315,5.0,0,0.979
321,71,60,WC-300-04,0.23,0.34,1.0,0,0.985
322,72,10,WC-100-03,0.31,0.24,3.0,0,0.982
323,72,20,WC-100-05,0.31,0.265,5.0,0,0.979
324,72,30,WC-100-07,0.31,0.29,1.0,0,0.985
325,73,10,WC-200-04,0.39,0.265,3.0,0,0.982
326,73,20,WC-200-06,0.39,0.29,5.0,0,0.979
327,73,30,WC-200-08,0.39,0.315,1.0,1,0.985
328,73,40,WC-200-02,0.39,0.34,3.0,0,0.982
329,74,10,WC-300-05,0.47,0.29,3.0,0,0.982
330,74,20,WC-300-07,0.47,0.315,5.0,0,0.979
331,74,30,WC-300-01,0.47,0.34,1.0,0,0.985
332,74,40,WC-300-03,0.47,0.04,3.0,0,0.982
333,74,50,WC-300-05,0.47,0.065,5.0,0,0.979
334,75,10,WC-100-06,0.55,0.315,3.0,0,0.982
335,75,20,WC-100-08,0.55,0.34,5.0,1,0.979
336,75,30,WC-100-02,0.55,0.04,1.0,0,0.985
337,75,40,WC-100-04,0.55,0.065,3.0,0,0.982
338,75,50,WC-100-06,0.55,0.09,5.0,0,0.979
339,75,60,WC-100-08,0.55,0.115,1.0,1,0.985
340,76,10,WC-200-07,0.63,0.34,3.0,0,0.982
341,76,20,WC-200-01,0.63,0.04,5.0,0,0.979
342,76,30,WC-200-03,0.63,0.065,1.0,0,0.985
343,77,10,WC-300-08,0.15,0.04,3.0,1,0.982
344,77,20,WC-300-02,0.15,0.065,5.0,0,0.979
345,77,30,WC-300-04,0.15,0.09,1.0,0,0.985
346,77,40,WC-300-06,0.15,0.115,3.0,0,0.982
347,78,10,WC-100-01,0.23,0.065,3.0,0,0.982
348,78,20,WC-100-03,0.23,0.09,5.0,0,0.979
349,78,30,WC-100-05,0.23,0.115,1.0,0,0.985
350,78,40,WC-100-07,0.23,0.14,3.0,0,0.982
351,78,50,WC-100-01,0.23,0.165,5.0,0,0.979
352,79,10,WC-200-02,0.31,0.09,3.0,0,0.982
353,79,20,WC-200-04,0.31,0.115,5.0,0,0.979
354,79,30,WC-200-06,0.31,0.14,1.0,0,0.985
355,79,40,WC-200-08,0.31,0.165,3.0,1,0.982
356,79,50,WC-200-02,0.31,0.19,5.0,0,0.979
357,79,60,WC-200-04,0.31,0.215,1.0,0,0.985
358,80,10,WC-300-03,0.39,0.115,3.0,0,0.982
359,80,20,WC-300-05,0.39,0.14,5.0,0,0.979
360,80,30,WC-300-07,0.39,0.165,1.0,0,0.985
361,81,10,WC-100-04,0.47,0.14,3.0,0,0.982
362,81,20,WC-100-06,0.47,0.165,5.0,0,0.979
363,81,30,WC-100-08,0.47,0.19,1.0,1,0.985
364,81,40,WC-100-02,0.47,0.215,3.0,0,0.982
365,82,10,WC-200-05,0.55,0.165,3.0,0,0.982
366,82,20,WC-200-07,0.55,0.19,5.0,0,0.979
367,82,30,WC-200-01,0.55,0.215,1.0,0,0.985
368,82,40,WC-200-03,0.55,0.24,3.0,0,0.982
369,82,50,WC-200-05,0.55,0.265,5.0,0,0.979
370,83,10,WC-300-06,0.63,0.19,3.0,0,0.982
371,83,20,WC-300-08,0.63,0.215,5.0,1,0.979
372,83,30,WC-300-02,0.63,0.24,1.0,0,0.985
373,83,40,WC-300-04,0.63,0.265,3.0,0,0.982
374,83,50,WC-300-06,0.63,0.29,5.0,0,0.979
375,83,60,WC-300-08,0.63,0.315,1.0,1,0.985
376,84,10,WC-100-07,0.15,0.215,3.0,0,0.982
377,84,20,WC-100-01,0.15,0.24,5.0,0,0.979
378,84,30,WC-100-03,0.15,0.265,1.0,0,0.985
379,85,10,WC-200-08,0.23,0.24,3.0,1,0.982
380,85,20,WC-200-02,0.23,0.265,5.0,0,0.979
381,85,30,WC-200-04,0.23,0.29,1.0,0,0.985
382,85,40,WC-200-06,0.23,0.315,3.0,0,0.982
383,86,10,WC-300-01,0.31,0.265,3.0,0,0.982
384,86,20,WC-300-03,0.31,0.29,5.0,0,0.979
385,86,30,WC-300-05,0.31,0.315,1.0,0,0.985
386,86,40,WC-300-07,0.31,0.34,3.0,0,0.982
387,86,50,WC-300-01,0.31,0.04,5.0,0,0.979
388,87,10,WC-100-02,0.39,0.29,3.0,0,0.982
389,87,20,WC-100-04,0.39,0.315,5.0,0,0.979
390,87,30,WC-100-06,0.39,0.34,1.0,0,0.985
391,87,40,WC-100-08,0.39,0.04,3.0,1,0.982
392,87,50,WC-100-02,0.39,0.065,5.0,0,0.979
393,87,60,WC-100-04,0.39,0.09,1.0,0,0.985
394,88,10,WC-200-03,0.47,0.315,3.0,0,0.982
395,88,20,WC-200-05,0.47,0.34,5.0,0,0.979
396,88,30,WC-200-07,0.47,0.04,1.0,0,0.985
397,89,10,WC-300-04,0.55,0.34,3.0,0,0.982
398,89,20,WC-300-06,0.55,0.04,5.0,0,0.979
399,89,30,WC-300-08,0.55,0.065,1.0,1,0.985
400,89,40,WC-300-02,0.55,0.09,3.0,0,0.982
401,90,10,WC-100-05,0.63,0.04,3.0,0,0.982
402,90,20,WC-100-07,0.63,0.065,5.0,0,0.979
403,90,30,WC-100-01,0.63,0.09,1.0,0,0.985
404,90,40,WC-100-03,0.63,0.115,3.0,0,0.982
405,90,50,WC-100-05,0.63,0.14,5.0,0,0.979
406,91,10,WC-200-06,0.15,0.065,3.0,0,0.982
407,91,20,WC-200-08,0.15,0.09,5.0,1,0.979
408,91,30,WC-200-02,0.15,0.115,1.0,0,0.985
409,91,40,WC-200-04,0.15,0.14,3.0,0,0.982
410,91,50,WC-200-06,0.15,0.165,5.0,0,0.979
411,91,60,WC-200-08,0.15,0.19,1.0,1,0.985
412,92,10,WC-300-07,0.23,0.09,3.0,0,0.982
413,92,20,WC-300-01,0.23,0.115,5.0,0,0.979
414,92,30,WC-300-03,0.23,0.14,1.0,0,0.985
415,93,10,WC-100-08,0.31,0.115,3.0,1,0.982
416,93,20,WC-100-02,0.31,0.14,5.0,0,0.979
417,93,30,WC-100-04,0.31,0.165,1.0,0,0.985
418,93,40,WC-100-06,0.31,0.19,3.0,0,0.982
419,94,10,WC-200-01,0.39,0.14,3.0,0,0.982
420,94,20,WC-200-03,0.39,0.165,5.0,0,0.979
421,94,30,WC-200-05,0.39,0.19,1.0,0,0.985
422,94,40,WC-200-07,0.39,0.215,3.0,0,0.982
423,94,50,WC-200-01,0.39,0.24,5.0,0,0.979
424,95,10,WC-300-02,0.47,0.165,3.0,0,0.982
425,95,20,WC-300-04,0.47,0.19,5.0,0,0.979
426,95,30,WC-300-06,0.47,0.215,1.0,0,0.985
427,95,40,WC-300-08,0.47,0.24,3.0,1,0.982
428,95,50,WC-300-02,0.47,0.265,5.0,0,0.979
429,95,60,WC-300-04,0.47,0.29,1.0,0,0.985
430,96,10,WC-100-03,0.55,0.19,3.0,0,0.982
431,96,20,WC-100-05,0.55,0.215,5.0,0,0.979
432,96,30,WC-100-07,0.55,0.24,1.0,0,0.985
433,97,10,WC-200-04,0.63,0.215,3.0,0,0.982
434,97,20,WC-200-06,0.63,0.24,5.0,0,0.979
435,97,30,WC-200-08,0.63,0.265,1.0,1,0.985
436,97,40,WC-200-02,0.63,0.29,3.0,0,0.982
437,98,10,WC-300-05,0.15,0.24,3.0,0,0.982
438,98,20,WC-300-07,0.15,0.265,5.0,0,0.979
439,98,30,WC-300-01,0.15,0.29,1.0,0,0.985
440,98,40,WC-300-03,0.15,0.315,3.0,0,0.982
441,98,50,WC-300-05,0.15,0.34,5.0,0,0.979
442,99,10,WC-100-06,0.23,0.265,3.0,0,0.982
443,99,20,WC-100-08,0.23,0.29,5.0,1,0.979
444,99,30,WC-100-02,0.23,0.315,1.0,0,0.985
445,99,40,WC-100-04,0.23,0.34,3.0,0,0.982
446,99,50,WC-100-06,0.23,0.04,5.0,0,0.979
447,99,60,WC-100-08,0.23,0.065,1.0,1,0.985
448,100,10,WC-200-07,0.31,0.29,3.0,0,0.982
449,100,20,WC-200-01,0.31,0.315,5.0,0,0.979
450,100,30,WC-200-03,0.31,0.34,1.0,0,0.985
451,101,10,WC-100-08,0.39,0.315,3.0,1,0.982
452,101,20,WC-100-02,0.39,0.34,5.0,0,0.979
453,101,30,WC-100-04,0.39,0.04,1.0,0,0.985
454,101,40,WC-100-06,0.39,0.065,3.0,0,0.982
455,102,10,WC-200-01,0.47,0.34,3.0,0,0.982
456,102,20,WC-200-03,0.47,0.04,5.0,0,0.979
457,102,30,WC-200-05,0.47,0.065,1.0,0,0.985
458,102,40,WC-200-07,0.47,0.09,3.0,0,0.982
459,102,50,WC-200-01,0.47,0.115,5.0,0,0.979
460,103,10,WC-100-02,0.55,0.04,3.0,0,0.982
461,103,20,WC-100-04,0.55,0.065,5.0,0,0.979
462,103,30,WC-100-06,0.55,0.09,1.0,0,0.985
463,103,40,WC-100-08,0.55,0.115,3.0,1,0.982
464,103,50,WC-100-02,0.55,0.14,5.0,0,0.979
465,103,60,WC-100-04,0.55,0.165,1.0,0,0.985
466,104,10,WC-200-03,0.63,0.065,3.0,0,0.982
467,104,20,WC-200-05,0.63,0.09,5.0,0,0.979
468,104,30,WC-200-07,0.63,0.115,1.0,0,0.985
469,105,10,WC-100-04,0.15,0.09,3.0,0,0.982
470,105,20,WC-100-06,0.15,0.115,5.0,0,0.979
471,105,30,WC-100-08,0.15,0.14,1.0,1,0.985
472,105,40,WC-100-02,0.15,0.165,3.0,0,0.982
473,106,10,WC-200-05,0.23,0.115,3.0,0,0.982
474,106,20,WC-200-07,0.23,0.14,5.0,0,0.979
475,106,30,WC-200-01,0.23,0.165,1.0,0,0.985
476,106,40,WC-200-03,0.23,0.19,3.0,0,0.982
477,106,50,WC-200-05,0.23,0.215,5.0,0,0.979
478,107,10,WC-100-06,0.31,0.14,3.0,0,0.982
479,107,20,WC-100-08,0.31,0.165,5.0,1,0.979
480,107,30,WC-100-02,0.31,0.19,1.0,0,0.985
481,107,40,WC-100-04,0.31,0.215,3.0,0,0.982
482,107,50,WC-100-06,0.31,0.24,5.0,0,0.979
483,107,60,WC-100-08,0.31,0.265,1.0,1,0.985
484,108,10,WC-200-07,0.39,0.165,3.0,0,0.982
485,108,20,WC-200-01,0.39,0.19,5.0,0,0.979
486,108,30,WC-200-03,0.39,0.215,1.0,0,0.985
487,109,10,WC-100-08,0.47,0.19,3.0,1,0.982
488,109,20,WC-100-02,0.47,0.215,5.0,0,0.979
489,109,30,WC-100-04,0.47,0.24,1.0,0,0.985
490,109,40,WC-100-06,0.47,0.265,3.0,0,0.982
491,110,10,WC-200-01,0.55,0.215,3.0,0,0.982
492,110,20,WC-200-03,0.55,0.24,5.0,0,0.979
493,110,30,WC-200-05,0.55,0.265,1.0,0,0.985
494,110,40,WC-200-07,0.55,0.29,3.0,0,0.982
495,110,50,WC-200-01,0.55,0.315,5.0,0,0.979
496,111,10,WC-100-02,0.63,0.24,3.0,0,0.982
497,111,20,WC-100-04,0.63,0.265,5.0,0,0.979
498,111,30,WC-100-06,0.63,0.29,1.0,0,0.985
499,111,40,WC-100-08,0.63,0.315,3.0,1,0.982
500,111,50,WC-100-02,0.63,0.34,5.0,0,0.979
501,111,60,WC-100-04,0.63,0.04,1.0,0,0.985
502,112,10,WC-200-03,0.15,0.265,3.0,0,0.982
503,112,20,WC-200-05,0.15,0.29,5.0,0,0.979
504,112,30,WC-200-07,0.15,0.315,1.0,0,0.985
505,113,10,WC-100-04,0.23,0.29,3.0,0,0.982
506,113,20,WC-100-06,0.23,0.315,5.0,0,0.979
507,113,30,WC-100-08,0.23,0.34,1.0,1,0.985
508,113,40,WC-100-02,0.23,0.04,3.0,0,0.982
509,114,10,WC-200-05,0.31,0.315,3.0,0,0.982
510,114,20,WC-200-07,0.31,0.34,5.0,0,0.979
511,114,30,WC-200-01,0.31,0.04,1.0,0,0.985
512,114,40,WC-200-03,0.31,0.065,3.0,0,0.982
513,114,50,WC-200-05,0.31,0.09,5.0,0,0.979
514,115,10,WC-100-06,0.39,0.34,3.0,0,0.982
515,115,20,WC-100-08,0.39,0.04,5.0,1,0.979
516,115,30,WC-100-02,0.39,0.065,1.0,0,0.985
517,115,40,WC-100-04,0.39,0.09,3.0,0,0.982
518,115,50,WC-100-06,0.39,0.115,5.0,0,0.979
519,115,60,WC-100-08,0.39,0.14,1.0,1,0.985
520,116,10,WC-200-07,0.47,0.04,3.0,0,0.982
521,116,20,WC-200-01,0.47,0.065,5.0,0,0.979
522,116,30,WC-200-03,0.47,0.09,1.0,0,0.985
523,117,10,WC-100-08,0.55,0.065,3.0,1,0.982
524,117,20,WC-100-02,0.55,0.09,5.0,0,0.979
525,117,30,WC-100-04,0.55,0.115,1.0,0,0.985
526,117,40,WC-100-06,0.55,0.14,3.0,0,0.982
527,118,10,WC-200-01,0.63,0.09,3.0,0,0.982
528,118,20,WC-200-03,0.63,0.115,5.0,0,0.979
529,118,30,WC-200-05,0.63,0.14,1.0,0,0.985
530,118,40,WC-200-07,0.63,0.165,3.0,0,0.982
531,118,50,WC-200-01,0.63,0.19,5.0,0,0.979
532,119,10,WC-100-02,0.15,0.115,3.0,0,0.982
533,119,20,WC-100-04,0.15,0.14,5.0,0,0.979
534,119,30,WC-100-06,0.15,0.165,1.0,0,0.985
535,119,40,WC-100-08,0.15,0.19,3.0,1,0.982
536,119,50,WC-100-02,0.15,0.215,5.0,0,0.979
537,119,60,WC-100-04,0.15,0.24,1.0,0,0.985
538,120,10,WC-200-03,0.23,0.14,3.0,0,0.982
539,120,20,WC-200-05,0.23,0.165,5.0,0,0.979
540,120,30,WC-200-07,0.23,0.19,1.0,0,0.985
541,121,10,WC-100-04,0.31,0.165,3.0,0,0.982
542,121,20,WC-100-06,0.31,0.19,5.0,0,0.979
543,121,30,WC-100-08,0.31,0.215,1.0,1,0.985
544,121,40,WC-100-02,0.31,0.24,3.0,0,0.982
545,122,10,WC-200-05,0.39,0.19,3.0,0,0.982
546,122,20,WC-200-07,0.39,0.215,5.0,0,0.979
547,122,30,WC-200-01,0.39,0.24,1.0,0,0.985
548,122,40,WC-200-03,0.39,0.265,3.0,0,0.982
549,122,50,WC-200-05,0.39,0.29,5.0,0,0.979
550,123,10,WC-100-06,0.47,0.215,3.0,0,0.982
551,123,20,WC-100-08,0.47,0.24,5.0,1,0.979
552,123,30,WC-100-02,0.47,0.265,1.0,0,0.985
553,123,40,WC-100-04,0.47,0.29,3.0,0,0.982
554,123,50,WC-100-06,0.47,0.315,5.0,0,0.979
555,123,60,WC-100-08,0.47,0.34,1.0,1,0.985
556,124,10,WC-200-07,0.55,0.24,3.0,0,0.982
557,124,20,WC-200-01,0.55,0.265,5.0,0,0.979
558,124,30,WC-200-03,0.55,0.29,1.0,0,0.985
559,125,10,WC-100-08,0.63,0.265,3.0,1,0.982
560,125,20,WC-100-02,0.63,0.29,5.0,0,0.979
561,125,30,WC-100-04,0.63,0.315,1.0,0,0.985
562,125,40,WC-100-06,0.63,0.34,3.0,0,0.982
563,126,10,WC-200-01,0.15,0.29,3.0,0,0.982
564,126,20,WC-200-03,0.15,0.315,5.0,0,0.979
565,126,30,WC-200-05,0.15,0.34,1.0,0,0.985
566,126,40,WC-200-07,0.15,0.04,3.0,0,0.982
567,126,50,WC-200-01,0.15,0.065,5.0,0,0.979
568,127,10,WC-100-02,0.23,0.315,3.0,0,0.982
569,127,20,WC-100-04,0.23,0.34,5.0,0,0.979
570,127,30,WC-100-06,0.23,0.04,1.0,0,0.985
571,127,40,WC-100-08,0.23,0.065,3.0,1,0.982
572,127,50,WC-100-02,0.23,0.09,5.0,0,0.979
573,127,60,WC-100-04,0.23,0.115,1.0,0,0.985
574,128,10,WC-200-03,0.31,0.34,3.0,0,0.982
575,128,20,WC-200-05,0.31,0.04,5.0,0,0.979
576,128,30,WC-200-07,0.31,0.065,1.0,0,0.985
577,129,10,WC-100-04,0.39,0.04,3.0,0,0.982
578,129,20,WC-100-06,0.39,0.065,5.0,0,0.979
579,129,30,WC-100-08,0.39,0.09,1.0,1,0.985
580,129,40,WC-100-02,0.39,0.115,3.0,0,0.982
581,130,10,WC-200-05,0.47,0.065,3.0,0,0.982
582,130,20,WC-200-07,0.47,0.09,5.0,0,0.979
583,130,30,WC-200-01,0.47,0.115,1.0,0,0.985
584,130,40,WC-200-03,0.47,0.14,3.0,0,0.982
585,130,50,WC-200-05,0.47,0.165,5.0,0,0.979
586,131,10,WC-100-06,0.55,0.09,3.0,0,0.982
587,131,20,WC-100-08,0.55,0.115,5.0,1,0.979
588,131,30,WC-100-02,0.55,0.14,1.0,0,0.985
589,131,40,WC-100-04,0.55,0.165,3.0,0,0.982
590,131,50,WC-100-06,0.55,0.19,5.0,0,0.979
591,131,60,WC-100-08,0.55,0.215,1.0,1,0.985
592,132,10,WC-200-07,0.63,0.115,3.0,0,0.982
593,132,20,WC-200-01,0.63,0.14,5.0,0,0.979
594,132,30,WC-200-03,0.63,0.165,1.0,0,0.985
595,133,10,WC-100-08,0.15,0.14,3.0,1,0.982
596,133,20,WC-100-02,0.15,0.165,5.0,0,0.979
597,133,30,WC-100-04,0.15,0.19,1.0,0,0.985
598,133,40,WC-100-06,0.15,0.215,3.0,0,0.982
599,134,10,WC-200-01,0.23,0.165,3.0,0,0.982
600,134,20,WC-200-03,0.23,0.19,5.0,0,0.979
601,134,30,WC-200-05,0.23,0.215,1.0,0,0.985
602,134,40,WC-200-07,0.23,0.24,3.0,0,0.982
603,134,50,WC-200-01,0.23,0.265,5.0,0,0.979
604,135,10,WC-100-02,0.31,0.19,3.0,0,0.982
605,135,20,WC-100-04,0.31,0.215,5.0,0,0.979
606,135,30,WC-100-06,0.31,0.24,1.0,0,0.985
607,135,40,WC-100-08,0.31,0.265,3.0,1,0.982
608,135,50,WC-100-02,0.31,0.29,5.0,0,0.979
609,135,60,WC-100-04,0.31,0.315,1.0,0,0.985
610,136,10,WC-200-03,0.39,0.215,3.0,0,0.982
611,136,20,WC-200-05,0.39,0.24,5.0,0,0.979
612,136,30,WC-200-07,0.39,0.265,1.0,0,0.985
613,137,10,WC-100-04,0.47,0.24,3.0,0,0.982
614,137,20,WC-100-06,0.47,0.265,5.0,0,0.979
615,137,30,WC-100-08,0.47,0.29,1.0,1,0.985
616,137,40,WC-100-02,0.47,0.315,3.0,0,0.982
617,138,10,WC-200-05,0.55,0.265,3.0,0,0.982
618,138,20,WC-200-07,0.55,0.29,5.0,0,0.979
619,138,30,WC-200-01,0.55,0.315,1.0,0,0.985
620,138,40,WC-200-03,0.55,0.34,3.0,0,0.982
621,138,50,WC-200-05,0.55,0.04,5.0,0,0.979
622,139,10,WC-100-06,0.63,0.29,3.0,0,0.982
623,139,20,WC-100-08,0.63,0.315,5.0,1,0.979
624,139,30,WC-100-02,0.63,0.34,1.0,0,0.985
625,139,40,WC-100-04,0.63,0.04,3.0,0,0.982
626,139,50,WC-100-06,0.63,0.065,5.0,0,0.979
627,139,60,WC-100-08,0.63,0.09,1.0,1,0.985
628,140,10,WC-200-07,0.15,0.315,3.0,0,0.982
629,140,20,WC-200-01,0.15,0.34,5.0,0,0.979
630,140,30,WC-200-03,0.15,0.04,1.0,0,0.985
631,141,10,WC-100-08,0.23,0.34,3.0,1,0.982
632,141,20,WC-100-02,0.23,0.04,5.0,0,0.979
633,141,30,WC-100-04,0.23,0.065,1.0,0,0.985
634,141,40,WC-100-06,0.23,0.09,3.0,0,0.982
635,142,10,WC-200-01,0.31,0.04,3.0,0,0.982
636,142,20,WC-200-03,0.31,0.065,5.0,0,0.979
637,142,30,WC-200-05,0.31,0.09,1.0,0,0.985
638,142,40,WC-200-07,0.31,0.115,3.0,0,0.982
639,142,50,WC-200-01,0.31,0.14,5.0,0,0.979
640,143,10,WC-100-02,0.39,0.065,3.0,0,0.982
641,143,20,WC-100-04,0.39,0.09,5.0,0,0.979
642,143,30,WC-100-06,0.39,0.115,1.0,0,0.985
643,143,40,WC-100-08,0.39,0.14,3.0,1,0.982
644,143,50,WC-100-02,0.39,0.165,5.0,0,0.979
645,143,60,WC-100-04,0.39,0.19,1.0,0,0.985
646,144,10,WC-200-03,0.47,0.09,3.0,0,0.982
647,144,20,WC-200-05,0.47,0.115,5.0,0,0.979
648,144,30,WC-200-07,0.47,0.14,1.0,0,0.985
649,145,10,WC-100-04,0.55,0.115,3.0,0,0.982
650,145,20,WC-100-06,0.55,0.14,5.0,0,0.979
651,145,30,WC-100-08,0.55,0.165,1.0,1,0.985
652,145,40,WC-100-02,0.55,0.19,3.0,0,0.982
653,146,10,WC-200-05,0.63,0.14,3.0,0,0.982
654,146,20,WC-200-07,0.63,0.165,5.0,0,0.979
655,146,30,WC-200-01,0.63,0.19,1.0,0,0.985
656,146,40,WC-200-03,0.63,0.215,3.0,0,0.982
657,146,50,WC-200-05,0.63,0.24,5.0,0,0.979
658,147,10,WC-100-06,0.15,0.165,3.0,0,0.982
659,147,20,WC-100-08,0.15,0.19,5.0,1,0.979
660,147,30,WC-100-02,0.15,0.215,1.0,0,0.985
661,147,40,WC-100-04,0.15,0.24,3.0,0,0.982
662,147,50,WC-100-06,0.15,0.265,5.0,0,0.979
663,147,60,WC-100-08,0.15,0.29,1.0,1,0.985
664,148,10,WC-200-07,0.23,0.19,3.0,0,0.982
665,148,20,WC-200-01,0.23,0.215,5.0,0,0.979
666,148,30,WC-200-03,0.23,0.24,1.0,0,0.985
667,149,10,WC-100-08,0.31,0.215,3.0,1,0.982
668,149,20,WC-100-02,0.31,0.24,5.0,0,0.979
669,149,30,WC-100-04,0.31,0.265,1.0,0,0.985
670,149,40,WC-100-06,0.31,0.29,3.0,0,0.982
671,150,10,WC-200-01,0.39,0.24,3.0,0,0.982
672,150,20,WC-200-03,0.39,0.265,5.0,0,0.979
673,150,30,WC-200-05,0.39,0.29,1.0,0,0.985
674,150,40,WC-200-07,0.39,0.315,3.0,0,0.982
675,150,50,WC-200-01,0.39,0.34,5.0,0,0.979
676,151,10,WC-100-02,0.47,0.265,3.0,0,0.982
677,151,20,WC-100-04,0.47,0.29,5.0,0,0.979
678,151,30,WC-100-06,0.47,0.315,1.0,0,0.985
679,151,40,WC-100-08,0.47,0.34,3.0,1,0.982
680,151,50,WC-100-02,0.47,0.04,5.0,0,0.979
681,151,60,WC-100-04,0.47,0.065,1.0,0,0.985
682,152,10,WC-200-03,0.55,0.29,3.0,0,0.982
683,152,20,WC-200-05,0.55,0.315,5.0,0,0.979
684,152,30,WC-200-07,0.55,0.34,1.0,0,0.985
685,153,10,WC-100-04,0.63,0.315,3.0,0,0.982
686,153,20,WC-100-06,0.63,0.34,5.0,0,0.979
687,153,30,WC-100-08,0.63,0.04,1.0,1,0.985
688,153,40,WC-100-02,0.63,0.065,3.0,0,0.982
689,154,10,WC-200-05,0.15,0.34,3.0,0,0.982
690,154,20,WC-200-07,0.15,0.04,5.0,0,0.979
691,154,30,WC-200-01,0.15,0.065,1.0,0,0.985
692,154,40,WC-200-03,0.15,0.09,3.0,0,0.982
693,154,50,WC-200-05,0.15,0.115,5.0,0,0.979
694,155,10,WC-100-06,0.23,0.04,3.0,0,0.982
695,155,20,WC-100-08,0.23,0.065,5.0,1,0.979
696,155,30,WC-100-02,0.23,0.09,1.0,0,0.985
697,155,40,WC-100-04,0.23,0.115,3.0,0,0.982
698,155,50,WC-100-06,0.23,0.14,5.0,0,0.979
699,155,60,WC-100-08,0.23,0.165,1.0,1,0.985
700,156,10,WC-200-07,0.31,0.065,3.0,0,0.982
701,156,20,WC-200-01,0.31,0.09,5.0,0,0.979
702,156,30,WC-200-03,0.31,0.115,1.0,0,0.985
703,157,10,WC-100-08,0.39,0.09,3.0,1,0.982
704,157,20,WC-100-02,0.39,0.115,5.0,0,0.979
705,157,30,WC-100-04,0.39,0.14,1.0,0,0.985
706,157,40,WC-100-06,0.39,0.165,3.0,0,0.982
707,158,10,WC-200-01,0.47,0.115,3.0,0,0.982
708,158,20,WC-200-03,0.47,0.14,5.0,0,0.979
709,158,30,WC-200-05,0.47,0.165,1.0,0,0.985
710,158,40,WC-200-07,0.47,0.19,3.0,0,0.982
711,158,50,WC-200-01,0.47,0.215,5.0,0,0.979
712,159,10,WC-100-02,0.55,0.14,3.0,0,0.982
713,159,20,WC-100-04,0.55,0.165,5.0,0,0.979
714,159,30,WC-100-06,0.55,0.19,1.0,0,0.985
715,159,40,WC-100-08,0.55,0.215,3.0,1,0.982
716,159,50,WC-100-02,0.55,0.24,5.0,0,0.979
717,159,60,WC-100-04,0.55,0.265,1.0,0,0.985
718,160,10,WC-200-03,0.63,0.165,3.0,0,0.982
719,160,20,WC-200-05,0.63,0.19,5.0,0,0.979
720,160,30,WC-200-07,0.63,0.215,1.0,0,0.985
721,161,10,WC-100-04,0.15,0.19,3.0,0,0.982
722,161,20,WC-100-06,0.15,0.215,5.0,0,0.979
723,161,30,WC-100-08,0.15,0.24,1.0,1,0.985
724,161,40,WC-100-02,0.15,0.265,3.0,0,0.982
725,162,10,WC-200-05,0.23,0.215,3.0,0,0.982
726,162,20,WC-200-07,0.23,0.24,5.0,0,0.979
727,162,30,WC-200-01,0.23,0.265,1.0,0,0.985
728,162,40,WC-200-03,0.23,0.29,3.0,0,0.982
729,162,50,WC-200-05,0.23,0.315,5.0,0,0.979
730,163,10,WC-100-06,0.31,0.24,3.0,0,0.982
731,163,20,WC-100-08,0.31,0.265,5.0,1,0.979
732,163,30,WC-100-02,0.31,0.29,1.0,0,0.985
733,163,40,WC-100-04,0.31,0.315,3.0,0,0.982
734,163,50,WC-100-06,0.31,0.34,5.0,0,0.979
735,163,60,WC-100-08,0.31,0.04,1.0,1,0.985
736,164,10,WC-200-07,0.39,0.265,3.0,0,0.982
737,164,20,WC-200-01,0.39,0.29,5.0,0,0.979
738,164,30,WC-200-03,0.39,0.315,1.0,0,0.985
739,165,10,WC-100-08,0.47,0.29,3.0,1,0.982
740,165,20,WC-100-02,0.47,0.315,5.0,0,0.979
741,165,30,WC-100-04,0.47,0.34,1.0,0,0.985
742,165,40,WC-100-06,0.47,0.04,3.0,0,0.982
743,166,10,WC-200-01,0.55,0.315,3.0,0,0.982
744,166,20,WC-200-03,0.55,0.34,5.0,0,0.979
745,166,30,WC-200-05,0.55,0.04,1.0,0,0.985
746,166,40,WC-200-07,0.55,0.065,3.0,0,0.982
747,166,50,WC-200-01,0.55,0.09,5.0,0,0.979
748,167,10,WC-100-02,0.63,0.34,3.0,0,0.982
749,167,20,WC-100-04,0.63,0.04,5.0,0,0.979
750,167,30,WC-100-06,0.63,0.065,1.0,0,0.985
751,167,40,WC-100-08,0.63,0.09,3.0,1,0.982
752,167,50,WC-100-02,0.63,0.115,5.0,0,0.979
753,167,60,WC-100-04,0.63,0.14,1.0,0,0.985
754,168,10,WC-200-03,0.15,0.04,3.0,0,0.982
755,168,20,WC-200-05,0.15,0.065,5.0,0,0.979
756,168,30,WC-200-07,0.15,0.09,1.0,0,0.985
757,169,10,WC-100-04,0.23,0.065,3.0,0,0.982
758,169,20,WC-100-06,0.23,0.09,5.0,0,0.979
759,169,30,WC-100-08,0.23,0.115,1.0,1,0.985
760,169,40,WC-100-02,0.23,0.14,3.0,0,0.982
761,170,10,WC-200-05,0.31,0.09,3.0,0,0.982
762,170,20,WC-200-07,0.31,0.115,5.0,0,0.979
763,170,30,WC-200-01,0.31,0.14,1.0,0,0.985
764,170,40,WC-200-03,0.31,0.165,3.0,0,0.982
765,170,50,WC-200-05,0.31,0.19,5.0,0,0.979
766,171,10,WC-100-06,0.39,0.115,3.0,0,0.982
767,171,20,WC-100-08,0.39,0.14,5.0,1,0.979
768,171,30,WC-100-02,0.39,0.165,1.0,0,0.985
769,171,40,WC-100-04,0.39,0.19,3.0,0,0.982
770,171,50,WC-100-06,0.39,0.215,5.0,0,0.979
771,171,60,WC-100-08,0.39,0.24,1.0,1,0.985
772,172,10,WC-200-07,0.47,0.14,3.0,0,0.982
773,172,20,WC-200-01,0.47,0.165,5.0,0,0.979
774,172,30,WC-200-03,0.47,0.19,1.0,0,0.985
775,173,10,WC-100-08,0.55,0.165,3.0,1,0.982
776,173,20,WC-100-02,0.55,0.19,5.0,0,0.979
777,173,30,WC-100-04,0.55,0.215,1.0,0,0.985
778,173,40,WC-100-06,0.55,0.24,3.0,0,0.982
779,174,10,WC-200-01,0.63,0.19,3.0,0,0.982
780,174,20,WC-200-03,0.63,0.215,5.0,0,0.979
781,174,30,WC-200-05,0.63,0.24,1.0,0,0.985
782,174,40,WC-200-07,0.63,0.265,3.0,0,0.982
783,174,50,WC-200-01,0.63,0.29,5.0,0,0.979
784,175,10,WC-100-02,0.15,0.215,3.0,0,0.982
785,175,20,WC-100-04,0.15,0.24,5.0,0,0.979
786,175,30,WC-100-06,0.15,0.265,1.0,0,0.985
787,175,40,WC-100-08,0.15,0.29,3.0,1,0.982
788,175,50,WC-100-02,0.15,0.315,5.0,0,0.979
789,175,60,WC-100-04,0.15,0.34,1.0,0,0.985
790,176,10,WC-200-03,0.23,0.24,3.0,0,0.982
791,176,20,WC-200-05,0.23,0.265,5.0,0,0.979
792,176,30,WC-200-07,0.23,0.29,1.0,0,0.985
793,177,10,WC-100-04,0.31,0.265,3.0,0,0.982
794,177,20,WC-100-06,0.31,0.29,5.0,0,0.979
795,177,30,WC-100-08,0.31,0.315,1.0,1,0.985
796,177,40,WC-100-02,0.31,0.34,3.0,0,0.982
797,178,10,WC-200-05,0.39,0.29,3.0,0,0.982
798,178,20,WC-200-07,0.39,0.315,5.0,0,0.979
799,178,30,WC-200-01,0.39,0.34,1.0,0,0.985
800,178,40,WC-200-03,0.39,0.04,3.0,0,0.982
801,178,50,WC-200-05,0.39,0.065,5.0,0,0.979
802,179,10,WC-100-06,0.47,0.315,3.0,0,0.982
803,179,20,WC-100-08,0.47,0.34,5.0,1,0.979
804,179,30,WC-100-02,0.47,0.04,1.0,0,0.985
805,179,40,WC-100-04,0.47,0.065,3.0,0,0.982
806,179,50,WC-100-06,0.47,0.09,5.0,0,0.979
807,179,60,WC-100-08,0.47,0.115,1.0,1,0.985
808,180,10,WC-200-07,0.55,0.34,3.0,0,0.982
809,180,20,WC-200-01,0.55,0.04,5.0,0,0.979
810,180,30,WC-200-03,0.55,0.065,1.0,0,0.985
811,181,10,WC-100-08,0.63,0.04,3.0,1,0.982
812,181,20,WC-100-02,0.63,0.065,5.0,0,0.979
813,181,30,WC-100-04,0.63,0.09,1.0,0,0.985
814,181,40,WC-100-06,0.63,0.115,3.0,0,0.982
815,182,10,WC-200-01,0.15,0.065,3.0,0,0.982
816,182,20,WC-200-03,0.15,0.09,5.0,0,0.979
817,182,30,WC-200-05,0.15,0.115,1.0,0,0.985
818,182,40,WC-200-07,0.15,0.14,3.0,0,0.982
819,182,50,WC-200-01,0.15,0.165,5.0,0,0.979
820,183,10,WC-100-02,0.23,0.09,3.0,0,0.982
821,183,20,WC-100-04,0.23,0.115,5.0,0,0.979
822,183,30,WC-100-06,0.23,0.14,1.0,0,0.985
823,183,40,WC-100-08,0.23,0.165,3.0,1,0.982
824,183,50,WC-100-02,0.23,0.19,5.0,0,0.979
825,183,60,WC-100-04,0.23,0.215,1.0,0,0.985
826,184,10,WC-200-03,0.31,0.115,3.0,0,0.982
827,184,20,WC-200-05,0.31,0.14,5.0,0,0.979
828,184,30,WC-200-07,0.31,0.165,1.0,0,0.985
829,185,10,WC-100-04,0.39,0.14,3.0,0,0.982
830,185,20,WC-100-06,0.39,0.165,5.0,0,0.979
831,185,30,WC-100-08,0.39,0.19,1.0,1,0.985
832,185,40,WC-100-02,0.39,0.215,3.0,0,0.982
833,186,10,WC-200-05,0.47,0.165,3.0,0,0.982
834,186,20,WC-200-07,0.47,0.19,5.0,0,0.979
835,186,30,WC-200-01,0.47,0.215,1.0,0,0.985
836,186,40,WC-200-03,0.47,0.24,3.0,0,0.982
837,186,50,WC-200-05,0.47,0.265,5.0,0,0.979
838,187,10,WC-100-06,0.55,0.19,3.0,0,0.982
839,187,20,WC-100-08,0.55,0.215,5.0,1,0.979
840,187,30,WC-100-02,0.55,0.24,1.0,0,0.985
841,187,40,WC-100-04,0.55,0.265,3.0,0,0.982
842,187,50,WC-100-06,0.55,0.29,5.0,0,0.979
843,187,60,WC-100-08,0.55,0.315,1.0,1,0.985
844,188,10,WC-200-07,0.63,0.215,3.0,0,0.982
845,188,20,WC-200-01,0.63,0.24,5.0,0,0.979
846,188,30,WC-200-03,0.63,0.265,1.0,0,0.985
847,189,10,WC-100-08,0.15,0.24,3.0,1,0.982
848,189,20,WC-100-02,0.15,0.265,5.0,0,0.979
849,189,30,WC-100-04,0.15,0.29,1.0,0,0.985
850,189,40,WC-100-06,0.15,0.315,3.0,0,0.982
851,190,10,WC-200-01,0.23,0.265,3.0,0,0.982
852,190,20,WC-200-03,0.23,0.29,5.0,0,0.979
853,190,30,WC-200-05,0.23,0.315,1.0,0,0.985
854,190,40,WC-200-07,0.23,0.34,3.0,0,0.982
855,190,50,WC-200-01,0.23,0.04,5.0,0,0.979
856,191,10,WC-100-02,0.31,0.29,3.0,0,0.982
857,191,20,WC-100-04,0.31,0.315,5.0,0,0.979
858,191,30,WC-100-06,0.31,0.34,1.0,0,0.985
859,191,40,WC-100-08,0.31,0.04,3.0,1,0.982
860,191,50,WC-100-02,0.31,0.065,5.0,0,0.979
861,191,60,WC-100-04,0.31,0.09,1.0,0,0.985
862,192,10,WC-200-03,0.39,0.315,3.0,0,0.982
863,192,20,WC-200-05,0.39,0.34,5.0,0,0.979
864,192,30,WC-200-07,0.39,0.04,1.0,0,0.985
865,193,10,WC-100-04,0.47,0.34,3.0,0,0.982
866,193,20,WC-100-06,0.47,0.04,5.0,0,0.979
867,193,30,WC-100-08,0.47,0.065,1.0,1,0.985
868,193,40,WC-100-02,0.47,0.09,3.0,0,0.982
869,194,10,WC-200-05,0.55,0.04,3.0,0,0.982
870,194,20,WC-200-07,0.55,0.065,5.0,0,0.979
871,194,30,WC-200-01,0.55,0.09,1.0,0,0.985
872,194,40,WC-200-03,0.55,0.115,3.0,0,0.982
873,194,50,WC-200-05,0.55,0.14,5.0,0,0.979
874,195,10,WC-100-06,0.63,0.065,3.0,0,0.982
875,195,20,WC-100-08,0.63,0.09,5.0,1,0.979
876,195,30,WC-100-02,0.63,0.115,1.0,0,0.985
877,195,40,WC-100-04,0.63,0.14,3.0,0,0.982
878,195,50,WC-100-06,0.63,0.165,5.0,0,0.979
879,195,60,WC-100-08,0.63,0.19,1.0,1,0.985
880,196,10,WC-200-07,0.15,0.09,3.0,0,0.982
881,196,20,WC-200-01,0.15,0.115,5.0,0,0.979
882,196,30,WC-200-03,0.15,0.14,1.0,0,0.985
883,197,10,WC-100-08,0.23,0.115,3.0,1,0.982
884,197,20,WC-100-02,0.23,0.14,5.0,0,0.979
885,197,30,WC-100-04,0.23,0.165,1.0,0,0.985
886,197,40,WC-100-06,0.23,0.19,3.0,0,0.982
887,198,10,WC-200-01,0.31,0.14,3.0,0,0.982
888,198,20,WC-200-03,0.31,0.165,5.0,0,0.979
889,198,30,WC-200-05,0.31,0.19,1.0,0,0.985
890,198,40,WC-200-07,0.31,0.215,3.0,0,0.982
891,198,50,WC-200-01,0.31,0.24,5.0,0,0.979
892,199,10,WC-100-02,0.39,0.165,3.0,0,0.982
893,199,20,WC-100-04,0.39,0.19,5.0,0,0.979
894,199,30,WC-100-06,0.39,0.215,1.0,0,0.985
895,199,40,WC-100-08,0.39,0.24,3.0,1,0.982
896,199,50,WC-100-02,0.39,0.265,5.0,0,0.979
897,199,60,WC-100-04,0.39,0.29,1.0,0,0.985
898,200,10,WC-200-03,0.47,0.19,3.0,0,0.982
899,200,20,WC-200-05,0.47,0.215,5.0,0,0.979
900,200,30,WC-200-07,0.47,0.24,1.0,0,0.985
901,201,10,WC-100-04,0.55,0.215,3.0,0,0.982
902,201,20,WC-100-06,0.55,0.24,5.0,0,0.979
903,201,30,WC-100-08,0.55,0.265,1.0,1,0.985
904,201,40,WC-100-02,0.55,0.29,3.0,0,0.982
905,202,10,WC-200-05,0.63,0.24,3.0,0,0.982
906,202,20,WC-200-07,0.63,0.265,5.0,0,0.979
907,202,30,WC-200-01,0.63,0.29,1.0,0,0.985
908,202,40,WC-200-03,0.63,0.315,3.0,0,0.982
909,202,50,WC-200-05,0.63,0.34,5.0,0,0.979
910,203,10,WC-100-06,0.15,0.265,3.0,0,0.982
911,203,20,WC-100-08,0.15,0.29,5.0,1,0.979
912,203,30,WC-100-02,0.15,0.315,1.0,0,0.985
913,203,40,WC-100-04,0.15,0.34,3.0,0,0.982
914,203,50,WC-100-06,0.15,0.04,5.0,0,0.979
915,203,60,WC-100-08,0.15,0.065,1.0,1,0.985
916,204,10,WC-200-07,0.23,0.29,3.0,0,0.982
917,204,20,WC-200-01,0.23,0.315,5.0,0,0.979
918,204,30,WC-200-03,0.23,0.34,1.0,0,0.985
919,205,10,WC-100-08,0.31,0.315,3.0,1,0.982
920,205,20,WC-100-02,0.31,0.34,5.0,0,0.979
921,205,30,WC-100-04,0.31,0.04,1.0,0,0.985
922,205,40,WC-100-06,0.31,0.065,3.0,0,0.982
923,206,10,WC-200-01,0.39,0.34,3.0,0,0.982
924,206,20,WC-200-03,0.39,0.04,5.0,0,0.979
925,206,30,WC-200-05,0.39,0.065,1.0,0,0.985
926,206,40,WC-200-07,0.39,0.09,3.0,0,0.982
927,206,50,WC-200-01,0.39,0.115,5.0,0,0.979
928,207,10,WC-100-02,0.47,0.04,3.0,0,0.982
929,207,20,WC-100-04,0.47,0.065,5.0,0,0.979
930,207,30,WC-100-06,0.47,0.09,1.0,0,0.985
931,207,40,WC-100-08,0.47,0.115,3.0,1,0.982
932,207,50,WC-100-02,0.47,0.14,5.0,0,0.979
933,207,60,WC-100-04,0.47,0.165,1.0,0,0.985
934,208,10,WC-200-03,0.55,0.065,3.0,0,0.982
935,208,20,WC-200-05,0.55,0.09,5.0,0,0.979
936,208,30,WC-200-07,0.55,0.115,1.0,0,0.985
937,209,10,WC-100-04,0.63,0.09,3.0,0,0.982
938,209,20,WC-100-06,0.63,0.115,5.0,0,0.979
939,209,30,WC-100-08,0.63,0.14,1.0,1,0.985
940,209,40,WC-100-02,0.63,0.165,3.0,0,0.982
941,210,10,WC-200-05,0.15,0.115,3.0,0,0.982
942,210,20,WC-200-07,0.15,0.14,5.0,0,0.979
943,210,30,WC-200-01,0.15,0.165,1.0,0,0.985
944,210,40,WC-200-03,0.15,0.19,3.0,0,0.982
945,210,50,WC-200-05,0.15,0.215,5.0,0,0.979
946,211,10,WC-100-06,0.23,0.14,3.0,0,0.982
947,211,20,WC-100-08,0.23,0.165,5.0,1,0.979
948,211,30,WC-100-02,0.23,0.19,1.0,0,0.985
949,211,40,WC-100-04,0.23,0.215,3.0,0,0.982
950,211,50,WC-100-06,0.23,0.24,5.0,0,0.979
951,211,60,WC-100-08,0.23,0.265,1.0,1,0.985
952,212,10,WC-200-07,0.31,0.165,3.0,0,0.982
953,212,20,WC-200-01,0.31,0.19,5.0,0,0.979
954,212,30,WC-200-03,0.31,0.215,1.0,0,0.985
955,213,10,WC-100-08,0.39,0.19,3.0,1,0.982
956,213,20,WC-100-02,0.39,0.215,5.0,0,0.979
957,213,30,WC-100-04,0.39,0.24,1.0,0,0.985
958,213,40,WC-100-06,0.39,0.265,3.0,0,0.982
959,214,10,WC-200-01,0.47,0.215,3.0,0,0.982
960,214,20,WC-200-03,0.47,0.24,5.0,0,0.979
961,214,30,WC-200-05,0.47,0.265,1.0,0,0.985
962,214,40,WC-200-07,0.47,0.29,3.0,0,0.982
963,214,50,WC-200-01,0.47,0.315,5.0,0,0.979
964,215,10,WC-100-02,0.55,0.24,3.0,0,0.982
965,215,20,WC-100-04,0.55,0.265,5.0,0,0.979
966,215,30,WC-100-06,0.55,0.29,1.0,0,0.985
967,215,40,WC-100-08,0.55,0.315,3.0,1,0.982
968,215,50,WC-100-02,0.55,0.34,5.0,0,0.979
969,215,60,WC-100-04,0.55,0.04,1.0,0,0.985
970,216,10,WC-200-03,0.63,0.265,3.0,0,0.982
971,216,20,WC-200-05,0.63,0.29,5.0,0,0.979
972,216,30,WC-200-07,0.63,0.315,1.0,0,0.985
973,217,10,WC-100-04,0.15,0.29,3.0,0,0.982
974,217,20,WC-100-06,0.15,0.315,5.0,0,0.979
975,217,30,WC-100-08,0.15,0.34,1.0,1,0.985
976,217,40,WC-100-02,0.15,0.04,3.0,0,0.982
977,218,10,WC-200-05,0.23,0.315,3.0,0,0.982
978,218,20,WC-200-07,0.23,0.34,5.0,0,0.979
979,218,30,WC-200-01,0.23,0.04,1.0,0,0.985
980,218,40,WC-200-03,0.23,0.065,3.0,0,0.982
981,218,50,WC-200-05,0.23,0.09,5.0,0,0.979
982,219,10,WC-100-06,0.31,0.34,3.0,0,0.982
983,219,20,WC-100-08,0.31,0.04,5.0,1,0.979
984,219,30,WC-100-02,0.31,0.065,1.0,0,0.985
985,219,40,WC-100-04,0.31,0.09,3.0,0,0.982
986,219,50,WC-100-06,0.31,0.115,5.0,0,0.979
987,219,60,WC-100-08,0.31,0.14,1.0,1,0.985
988,220,10,WC-200-07,0.39,0.04,3.0,0,0.982
989,220,20,WC-200-01,0.39,0.065,5.0,0,0.979
990,220,30,WC-200-03,0.39,0.09,1.0,0,0.985
991,221,10,WC-300-08,0.47,0.065,3.0,1,0.982
992,221,20,WC-300-02,0.47,0.09,5.0,0,0.979
993,221,30,WC-300-04,0.47,0.115,1.0,0,0.985
994,221,40,WC-300-06,0.47,0.14,3.0,0,0.982
995,222,10,WC-300-01,0.55,0.09,3.0,0,0.982
996,222,20,WC-300-03,0.55,0.115,5.0,0,0.979
997,222,30,WC-300-05,0.55,0.14,1.0,0,0.985
998,222,40,WC-300-07,0.55,0.165,3.0,0,0.982
999,222,50,WC-300-01,0.55,0.19,5.0,0,0.979
1000,223,10,WC-300-02,0.63,0.115,3.0,0,0.982
1001,223,20,WC-300-04,0.63,0.14,5.0,0,0.979
1002,223,30,WC-300-06,0.63,0.165,1.0,0,0.985
1003,223,40,WC-300-08,0.63,0.19,3.0,1,0.982
1004,223,50,WC-300-02,0.63,0.215,5.0,0,0.979
1005,223,60,WC-300-04,0.63,0.24,1.0,0,0.985
1006,224,10,WC-300-03,0.15,0.14,3.0,0,0.982
1007,224,20,WC-300-05,0.15,0.165,5.0,0,0.979
1008,224,30,WC-300-07,0.15,0.19,1.0,0,0.985
1009,225,10,WC-300-04,0.23,0.165,3.0,0,0.982
1010,225,20,WC-300-06,0.23,0.19,5.0,0,0.979
1011,225,30,WC-300-08,0.23,0.215,1.0,1,0.985
1012,225,40,WC-300-02,0.23,0.24,3.0,0,0.982
1013,226,10,WC-300-05,0.31,0.19,3.0,0,0.982
1014,226,20,WC-300-07,0.31,0.215,5.0,0,0.979
1015,226,30,WC-300-01,0.31,0.24,1.0,0,0.985
1016,226,40,WC-300-03,0.31,0.265,3.0,0,0.982
1017,226,50,WC-300-05,0.31,0.29,5.0,0,0.979
1018,227,10,WC-300-06,0.39,0.215,3.0,0,0.982
1019,227,20,WC-300-08,0.39,0.24,5.0,1,0.979
1020,227,30,WC-300-02,0.39,0.265,1.0,0,0.985
1021,227,40,WC-300-04,0.39,0.29,3.0,0,0.982
1022,227,50,WC-300-06,0.39,0.315,5.0,0,0.979
1023,227,60,WC-300-08,0.39,0.34,1.0,1,0.985
1024,228,10,WC-300-07,0.47,0.24,3.0,0,0.982
1025,228,20,WC-300-01,0.47,0.265,5.0,0,0.979
1026,228,30,WC-300-03,0.47,0.29,1.0,0,0.985
1027,229,10,WC-300-08,0.55,0.265,3.0,1,0.982
1028,229,20,WC-300-02,0.55,0.29,5.0,0,0.979
1029,229,30,WC-300-04,0.55,0.315,1.0,0,0.985
1030,229,40,WC-300-06,0.55,0.34,3.0,0,0.982
1031,230,10,WC-300-01,0.63,0.29,3.0,0,0.982
1032,230,20,WC-300-03,0.63,0.315,5.0,0,0.979
1033,230,30,WC-300-05,0.63,0.34,1.0,0,0.985
1034,230,40,WC-300-07,0.63,0.04,3.0,0,0.982
1035,230,50,WC-300-01,0.63,0.065,5.0,0,0.979
1036,231,10,WC-300-02,0.15,0.315,3.0,0,0.982
1037,231,20,WC-300-04,0.15,0.34,5.0,0,0.979
1038,231,30,WC-300-06,0.15,0.04,1.0,0,0.985
1039,231,40,WC-300-08,0.15,0.065,3.0,1,0.982
1040,231,50,WC-300-02,0.15,0.09,5.0,0,0.979
1041,231,60,WC-300-04,0.15,0.115,1.0,0,0.985
1042,232,10,WC-300-03,0.23,0.34,3.0,0,0.982
1043,232,20,WC-300-05,0.23,0.04,5.0,0,0.979
1044,232,30,WC-300-07,0.23,0.065,1.0,0,0.985
1045,233,10,WC-300-04,0.31,0.04,3.0,0,0.982
1046,233,20,WC-300-06,0.31,0.065,5.0,0,0.979
1047,233,30,WC-300-08,0.31,0.09,1.0,1,0.985
1048,233,40,WC-300-02,0.31,0.115,3.0,0,0.982
1049,234,10,WC-300-05,0.39,0.065,3.0,0,0.982
1050,234,20,WC-300-07,0.39,0.09,5.0,0,0.979
1051,234,30,WC-300-01,0.39,0.115,1.0,0,0.985
1052,234,40,WC-300-03,0.39,0.14,3.0,0,0.982
1053,234,50,WC-300-05,0.39,0.165,5.0,0,0.979
1054,235,10,WC-300-06,0.47,0.09,3.0,0,0.982
1055,235,20,WC-300-08,0.47,0.115,5.0,1,0.979
1056,235,30,WC-300-02,0.47,0.14,1.0,0,0.985
1057,235,40,WC-300-04,0.47,0.165,3.0,0,0.982
1058,235,50,WC-300-06,0.47,0.19,5.0,0,0.979
1059,235,60,WC-300-08,0.47,0.215,1.0,1,0.985
1060,236,10,WC-300-07,0.55,0.115,3.0,0,0.982
1061,236,20,WC-300-01,0.55,0.14,5.0,0,0.979
1062,236,30,WC-300-03,0.55,0.165,1.0,0,0.985
1063,237,10,WC-300-08,0.63,0.14,3.0,1,0.982
1064,237,20,WC-300-02,0.63,0.165,5.0,0,0.979
1065,237,30,WC-300-04,0.63,0.19,1.0,0,0.985
1066,237,40,WC-300-06,0.63,0.215,3.0,0,0.982
1067,238,10,WC-300-01,0.15,0.165,3.0,0,0.982
1068,238,20,WC-300-03,0.15,0.19,5.0,0,0.979
1069,238,30,WC-300-05,0.15,0.215,1.0,0,0.985
1070,238,40,WC-300-07,0.15,0.24,3.0,0,0.982
1071,238,50,WC-300-01,0.15,0.265,5.0,0,0.979
1072,239,10,WC-300-02,0.23,0.19,3.0,0,0.982
1073,239,20,WC-300-04,0.23,0.215,5.0,0,0.979
1074,239,30,WC-300-06,0.23,0.24,1.0,0,0.985
1075,239,40,WC-300-08,0.23,0.265,3.0,1,0.982
1076,239,50,WC-300-02,0.23,0.29,5.0,0,0.979
1077,239,60,WC-300-04,0.23,0.315,1.0,0,0.985
1078,240,10,WC-300-03,0.31,0.215,3.0,0,0.982
1079,240,20,WC-300-05,0.31,0.24,5.0,0,0.979
1080,240,30,WC-300-07,0.31,0.265,1.0,0,0.985
1081,241,10,WC-300-04,0.39,0.24,3.0,0,0.982
1082,241,20,WC-300-06,0.39,0.265,5.0,0,0.979
1083,241,30,WC-300-08,0.39,0.29,1.0,1,0.985
1084,241,40,WC-300-02,0.39,0.315,3.0,0,0.982
1085,242,10,WC-300-05,0.47,0.265,3.0,0,0.982
1086,242,20,WC-300-07,0.47,0.29,5.0,0,0.979
1087,242,30,WC-300-01,0.47,0.315,1.0,0,0.985
1088,242,40,WC-300-03,0.47,0.34,3.0,0,0.982
1089,242,50,WC-300-05,0.47,0.04,5.0,0,0.979
1090,243,10,WC-300-06,0.55,0.29,3.0,0,0.982
1091,243,20,WC-300-08,0.55,0.315,5.0,1,0.979
1092,243,30,WC-300-02,0.55,0.34,1.0,0,0.985
1093,243,40,WC-300-04,0.55,0.04,3.0,0,0.982
1094,243,50,WC-300-06,0.55,0.065,5.0,0,0.979
1095,243,60,WC-300-08,0.55,0.09,1.0,1,0.985
1096,244,10,WC-300-07,0.63,0.315,3.0,0,0.982
1097,244,20,WC-300-01,0.63,0.34,5.0,0,0.979
1098,244,30,WC-300-03,0.63,0.04,1.0,0,0.985
1099,245,10,WC-300-08,0.15,0.34,3.0,1,0.982
1100,245,20,WC-300-02,0.15,0.04,5.0,0,0.979
1101,245,30,WC-300-04,0.15,0.065,1.0,0,0.985
1102,245,40,WC-300-06,0.15,0.09,3.0,0,0.982
1103,246,10,WC-300-01,0.23,0.04,3.0,0,0.982
1104,246,20,WC-300-03,0.23,0.065,5.0,0,0.979
1105,246,30,WC-300-05,0.23,0.09,1.0,0,0.985
1106,246,40,WC-300-07,0.23,0.115,3.0,0,0.982
1107,246,50,WC-300-01,0.23,0.14,5.0,0,0.979
1108,247,10,WC-300-02,0.31,0.065,3.0,0,0.982
1109,247,20,WC-300-04,0.31,0.09,5.0,0,0.979
1110,247,30,WC-300-06,0.31,0.115,1.0,0,0.985
1111,247,40,WC-300-08,0.31,0.14,3.0,1,0.982
1112,247,50,WC-300-02,0.31,0.165,5.0,0,0.979
1113,247,60,WC-300-04,0.31,0.19,1.0,0,0.985
1114,248,10,WC-300-03,0.39,0.09,3.0,0,0.982
1115,248,20,WC-300-05,0.39,0.115,5.0,0,0.979
1116,248,30,WC-300-07,0.39,0.14,1.0,0,0.985
1117,249,10,WC-300-04,0.47,0.115,3.0,0,0.982
1118,249,20,WC-300-06,0.47,0.14,5.0,0,0.979
1119,249,30,WC-300-08,0.47,0.165,1.0,1,0.985
1120,249,40,WC-300-02,0.47,0.19,3.0,0,0.982
1121,250,10,WC-300-05,0.55,0.14,3.0,0,0.982
1122,250,20,WC-300-07,0.55,0.165,5.0,0,0.979
1123,250,30,WC-300-01,0.55,0.19,1.0,0,0.985
1124,250,40,WC-300-03,0.55,0.215,3.0,0,0.982
1125,250,50,WC-300-05,0.55,0.24,5.0,0,0.979
1126,251,10,WC-300-06,0.63,0.165,3.0,0,0.982
1127,251,20,WC-300-08,0.63,0.19,5.0,1,0.979
1128,251,30,WC-300-02,0.63,0.215,1.0,0,0.985
1129,251,40,WC-300-04,0.63,0.24,3.0,0,0.982
1130,251,50,WC-300-06,0.63,0.265,5.0,0,0.979
1131,251,60,WC-300-08,0.63,0.29,1.0,1,0.985
1132,252,10,WC-300-07,0.15,0.19,3.0,0,0.982
1133,252,20,WC-300-01,0.15,0.215,5.0,0,0.979
1134,252,30,WC-300-03,0.15,0.24,1.0,0,0.985
1135,253,10,WC-300-08,0.23,0.215,3.0,1,0.982
1136,253,20,WC-300-02,0.23,0.24,5.0,0,0.979
1137,253,30,WC-300-04,0.23,0.265,1.0,0,0.985
1138,253,40,WC-300-06,0.23,0.29,3.0,0,0.982
1139,254,10,WC-300-01,0.31,0.24,3.0,0,0.982
1140,254,20,WC-300-03,0.31,0.265,5.0,0,0.979
1141,254,30,WC-300-05,0.31,0.29,1.0,0,0.985
1142,254,40,WC-300-07,0.31,0.315,3.0,0,0.982
1143,254,50,WC-300-01,0.31,0.34,5.0,0,0.979
1144,255,10,WC-300-02,0.39,0.265,3.0,0,0.982
1145,255,20,WC-300-04,0.39,0.29,5.0,0,0.979
1146,255,30,WC-300-06,0.39,0.315,1.0,0,0.985
1147,255,40,WC-300-08,0.39,0.34,3.0,1,0.982
1148,255,50,WC-300-02,0.39,0.04,5.0,0,0.979
1149,255,60,WC-300-04,0.39,0.065,1.0,0,0.985
1150,256,10,WC-300-03,0.47,0.29,3.0,0,0.982
1151,256,20,WC-300-05,0.47,0.315,5.0,0,0.979
1152,256,30,WC-300-07,0.47,0.34,1.0,0,0.985
1153,257,10,WC-300-04,0.55,0.315,3.0,0,0.982
1154,257,20,WC-300-06,0.55,0.34,5.0,0,0.979
1155,257,30,WC-300-08,0.55,0.04,1.0,1,0.985
1156,257,40,WC-300-02,0.55,0.065,3.0,0,0.982
1157,258,10,WC-300-05,0.63,0.34,3.0,0,0.982
1158,258,20,WC-300-07,0.63,0.04,5.0,0,0.979
1159,258,30,WC-300-01,0.63,0.065,1.0,0,0.985
1160,258,40,WC-300-03,0.63,0.09,3.0,0,0.982
1161,258,50,WC-300-05,0.63,0.115,5.0,0,0.979
1162,259,10,WC-300-06,0.15,0.04,3.0,0,0.982
1163,259,20,WC-300-08,0.15,0.065,5.0,1,0.979
1164,259,30,WC-300-02,0.15,0.09,1.0,0,0.985
1165,259,40,WC-300-04,0.15,0.115,3.0,0,0.982
1166,259,50,WC-300-06,0.15,0.14,5.0,0,0.979
1167,259,60,WC-300-08,0.15,0.165,1.0,1,0.985
1168,260,10,WC-300-07,0.23,0.065,3.0,0,0.982
1169,260,20,WC-300-01,0.23,0.09,5.0,0,0.979
1170,260,30,WC-300-03,0.23,0.115,1.0,0,0.985
1171,261,10,WC-100-08,0.31,0.09,3.0,1,0.982
1172,261,20,WC-100-02,0.31,0.115,5.0,0,0.979
1173,261,30,WC-100-04,0.31,0.14,1.0,0,0.985
1174,261,40,WC-100-06,0.31,0.165,3.0,0,0.982
1175,262,10,WC-300-01,0.39,0.115,3.0,0,0.982
1176,262,20,WC-300-03,0.39,0.14,5.0,0,0.979
1177,262,30,WC-300-05,0.39,0.165,1.0,0,0.985
1178,262,40,WC-300-07,0.39,0.19,3.0,0,0.982
1179,262,50,WC-300-01,0.39,0.215,5.0,0,0.979
1180,263,10,WC-100-02,0.47,0.14,3.0,0,0.982
1181,263,20,WC-100-04,0.47,0.165,5.0,0,0.979
1182,263,30,WC-100-06,0.47,0.19,1.0,0,0.985
1183,263,40,WC-100-08,0.47,0.215,3.0,1,0.982
1184,263,50,WC-100-02,0.47,0.24,5.0,0,0.979
1185,263,60,WC-100-04,0.47,0.265,1.0,0,0.985
1186,264,10,WC-300-03,0.55,0.165,3.0,0,0.982
1187,264,20,WC-300-05,0.55,0.19,5.0,0,0.979
1188,264,30,WC-300-07,0.55,0.215,1.0,0,0.985
1189,265,10,WC-100-04,0.63,0.19,3.0,0,0.982
1190,265,20,WC-100-06,0.63,0.215,5.0,0,0.979
1191,265,30,WC-100-08,0.63,0.24,1.0,1,0.985
1192,265,40,WC-100-02,0.63,0.265,3.0,0,0.982
1193,266,10,WC-300-05,0.15,0.215,3.0,0,0.982
1194,266,20,WC-300-07,0.15,0.24,5.0,0,0.979
1195,266,30,WC-300-01,0.15,0.265,1.0,0,0.985
1196,266,40,WC-300-03,0.15,0.29,3.0,0,0.982
1197,266,50,WC-300-05,0.15,0.315,5.0,0,0.979
1198,267,10,WC-100-06,0.23,0.24,3.0,0,0.982
1199,267,20,WC-100-08,0.23,0.265,5.0,1,0.979
1200,267,30,WC-100-02,0.23,0.29,1.0,0,0.985
1201,267,40,WC-100-04,0.23,0.315,3.0,0,0.982
1202,267,50,WC-100-06,0.23,0.34,5.0,0,0.979
1203,267,60,WC-100-08,0.23,0.04,1.0,1,0.985
1204,268,10,WC-300-07,0.31,0.265,3.0,0,0.982
1205,268,20,WC-300-01,0.31,0.29,5.0,0,0.979
1206,268,30,WC-300-03,0.31,0.315,1.0,0,0.985
1207,269,10,WC-100-08,0.39,0.29,3.0,1,0.982
1208,269,20,WC-100-02,0.39,0.315,5.0,0,0.979
1209,269,30,WC-100-04,0.39,0.34,1.0,0,0.985
1210,269,40,WC-100-06,0.39,0.04,3.0,0,0.982
1211,270,10,WC-300-01,0.47,0.315,3.0,0,0.982
1212,270,20,WC-300-03,0.47,0.34,5.0,0,0.979
1213,270,30,WC-300-05,0.47,0.04,1.0,0,0.985
1214,270,40,WC-300-07,0.47,0.065,3.0,0,0.982
1215,270,50,WC-300-01,0.47,0.09,5.0,0,0.979
1216,271,10,WC-100-02,0.55,0.34,3.0,0,0.982
1217,271,20,WC-100-04,0.55,0.04,5.0,0,0.979
1218,271,30,WC-100-06,0.55,0.065,1.0,0,0.985
1219,271,40,WC-100-08,0.55,0.09,3.0,1,0.982
1220,271,50,WC-100-02,0.55,0.115,5.0,0,0.979
1221,271,60,WC-100-04,0.55,0.14,1.0,0,0.985
1222,272,10,WC-300-03,0.63,0.04,3.0,0,0.982
1223,272,20,WC-300-05,0.63,0.065,5.0,0,0.979
1224,272,30,WC-300-07,0.63,0.09,1.0,0,0.985
1225,273,10,WC-100-04,0.15,0.065,3.0,0,0.982
1226,273,20,WC-100-06,0.15,0.09,5.0,0,0.979
1227,273,30,WC-100-08,0.15,0.115,1.0,1,0.985
1228,273,40,WC-100-02,0.15,0.14,3.0,0,0.982
1229,274,10,WC-300-05,0.23,0.09,3.0,0,0.982
1230,274,20,WC-300-07,0.23,0.115,5.0,0,0.979
1231,274,30,WC-300-01,0.23,0.14,1.0,0,0.985
1232,274,40,WC-300-03,0.23,0.165,3.0,0,0.982
1233,274,50,WC-300-05,0.23,0.19,5.0,0,0.979
1234,275,10,WC-100-06,0.31,0.115,3.0,0,0.982
1235,275,20,WC-100-08,0.31,0.14,5.0,1,0.979
1236,275,30,WC-100-02,0.31,0.165,1.0,0,0.985
1237,275,40,WC-100-04,0.31,0.19,3.0,0,0.982
1238,275,50,WC-100-06,0.31,0.215,5.0,0,0.979
1239,275,60,WC-100-08,0.31,0.24,1.0,1,0.985
1240,276,10,WC-300-07,0.39,0.14,3.0,0,0.982
1241,276,20,WC-300-01,0.39,0.165,5.0,0,0.979
1242,276,30,WC-300-03,0.39,0.19,1.0,0,0.985
1243,277,10,WC-100-08,0.47,0.165,3.0,1,0.982
1244,277,20,WC-100-02,0.47,0.19,5.0,0,0.979
1245,277,30,WC-100-04,0.47,0.215,1.0,0,0.985
1246,277,40,WC-100-06,0.47,0.24,3.0,0,0.982
1247,278,10,WC-300-01,0.55,0.19,3.0,0,0.982
1248,278,20,WC-300-03,0.55,0.215,5.0,0,0.979
1249,278,30,WC-300-05,0.55,0.24,1.0,0,0.985
1250,278,40,WC-300-07,0.55,0.265,3.0,0,0.982
1251,278,50,WC-300-01,0.55,0.29,5.0,0,0.979
1252,279,10,WC-100-02,0.63,0.215,3.0,0,0.982
1253,279,20,WC-100-04,0.63,0.24,5.0,0,0.979
1254,279,30,WC-100-06,0.63,0.265,1.0,0,0.985
1255,279,40,WC-100-08,0.63,0.29,3.0,1,0.982
1256,279,50,WC-100-02,0.63,0.315,5.0,0,0.979
1257,279,60,WC-100-04,0.63,0.34,1.0,0,0.985
1258,280,10,WC-300-03,0.15,0.24,3.0,0,0.982
1259,280,20,WC-300-05,0.15,0.265,5.0,0,0.979
1260,280,30,WC-300-07,0.15,0.29,1.0,0,0.985
1261,281,10,WC-100-04,0.23,0.265,3.0,0,0.982
1262,281,20,WC-100-06,0.23,0.29,5.0,0,0.979
1263,281,30,WC-100-08,0.23,0.315,1.0,1,0.985
1264,281,40,WC-100-02,0.23,0.34,3.0,0,0.982
1265,282,10,WC-300-05,0.31,0.29,3.0,0,0.982
1266,282,20,WC-300-07,0.31,0.315,5.0,0,0.979
1267,282,30,WC-300-01,0.31,0.34,1.0,0,0.985
1268,282,40,WC-300-03,0.31,0.04,3.0,0,0.982
1269,282,50,WC-300-05,0.31,0.065,5.0,0,0.979
1270,283,10,WC-100-06,0.39,0.315,3.0,0,0.982
1271,283,20,WC-100-08,0.39,0.34,5.0,1,0.979
1272,283,30,WC-100-02,0.39,0.04,1.0,0,0.985
1273,283,40,WC-100-04,0.39,0.065,3.0,0,0.982
1274,283,50,WC-100-06,0.39,0.09,5.0,0,0.979
1275,283,60,WC-100-08,0.39,0.115,1.0,1,0.985
1276,284,10,WC-300-07,0.47,0.34,3.0,0,0.982
1277,284,20,WC-300-01,0.47,0.04,5.0,0,0.979
1278,284,30,WC-300-03,0.47,0.065,1.0,0,0.985
1279,285,10,WC-100-08,0.55,0.04,3.0,1,0.982
1280,285,20,WC-100-02,0.55,0.065,5.0,0,0.979
1281,285,30,WC-100-04,0.55,0.09,1.0,0,0.985
1282,285,40,WC-100-06,0.55,0.115,3.0,0,0.982
1283,286,10,WC-300-01,0.63,0.065,3.0,0,0.982
1284,286,20,WC-300-03,0.63,0.09,5.0,0,0.979
1285,286,30,WC-300-05,0.63,0.115,1.0,0,0.985
1286,286,40,WC-300-07,0.63,0.14,3.0,0,0.982
1287,286,50,WC-300-01,0.63,0.165,5.0,0,0.979
1288,287,10,WC-100-02,0.15,0.09,3.0,0,0.982
1289,287,20,WC-100-04,0.15,0.115,5.0,0,0.979
1290,287,30,WC-100-06,0.15,0.14,1.0,0,0.985
1291,287,40,WC-100-08,0.15,0.165,3.0,1,0.982
1292,287,50,WC-100-02,0.15,0.19,5.0,0,0.979
1293,287,60,WC-100-04,0.15,0.215,1.0,0,0.985
1294,288,10,WC-300-03,0.23,0.115,3.0,0,0.982
1295,288,20,WC-300-05,0.23,0.14,5.0,0,0.979
1296,288,30,WC-300-07,0.23,0.165,1.0,0,0.985
1297,289,10,WC-100-04,0.31,0.14,3.0,0,0.982
1298,289,20,WC-100-06,0.31,0.165,5.0,0,0.979
1299,289,30,WC-100-08,0.31,0.19,1.0,1,0.985
1300,289,40,WC-100-02,0.31,0.215,3.0,0,0.982
1301,290,10,WC-300-05,0.39,0.165,3.0,0,0.982
1302,290,20,WC-300-07,0.39,0.19,5.0,0,0.979
1303,290,30,WC-300-01,0.39,0.215,1.0,0,0.985
1304,290,40,WC-300-03,0.39,0.24,3.0,0,0.982
1305,290,50,WC-300-05,0.39,0.265,5.0,0,0.979
1306,291,10,WC-100-06,0.47,0.19,3.0,0,0.982
1307,291,20,WC-100-08,0.47,0.215,5.0,1,0.979
1308,291,30,WC-100-02,0.47,0.24,1.0,0,0.985
1309,291,40,WC-100-04,0.47,0.265,3.0,0,0.982
1310,291,50,WC-100-06,0.47,0.29,5.0,0,0.979
1311,291,60,WC-100-08,0.47,0.315,1.0,1,0.985
1312,292,10,WC-100-07,0.55,0.215,3.0,0,0.982
1313,292,20,WC-100-01,0.55,0.24,5.0,0,0.979
1314,292,30,WC-100-03,0.55,0.265,1.0,0,0.985
1315,293,10,WC-300-08,0.63,0.24,3.0,1,0.982
1316,293,20,WC-300-02,0.63,0.265,5.0,0,0.979
1317,293,30,WC-300-04,0.63,0.29,1.0,0,0.985
1318,293,40,WC-300-06,0.63,0.315,3.0,0,0.982
1319,294,10,WC-100-01,0.15,0.265,3.0,0,0.982
1320,294,20,WC-100-03,0.15,0.29,5.0,0,0.979
1321,294,30,WC-100-05,0.15,0.315,1.0,0,0.985
1322,294,40,WC-100-07,0.15,0.34,3.0,0,0.982
1323,294,50,WC-100-01,0.15,0.04,5.0,0,0.979
1324,295,10,WC-100-02,0.23,0.29,3.0,0,0.982
1325,295,20,WC-100-04,0.23,0.315,5.0,0,0.979
1326,295,30,WC-100-06,0.23,0.34,1.0,0,0.985
1327,295,40,WC-100-08,0.23,0.04,3.0,1,0.982
1328,295,50,WC-100-02,0.23,0.065,5.0,0,0.979
1329,295,60,WC-100-04,0.23,0.09,1.0,0,0.985
1330,296,10,WC-300-03,0.31,0.315,3.0,0,0.982
1331,296,20,WC-300-05,0.31,0.34,5.0,0,0.979
1332,296,30,WC-300-07,0.31,0.04,1.0,0,0.985
1333,297,10,WC-100-04,0.39,0.34,3.0,0,0.982
1334,297,20,WC-100-06,0.39,0.04,5.0,0,0.979
1335,297,30,WC-100-08,0.39,0.065,1.0,1,0.985
1336,297,40,WC-100-02,0.39,0.09,3.0,0,0.982
1337,298,10,WC-100-05,0.47,0.04,3.0,0,0.982
1338,298,20,WC-100-07,0.47,0.065,5.0,0,0.979
1339,298,30,WC-100-01,0.47,0.09,1.0,0,0.985
1340,298,40,WC-100-03,0.47,0.115,3.0,0,0.982
1341,298,50,WC-100-05,0.47,0.14,5.0,0,0.979
1342,299,10,WC-300-06,0.55,0.065,3.0,0,0.982
1343,299,20,WC-300-08,0.55,0.09,5.0,1,0.979
1344,299,30,WC-300-02,0.55,0.115,1.0,0,0.985
1345,299,40,WC-300-04,0.55,0.14,3.0,0,0.982
1346,299,50,WC-300-06,0.55,0.165,5.0,0,0.979
1347,299,60,WC-300-08,0.55,0.19,1.0,1,0.985
1348,300,10,WC-100-07,0.63,0.09,3.0,0,0.982
1349,300,20,WC-100-01,0.63,0.115,5.0,0,0.979
1350,300,30,WC-100-03,0.63,0.14,1.0,0,0.985
1351,301,10,WC-100-08,0.15,0.115,3.0,1,0.982
1352,301,20,WC-100-02,0.15,0.14,5.0,0,0.979
1353,301,30,WC-100-04,0.15,0.165,1.0,0,0.985
1354,301,40,WC-100-06,0.15,0.19,3.0,0,0.982
1355,302,10,WC-300-01,0.23,0.14,3.0,0,0.982
1356,302,20,WC-300-03,0.23,0.165,5.0,0,0.979
1357,302,30,WC-300-05,0.23,0.19,1.0,0,0.985
1358,302,40,WC-300-07,0.23,0.215,3.0,0,0.982
1359,302,50,WC-300-01,0.23,0.24,5.0,0,0.979
1360,303,10,WC-100-02,0.31,0.165,3.0,0,0.982
1361,303,20,WC-100-04,0.31,0.19,5.0,0,0.979
1362,303,30,WC-100-06,0.31,0.215,1.0,0,0.985
1363,303,40,WC-100-08,0.31,0.24,3.0,1,0.982
1364,303,50,WC-100-02,0.31,0.265,5.0,0,0.979
1365,303,60,WC-100-04,0.31,0.29,1.0,0,0.985
1366,304,10,WC-100-03,0.39,0.19,3.0,0,0.982
1367,304,20,WC-100-05,0.39,0.215,5.0,0,0.979
1368,304,30,WC-100-07,0.39,0.24,1.0,0,0.985
1369,305,10,WC-300-04,0.47,0.215,3.0,0,0.982
1370,305,20,WC-300-06,0.47,0.24,5.0,0,0.979
1371,305,30,WC-300-08,0.47,0.265,1.0,1,0.985
1372,305,40,WC-300-02,0.47,0.29,3.0,0,0.982
1373,306,10,WC-100-05,0.55,0.24,3.0,0,0.982
1374,306,20,WC-100-07,0.55,0.265,5.0,0,0.979
1375,306,30,WC-100-01,0.55,0.29,1.0,0,0.985
1376,306,40,WC-100-03,0.55,0.315,3.0,0,0.982
1377,306,50,WC-100-05,0.55,0.34,5.0,0,0.979
1378,307,10,WC-100-06,0.63,0.265,3.0,0,0.982
1379,307,20,WC-100-08,0.63,0.29,5.0,1,0.979
1380,307,30,WC-100-02,0.63,0.315,1.0,0,0.985
1381,307,40,WC-100-04,0.63,0.34,3.0,0,0.982
1382,307,50,WC-100-06,0.63,0.04,5.0,0,0.979
1383,307,60,WC-100-08,0.63,0.065,1.0,1,0.985
1384,308,10,WC-300-07,0.15,0.29,3.0,0,0.982
1385,308,20,WC-300-01,0.15,0.315,5.0,0,0.979
1386,308,30,WC-300-03,0.15,0.34,1.0,0,0.985
1387,309,10,WC-100-08,0.23,0.315,3.0,1,0.982
1388,309,20,WC-100-02,0.23,0.34,5.0,0,0.979
1389,309,30,WC-100-04,0.23,0.04,1.0,0,0.985
1390,309,40,WC-100-06,0.23,0.065,3.0,0,0.982
1391,310,10,WC-100-01,0.31,0.34,3.0,0,0.982
1392,310,20,WC-100-03,0.31,0.04,5.0,0,0.979
1393,310,30,WC-100-05,0.31,0.065,1.0,0,0.985
1394,310,40,WC-100-07,0.31,0.09,3.0,0,0.982
1395,310,50,WC-100-01,0.31,0.115,5.0,0,0.979
1396,311,10,WC-300-02,0.39,0.04,3.0,0,0.982
1397,311,20,WC-300-04,0.39,0.065,5.0,0,0.979
1398,311,30,WC-300-06,0.39,0.09,1.0,0,0.985
1399,311,40,WC-300-08,0.39,0.115,3.0,1,0.982
1400,311,50,WC-300-02,0.39,0.14,5.0,0,0.979
1401,311,60,WC-300-04,0.39,0.165,1.0,0,0.985
1402,312,10,WC-100-03,0.47,0.065,3.0,0,0.982
1403,312,20,WC-100-05,0.47,0.09,5.0,0,0.979
1404,312,30,WC-100-07,0.47,0.115,1.0,0,0.985
1405,313,10,WC-100-04,0.55,0.09,3.0,0,0.982
1406,313,20,WC-100-06,0.55,0.115,5.0,0,0.979
1407,313,30,WC-100-08,0.55,0.14,1.0,1,0.985
1408,313,40,WC-100-02,0.55,0.165,3.0,0,0.982
1409,314,10,WC-300-05,0.63,0.115,3.0,0,0.982
1410,314,20,WC-300-07,0.63,0.14,5.0,0,0.979
1411,314,30,WC-300-01,0.63,0.165,1.0,0,0.985
1412,314,40,WC-300-03,0.63,0.19,3.0,0,0.982
1413,314,50,WC-300-05,0.63,0.215,5.0,0,0.979
1414,315,10,WC-100-06,0.15,0.14,3.0,0,0.982
1415,315,20,WC-100-08,0.15,0.165,5.0,1,0.979
1416,315,30,WC-100-02,0.15,0.19,1.0,0,0.985
1417,315,40,WC-100-04,0.15,0.215,3.0,0,0.982
1418,315,50,WC-100-06,0.15,0.24,5.0,0,0.979
1419,315,60,WC-100-08,0.15,0.265,1.0,1,0.985
1420,316,10,WC-100-07,0.23,0.165,3.0,0,0.982
1421,316,20,WC-100-01,0.23,0.19,5.0,0,0.979
1422,316,30,WC-100-03,0.23,0.215,1.0,0,0.985
1423,317,10,WC-300-08,0.31,0.19,3.0,1,0.982
1424,317,20,WC-300-02,0.31,0.215,5.0,0,0.979
1425,317,30,WC-300-04,0.31,0.24,1.0,0,0.985
1426,317,40,WC-300-06,0.31,0.265,3.0,0,0.982
1427,318,10,WC-100-01,0.39,0.215,3.0,0,0.982
1428,318,20,WC-100-03,0.39,0.24,5.0,0,0.979
1429,318,30,WC-100-05,0.39,0.265,1.0,0,0.985
1430,318,40,WC-100-07,0.39,0.29,3.0,0,0.982
1431,318,50,WC-100-01,0.39,0.315,5.0,0,0.979
1432,319,10,WC-100-02,0.47,0.24,3.0,0,0.982
1433,319,20,WC-100-04,0.47,0.265,5.0,0,0.979
1434,319,30,WC-100-06,0.47,0.29,1.0,0,0.985
1435,319,40,WC-100-08,0.47,0.315,3.0,1,0.982
1436,319,50,WC-100-02,0.47,0.34,5.0,0,0.979
1437,319,60,WC-100-04,0.47,0.04,1.0,0,0.985
1438,320,10,WC-300-03,0.55,0.265,3.0,0,0.982
1439,320,20,WC-300-05,0.55,0.29,5.0,0,0.979
1440,320,30,WC-300-07,0.55,0.315,1.0,0,0.985
1441,321,10,WC-100-04,0.63,0.29,3.0,0,0.982
1442,321,20,WC-100-06,0.63,0.315,5.0,0,0.979
1443,321,30,WC-100-08,0.63,0.34,1.0,1,0.985
1444,321,40,WC-100-02,0.63,0.04,3.0,0,0.982
1445,322,10,WC-100-05,0.15,0.315,3.0,0,0.982
1446,322,20,WC-100-07,0.15,0.34,5.0,0,0.979
1447,322,30,WC-100-01,0.15,0.04,1.0,0,0.985
1448,322,40,WC-100-03,0.15,0.065,3.0,0,0.982
1449,322,50,WC-100-05,0.15,0.09,5.0,0,0.979
1450,323,10,WC-300-06,0.23,0.34,3.0,0,0.982
1451,323,20,WC-300-08,0.23,0.04,5.0,1,0.979
1452,323,30,WC-300-02,0.23,0.065,1.0,0,0.985
1453,323,40,WC-300-04,0.23,0.09,3.0,0,0.982
1454,323,50,WC-300-06,0.23,0.115,5.0,0,0.979
1455,323,60,WC-300-08,0.23,0.14,1.0,1,0.985
1456,324,10,WC-100-07,0.31,0.04,3.0,0,0.982
1457,324,20,WC-100-01,0.31,0.065,5.0,0,0.979
1458,324,30,WC-100-03,0.31,0.09,1.0,0,0.985
1459,325,10,WC-100-08,0.39,0.065,3.0,1,0.982
1460,325,20,WC-100-02,0.39,0.09,5.0,0,0.979
1461,325,30,WC-100-04,0.39,0.115,1.0,0,0.985
1462,325,40,WC-100-06,0.39,0.14,3.0,0,0.982
1463,326,10,WC-300-01,0.47,0.09,3.0,0,0.982
1464,326,20,WC-300-03,0.47,0.115,5.0,0,0.979
1465,326,30,WC-300-05,0.47,0.14,1.0,0,0.985
1466,326,40,WC-300-07,0.47,0.165,3.0,0,0.982
1467,326,50,WC-300-01,0.47,0.19,5.0,0,0.979
1468,327,10,WC-100-02,0.55,0.115,3.0,0,0.982
1469,327,20,WC-100-04,0.55,0.14,5.0,0,0.979
1470,327,30,WC-100-06,0.55,0.165,1.0,0,0.985
1471,327,40,WC-100-08,0.55,0.19,3.0,1,0.982
1472,327,50,WC-100-02,0.55,0.215,5.0,0,0.979
1473,327,60,WC-100-04,0.55,0.24,1.0,0,0.985
1474,328,10,WC-100-03,0.63,0.14,3.0,0,0.982
1475,328,20,WC-100-05,0.63,0.165,5.0,0,0.979
1476,328,30,WC-100-07,0.63,0.19,1.0,0,0.985
1477,329,10,WC-300-04,0.15,0.165,3.0,0,0.982
1478,329,20,WC-300-06,0.15,0.19,5.0,0,0.979
1479,329,30,WC-300-08,0.15,0.215,1.0,1,0.985
1480,329,40,WC-300-02,0.15,0.24,3.0,0,0.982
1481,330,10,WC-100-05,0.23,0.19,3.0,0,0.982
1482,330,20,WC-100-07,0.23,0.215,5.0,0,0.979
1483,330,30,WC-100-01,0.23,0.24,1.0,0,0.985
1484,330,40,WC-100-03,0.23,0.265,3.0,0,0.982
1485,330,50,WC-100-05,0.23,0.29,5.0,0,0.979
1486,331,10,WC-100-06,0.31,0.215,3.0,0,0.982
1487,331,20,WC-100-08,0.31,0.24,5.0,1,0.979
1488,331,30,WC-100-02,0.31,0.265,1.0,0,0.985
1489,331,40,WC-100-04,0.31,0.29,3.0,0,0.982
1490,331,50,WC-100-06,0.31,0.315,5.0,0,0.979
1491,331,60,WC-100-08,0.31,0.34,1.0,1,0.985
1492,332,10,WC-300-07,0.39,0.24,3.0,0,0.982
1493,332,20,WC-300-01,0.39,0.265,5.0,0,0.979
1494,332,30,WC-300-03,0.39,0.29,1.0,0,0.985
1495,333,10,WC-100-08,0.47,0.265,3.0,1,0.982
1496,333,20,WC-100-02,0.47,0.29,5.0,0,0.979
1497,333,30,WC-100-04,0.47,0.315,1.0,0,0.985
1498,333,40,WC-100-06,0.47,0.34,3.0,0,0.982
1499,334,10,WC-100-01,0.55,0.29,3.0,0,0.982
1500,334,20,WC-100-03,0.55,0.315,5.0,0,0.979
1501,334,30,WC-100-05,0.55,0.34,1.0,0,0.985
1502,334,40,WC-100-07,0.55,0.04,3.0,0,0.982
1503,334,50,WC-100-01,0.55,0.065,5.0,0,0.979
1504,335,10,WC-300-02,0.63,0.315,3.0,0,0.982
1505,335,20,WC-300-04,0.63,0.34,5.0,0,0.979
1506,335,30,WC-300-06,0.63,0.04,1.0,0,0.985
1507,335,40,WC-300-08,0.63,0.065,3.0,1,0.982
1508,335,50,WC-300-02,0.63,0.09,5.0,0,0.979
1509,335,60,WC-300-04,0.63,0.115,1.0,0,0.985
1510,336,10,WC-100-03,0.15,0.34,3.0,0,0.982
1511,336,20,WC-100-05,0.15,0.04,5.0,0,0.979
1512,336,30,WC-100-07,0.15,0.065,1.0,0,0.985
1513,337,10,WC-100-04,0.23,0.04,3.0,0,0.982
1514,337,20,WC-100-06,0.23,0.065,5.0,0,0.979
1515,337,30,WC-100-08,0.23,0.09,1.0,1,0.985
1516,337,40,WC-100-02,0.23,0.115,3.0,0,0.982
1517,338,10,WC-300-05,0.31,0.065,3.0,0,0.982
1518,338,20,WC-300-07,0.31,0.09,5.0,0,0.979
1519,338,30,WC-300-01,0.31,0.115,1.0,0,0.985
1520,338,40,WC-300-03,0.31,0.14,3.0,0,0.982
1521,338,50,WC-300-05,0.31,0.165,5.0,0,0.979
1522,339,10,WC-100-06,0.39,0.09,3.0,0,0.982
1523,339,20,WC-100-08,0.39,0.115,5.0,1,0.979
1524,339,30,WC-100-02,0.39,0.14,1.0,0,0.985
1525,339,40,WC-100-04,0.39,0.165,3.0,0,0.982
1526,339,50,WC-100-06,0.39,0.19,5.0,0,0.979
1527,339,60,WC-100-08,0.39,0.215,1.0,1,0.985
1528,340,10,WC-100-07,0.47,0.115,3.0,0,0.982
1529,340,20,WC-100-01,0.47,0.14,5.0,0,0.979
1530,340,30,WC-100-03,0.47,0.165,1.0,0,0.985
1531,341,10,WC-300-08,0.55,0.14,3.0,1,0.982
1532,341,20,WC-300-02,0.55,0.165,5.0,0,0.979
1533,341,30,WC-300-04,0.55,0.19,1.0,0,0.985
1534,341,40,WC-300-06,0.55,0.215,3.0,0,0.982
1535,342,10,WC-100-01,0.63,0.165,3.0,0,0.982
1536,342,20,WC-100-03,0.63,0.19,5.0,0,0.979
1537,342,30,WC-100-05,0.63,0.215,1.0,0,0.985
1538,342,40,WC-100-07,0.63,0.24,3.0,0,0.982
1539,342,50,WC-100-01,0.63,0.265,5.0,0,0.979
1540,343,10,WC-100-02,0.15,0.19,3.0,0,0.982
1541,343,20,WC-100-04,0.15,0.215,5.0,0,0.979
1542,343,30,WC-100-06,0.15,0.24,1.0,0,0.985
1543,343,40,WC-100-08,0.15,0.265,3.0,1,0.982
1544,343,50,WC-100-02,0.15,0.29,5.0,0,0.979
1545,343,60,WC-100-04,0.15,0.315,1.0,0,0.985
1546,344,10,WC-300-03,0.23,0.215,3.0,0,0.982
1547,344,20,WC-300-05,0.23,0.24,5.0,0,0.979
1548,344,30,WC-300-07,0.23,0.265,1.0,0,0.985
1549,345,10,WC-100-04,0.31,0.24,3.0,0,0.982
1550,345,20,WC-100-06,0.31,0.265,5.0,0,0.979
1551,345,30,WC-100-08,0.31,0.29,1.0,1,0.985
1552,345,40,WC-100-02,0.31,0.315,3.0,0,0.982
1553,346,10,WC-100-05,0.39,0.265,3.0,0,0.982
1554,346,20,WC-100-07,0.39,0.29,5.0,0,0.979
1555,346,30,WC-100-01,0.39,0.315,1.0,0,0.985
1556,346,40,WC-100-03,0.39,0.34,3.0,0,0.982
1557,346,50,WC-100-05,0.39,0.04,5.0,0,0.979
1558,347,10,WC-300-06,0.47,0.29,3.0,0,0.982
1559,347,20,WC-300-08,0.47,0.315,5.0,1,0.979
1560,347,30,WC-300-02,0.47,0.34,1.0,0,0.985
1561,347,40,WC-300-04,0.47,0.04,3.0,0,0.982
1562,347,50,WC-300-06,0.47,0.065,5.0,0,0.979
1563,347,60,WC-300-08,0.47,0.09,1.0,1,0.985
1564,348,10,WC-100-07,0.55,0.315,3.0,0,0.982
1565,348,20,WC-100-01,0.55,0.34,5.0,0,0.979
1566,348,30,WC-100-03,0.55,0.04,1.0,0,0.985
1567,349,10,WC-100-08,0.63,0.34,3.0,1,0.982
1568,349,20,WC-100-02,0.63,0.04,5.0,0,0.979
1569,349,30,WC-100-04,0.63,0.065,1.0,0,0.985
1570,349,40,WC-100-06,0.63,0.09,3.0,0,0.982
1571,350,10,WC-300-01,0.15,0.04,3.0,0,0.982
1572,350,20,WC-300-03,0.15,0.065,5.0,0,0.979
1573,350,30,WC-300-05,0.15,0.09,1.0,0,0.985
1574,350,40,WC-300-07,0.15,0.115,3.0,0,0.982
1575,350,50,WC-300-01,0.15,0.14,5.0,0,0.979
